0 verbose cli /opt/homebrew/Cellar/node/23.3.0/bin/node /opt/homebrew/bin/npm
1 info using npm@8.19.4
2 info using node@v23.3.0
3 timing npm:load:whichnode Completed in 0ms
4 timing config:load:defaults Completed in 1ms
5 timing config:load:file:/opt/homebrew/lib/node_modules/npm/npmrc Completed in 0ms
6 timing config:load:builtin Completed in 0ms
7 timing config:load:cli Completed in 1ms
8 timing config:load:env Completed in 0ms
9 timing config:load:file:/Users/ibcmj/Desktop/Okta/OktaDenverHomeP/.npmrc Completed in 0ms
10 timing config:load:project Completed in 3ms
11 timing config:load:file:/Users/ibcmj/.npmrc Completed in 0ms
12 timing config:load:user Completed in 0ms
13 timing config:load:file:/opt/homebrew/etc/npmrc Completed in 0ms
14 timing config:load:global Completed in 0ms
15 timing config:load:validate Completed in 0ms
16 timing config:load:credentials Completed in 0ms
17 timing config:load:setEnvs Completed in 0ms
18 timing config:load Completed in 5ms
19 timing npm:load:configload Completed in 5ms
20 timing npm:load:mkdirpcache Completed in 1ms
21 timing npm:load:mkdirplogs Completed in 0ms
22 verbose title npm i
23 verbose argv "i"
24 timing npm:load:setTitle Completed in 2ms
25 timing config:load:flatten Completed in 1ms
26 timing npm:load:display Completed in 1ms
27 verbose logfile logs-max:10 dir:/Users/ibcmj/Desktop/Okta/OktaDenverHomeP/.npm-cache/_logs
28 verbose logfile /Users/ibcmj/Desktop/Okta/OktaDenverHomeP/.npm-cache/_logs/2025-02-27T22_41_57_230Z-debug-0.log
29 timing npm:load:logFile Completed in 2ms
30 timing npm:load:timers Completed in 0ms
31 timing npm:load:configScope Completed in 0ms
32 timing npm:load Completed in 11ms
33 timing arborist:ctor Completed in 0ms
34 silly logfile start cleaning logs, removing 1 files
35 silly logfile done cleaning log files
36 timing idealTree:init Completed in 72ms
37 timing idealTree:userRequests Completed in 0ms
38 silly idealTree buildDeps
39 timing idealTree:#root Completed in 0ms
40 timing idealTree:buildDeps Completed in 1ms
41 timing idealTree:fixDepFlags Completed in 0ms
42 timing idealTree Completed in 74ms
43 timing reify:loadTrees Completed in 77ms
44 timing reify:diffTrees Completed in 2ms
45 silly reify moves {}
46 timing reify:retireShallow Completed in 0ms
47 timing reify:createSparse Completed in 36ms
48 timing reify:loadBundles Completed in 0ms
49 silly audit bulk request {
49 silly audit   '@ampproject/remapping': [ '2.3.0' ],
49 silly audit   '@babel/code-frame': [ '7.26.2' ],
49 silly audit   '@babel/compat-data': [ '7.26.8' ],
49 silly audit   '@babel/core': [ '7.26.9' ],
49 silly audit   '@babel/generator': [ '7.26.9' ],
49 silly audit   '@babel/helper-annotate-as-pure': [ '7.25.9' ],
49 silly audit   '@babel/helper-compilation-targets': [ '7.26.5' ],
49 silly audit   '@babel/helper-create-class-features-plugin': [ '7.26.9' ],
49 silly audit   '@babel/helper-create-regexp-features-plugin': [ '7.26.3' ],
49 silly audit   '@babel/helper-define-polyfill-provider': [ '0.6.3' ],
49 silly audit   '@babel/helper-member-expression-to-functions': [ '7.25.9' ],
49 silly audit   '@babel/helper-module-imports': [ '7.25.9' ],
49 silly audit   '@babel/helper-module-transforms': [ '7.26.0' ],
49 silly audit   '@babel/helper-optimise-call-expression': [ '7.25.9' ],
49 silly audit   '@babel/helper-plugin-utils': [ '7.26.5' ],
49 silly audit   '@babel/helper-remap-async-to-generator': [ '7.25.9' ],
49 silly audit   '@babel/helper-replace-supers': [ '7.26.5' ],
49 silly audit   '@babel/helper-skip-transparent-expression-wrappers': [ '7.25.9' ],
49 silly audit   '@babel/helper-string-parser': [ '7.25.9' ],
49 silly audit   '@babel/helper-validator-identifier': [ '7.25.9' ],
49 silly audit   '@babel/helper-validator-option': [ '7.25.9' ],
49 silly audit   '@babel/helper-wrap-function': [ '7.25.9' ],
49 silly audit   '@babel/helpers': [ '7.26.9' ],
49 silly audit   '@babel/parser': [ '7.26.9' ],
49 silly audit   '@babel/plugin-bugfix-firefox-class-in-computed-class-key': [ '7.25.9' ],
49 silly audit   '@babel/plugin-bugfix-safari-class-field-initializer-scope': [ '7.25.9' ],
49 silly audit   '@babel/plugin-bugfix-safari-id-destructuring-collision-in-function-expression': [ '7.25.9' ],
49 silly audit   '@babel/plugin-bugfix-v8-spread-parameters-in-optional-chaining': [ '7.25.9' ],
49 silly audit   '@babel/plugin-bugfix-v8-static-class-fields-redefine-readonly': [ '7.25.9' ],
49 silly audit   '@babel/plugin-proposal-private-property-in-object': [ '7.21.0-placeholder-for-preset-env.2' ],
49 silly audit   '@babel/plugin-syntax-import-assertions': [ '7.26.0' ],
49 silly audit   '@babel/plugin-syntax-import-attributes': [ '7.26.0' ],
49 silly audit   '@babel/plugin-syntax-jsx': [ '7.25.9' ],
49 silly audit   '@babel/plugin-syntax-unicode-sets-regex': [ '7.18.6' ],
49 silly audit   '@babel/plugin-transform-arrow-functions': [ '7.25.9' ],
49 silly audit   '@babel/plugin-transform-async-generator-functions': [ '7.26.8' ],
49 silly audit   '@babel/plugin-transform-async-to-generator': [ '7.25.9' ],
49 silly audit   '@babel/plugin-transform-block-scoped-functions': [ '7.26.5' ],
49 silly audit   '@babel/plugin-transform-block-scoping': [ '7.25.9' ],
49 silly audit   '@babel/plugin-transform-class-properties': [ '7.25.9' ],
49 silly audit   '@babel/plugin-transform-class-static-block': [ '7.26.0' ],
49 silly audit   '@babel/plugin-transform-classes': [ '7.25.9' ],
49 silly audit   '@babel/plugin-transform-computed-properties': [ '7.25.9' ],
49 silly audit   '@babel/plugin-transform-destructuring': [ '7.25.9' ],
49 silly audit   '@babel/plugin-transform-dotall-regex': [ '7.25.9' ],
49 silly audit   '@babel/plugin-transform-duplicate-keys': [ '7.25.9' ],
49 silly audit   '@babel/plugin-transform-duplicate-named-capturing-groups-regex': [ '7.25.9' ],
49 silly audit   '@babel/plugin-transform-dynamic-import': [ '7.25.9' ],
49 silly audit   '@babel/plugin-transform-exponentiation-operator': [ '7.26.3' ],
49 silly audit   '@babel/plugin-transform-export-namespace-from': [ '7.25.9' ],
49 silly audit   '@babel/plugin-transform-for-of': [ '7.26.9' ],
49 silly audit   '@babel/plugin-transform-function-name': [ '7.25.9' ],
49 silly audit   '@babel/plugin-transform-json-strings': [ '7.25.9' ],
49 silly audit   '@babel/plugin-transform-literals': [ '7.25.9' ],
49 silly audit   '@babel/plugin-transform-logical-assignment-operators': [ '7.25.9' ],
49 silly audit   '@babel/plugin-transform-member-expression-literals': [ '7.25.9' ],
49 silly audit   '@babel/plugin-transform-modules-amd': [ '7.25.9' ],
49 silly audit   '@babel/plugin-transform-modules-commonjs': [ '7.26.3' ],
49 silly audit   '@babel/plugin-transform-modules-systemjs': [ '7.25.9' ],
49 silly audit   '@babel/plugin-transform-modules-umd': [ '7.25.9' ],
49 silly audit   '@babel/plugin-transform-named-capturing-groups-regex': [ '7.25.9' ],
49 silly audit   '@babel/plugin-transform-new-target': [ '7.25.9' ],
49 silly audit   '@babel/plugin-transform-nullish-coalescing-operator': [ '7.26.6' ],
49 silly audit   '@babel/plugin-transform-numeric-separator': [ '7.25.9' ],
49 silly audit   '@babel/plugin-transform-object-rest-spread': [ '7.25.9' ],
49 silly audit   '@babel/plugin-transform-object-super': [ '7.25.9' ],
49 silly audit   '@babel/plugin-transform-optional-catch-binding': [ '7.25.9' ],
49 silly audit   '@babel/plugin-transform-optional-chaining': [ '7.25.9' ],
49 silly audit   '@babel/plugin-transform-parameters': [ '7.25.9' ],
49 silly audit   '@babel/plugin-transform-private-methods': [ '7.25.9' ],
49 silly audit   '@babel/plugin-transform-private-property-in-object': [ '7.25.9' ],
49 silly audit   '@babel/plugin-transform-property-literals': [ '7.25.9' ],
49 silly audit   '@babel/plugin-transform-react-display-name': [ '7.25.9' ],
49 silly audit   '@babel/plugin-transform-react-jsx': [ '7.25.9' ],
49 silly audit   '@babel/plugin-transform-react-jsx-development': [ '7.25.9' ],
49 silly audit   '@babel/plugin-transform-react-pure-annotations': [ '7.25.9' ],
49 silly audit   '@babel/plugin-transform-regenerator': [ '7.25.9' ],
49 silly audit   '@babel/plugin-transform-regexp-modifiers': [ '7.26.0' ],
49 silly audit   '@babel/plugin-transform-reserved-words': [ '7.25.9' ],
49 silly audit   '@babel/plugin-transform-shorthand-properties': [ '7.25.9' ],
49 silly audit   '@babel/plugin-transform-spread': [ '7.25.9' ],
49 silly audit   '@babel/plugin-transform-sticky-regex': [ '7.25.9' ],
49 silly audit   '@babel/plugin-transform-template-literals': [ '7.26.8' ],
49 silly audit   '@babel/plugin-transform-typeof-symbol': [ '7.26.7' ],
49 silly audit   '@babel/plugin-transform-unicode-escapes': [ '7.25.9' ],
49 silly audit   '@babel/plugin-transform-unicode-property-regex': [ '7.25.9' ],
49 silly audit   '@babel/plugin-transform-unicode-regex': [ '7.25.9' ],
49 silly audit   '@babel/plugin-transform-unicode-sets-regex': [ '7.25.9' ],
49 silly audit   '@babel/preset-env': [ '7.26.9' ],
49 silly audit   '@babel/preset-modules': [ '0.1.6-no-external-plugins' ],
49 silly audit   '@babel/preset-react': [ '7.26.3' ],
49 silly audit   '@babel/runtime': [ '7.26.9' ],
49 silly audit   '@babel/template': [ '7.26.9' ],
49 silly audit   '@babel/traverse': [ '7.26.9' ],
49 silly audit   '@babel/types': [ '7.26.9' ],
49 silly audit   '@discoveryjs/json-ext': [ '0.5.7' ],
49 silly audit   '@emotion/babel-plugin': [ '11.13.5' ],
49 silly audit   'convert-source-map': [ '1.9.0', '2.0.0' ],
49 silly audit   '@emotion/cache': [ '11.14.0' ],
49 silly audit   '@emotion/hash': [ '0.9.2' ],
49 silly audit   '@emotion/is-prop-valid': [ '1.3.1', '1.2.2' ],
49 silly audit   '@emotion/memoize': [ '0.9.0', '0.8.1' ],
49 silly audit   '@emotion/react': [ '11.14.0' ],
49 silly audit   '@emotion/serialize': [ '1.3.3' ],
49 silly audit   '@emotion/sheet': [ '1.4.0' ],
49 silly audit   '@emotion/styled': [ '11.14.0' ],
49 silly audit   '@emotion/unitless': [ '0.10.0', '0.8.1' ],
49 silly audit   '@emotion/use-insertion-effect-with-fallbacks': [ '1.2.0' ],
49 silly audit   '@emotion/utils': [ '1.4.2' ],
49 silly audit   '@emotion/weak-memoize': [ '0.4.0' ],
49 silly audit   '@jridgewell/gen-mapping': [ '0.3.8' ],
49 silly audit   '@jridgewell/resolve-uri': [ '3.1.2' ],
49 silly audit   '@jridgewell/set-array': [ '1.2.1' ],
49 silly audit   '@jridgewell/source-map': [ '0.3.6' ],
49 silly audit   '@jridgewell/sourcemap-codec': [ '1.5.0' ],
49 silly audit   '@jridgewell/trace-mapping': [ '0.3.25' ],
49 silly audit   '@jsonjoy.com/base64': [ '1.1.2' ],
49 silly audit   '@jsonjoy.com/json-pack': [ '1.1.1' ],
49 silly audit   '@jsonjoy.com/util': [ '1.5.0' ],
49 silly audit   '@leichtgewicht/ip-codec': [ '2.0.5' ],
49 silly audit   '@mui/core-downloads-tracker': [ '5.16.14' ],
49 silly audit   '@mui/material': [ '5.16.14' ],
49 silly audit   '@mui/private-theming': [ '5.16.14' ],
49 silly audit   '@mui/styled-engine': [ '5.16.14' ],
49 silly audit   '@mui/system': [ '5.16.14' ],
49 silly audit   '@mui/types': [ '7.2.21' ],
49 silly audit   '@mui/utils': [ '5.16.14' ],
49 silly audit   '@popperjs/core': [ '2.11.8' ],
49 silly audit   '@remix-run/router': [ '1.22.0' ],
49 silly audit   '@types/body-parser': [ '1.19.5' ],
49 silly audit   '@types/bonjour': [ '3.5.13' ],
49 silly audit   '@types/connect': [ '3.4.38' ],
49 silly audit   '@types/connect-history-api-fallback': [ '1.5.4' ],
49 silly audit   '@types/eslint': [ '9.6.1' ],
49 silly audit   '@types/eslint-scope': [ '3.7.7' ],
49 silly audit   '@types/estree': [ '1.0.6' ],
49 silly audit   '@types/express': [ '4.17.21' ],
49 silly audit   '@types/express-serve-static-core': [ '5.0.6', '4.19.6' ],
49 silly audit   '@types/html-minifier-terser': [ '6.1.0' ],
49 silly audit   '@types/http-errors': [ '2.0.4' ],
49 silly audit   '@types/http-proxy': [ '1.17.16' ],
49 silly audit   '@types/json-schema': [ '7.0.15' ],
49 silly audit   '@types/mime': [ '1.3.5' ],
49 silly audit   '@types/node': [ '22.13.5' ],
49 silly audit   '@types/node-forge': [ '1.3.11' ],
49 silly audit   '@types/parse-json': [ '4.0.2' ],
49 silly audit   '@types/prop-types': [ '15.7.14' ],
49 silly audit   '@types/qs': [ '6.9.18' ],
49 silly audit   '@types/range-parser': [ '1.2.7' ],
49 silly audit   '@types/react': [ '19.0.10' ],
49 silly audit   '@types/react-transition-group': [ '4.4.12' ],
49 silly audit   '@types/retry': [ '0.12.2' ],
49 silly audit   '@types/send': [ '0.17.4' ],
49 silly audit   '@types/serve-index': [ '1.9.4' ],
49 silly audit   '@types/serve-static': [ '1.15.7' ],
49 silly audit   '@types/sockjs': [ '0.3.36' ],
49 silly audit   '@types/stylis': [ '4.2.5' ],
49 silly audit   '@types/ws': [ '8.5.14' ],
49 silly audit   '@webassemblyjs/ast': [ '1.14.1' ],
49 silly audit   '@webassemblyjs/floating-point-hex-parser': [ '1.13.2' ],
49 silly audit   '@webassemblyjs/helper-api-error': [ '1.13.2' ],
49 silly audit   '@webassemblyjs/helper-buffer': [ '1.14.1' ],
49 silly audit   '@webassemblyjs/helper-numbers': [ '1.13.2' ],
49 silly audit   '@webassemblyjs/helper-wasm-bytecode': [ '1.13.2' ],
49 silly audit   '@webassemblyjs/helper-wasm-section': [ '1.14.1' ],
49 silly audit   '@webassemblyjs/ieee754': [ '1.13.2' ],
49 silly audit   '@webassemblyjs/leb128': [ '1.13.2' ],
49 silly audit   '@webassemblyjs/utf8': [ '1.13.2' ],
49 silly audit   '@webassemblyjs/wasm-edit': [ '1.14.1' ],
49 silly audit   '@webassemblyjs/wasm-gen': [ '1.14.1' ],
49 silly audit   '@webassemblyjs/wasm-opt': [ '1.14.1' ],
49 silly audit   '@webassemblyjs/wasm-parser': [ '1.14.1' ],
49 silly audit   '@webassemblyjs/wast-printer': [ '1.14.1' ],
49 silly audit   '@webpack-cli/configtest': [ '2.1.1' ],
49 silly audit   '@webpack-cli/info': [ '2.0.2' ],
49 silly audit   '@webpack-cli/serve': [ '2.0.5' ],
49 silly audit   '@xtuc/ieee754': [ '1.2.0' ],
49 silly audit   '@xtuc/long': [ '4.2.2' ],
49 silly audit   accepts: [ '1.3.8' ],
49 silly audit   negotiator: [ '0.6.3', '0.6.4' ],
49 silly audit   acorn: [ '8.14.0' ],
49 silly audit   ajv: [ '8.17.1', '6.12.6' ],
49 silly audit   'ajv-formats': [ '2.1.1' ],
49 silly audit   'ajv-keywords': [ '5.1.0', '3.5.2' ],
49 silly audit   'ansi-html-community': [ '0.0.8' ],
49 silly audit   'ansi-regex': [ '5.0.1' ],
49 silly audit   anymatch: [ '3.1.3' ],
49 silly audit   'array-flatten': [ '1.1.1' ],
49 silly audit   'babel-loader': [ '9.2.1' ],
49 silly audit   'babel-plugin-macros': [ '3.1.0' ],
49 silly audit   'babel-plugin-polyfill-corejs2': [ '0.4.12' ],
49 silly audit   'babel-plugin-polyfill-corejs3': [ '0.11.1' ],
49 silly audit   'babel-plugin-polyfill-regenerator': [ '0.6.3' ],
49 silly audit   batch: [ '0.6.1' ],
49 silly audit   'big.js': [ '5.2.2' ],
49 silly audit   'binary-extensions': [ '2.3.0' ],
49 silly audit   'body-parser': [ '1.20.3' ],
49 silly audit   debug: [ '2.6.9', '4.4.0' ],
49 silly audit   ms: [ '2.0.0', '2.1.3' ],
49 silly audit   'bonjour-service': [ '1.3.0' ],
49 silly audit   boolbase: [ '1.0.0' ],
49 silly audit   braces: [ '3.0.3' ],
49 silly audit   browserslist: [ '4.24.4' ],
49 silly audit   'buffer-from': [ '1.1.2' ],
49 silly audit   'bundle-name': [ '4.1.0' ],
49 silly audit   bytes: [ '3.1.2' ],
49 silly audit   'call-bind-apply-helpers': [ '1.0.2' ],
49 silly audit   'call-bound': [ '1.0.3' ],
49 silly audit   callsites: [ '3.1.0' ],
49 silly audit   'camel-case': [ '4.1.2' ],
49 silly audit   camelize: [ '1.0.1' ],
49 silly audit   'caniuse-lite': [ '1.0.30001701' ],
49 silly audit   chokidar: [ '3.6.0' ],
49 silly audit   'chrome-trace-event': [ '1.0.4' ],
49 silly audit   'clean-css': [ '5.3.3' ],
49 silly audit   'source-map': [ '0.6.1', '0.5.7' ],
49 silly audit   'clone-deep': [ '4.0.1' ],
49 silly audit   clsx: [ '2.1.1' ],
49 silly audit   colorette: [ '2.0.20' ],
49 silly audit   commander: [ '8.3.0', '2.20.3', '10.0.1' ],
49 silly audit   'common-path-prefix': [ '3.0.0' ],
49 silly audit   compressible: [ '2.0.18' ],
49 silly audit   compression: [ '1.8.0' ],
49 silly audit   'connect-history-api-fallback': [ '2.0.0' ],
49 silly audit   'content-disposition': [ '0.5.4' ],
49 silly audit   'content-type': [ '1.0.5' ],
49 silly audit   cookie: [ '0.7.1' ],
49 silly audit   'cookie-signature': [ '1.0.6' ],
49 silly audit   'core-js-compat': [ '3.40.0' ],
49 silly audit   'core-util-is': [ '1.0.3' ],
49 silly audit   cosmiconfig: [ '7.1.0' ],
49 silly audit   'cross-spawn': [ '7.0.6' ],
49 silly audit   'css-color-keywords': [ '1.0.0' ],
49 silly audit   'css-loader': [ '6.11.0' ],
49 silly audit   semver: [ '7.7.1', '6.3.1' ],
49 silly audit   'css-select': [ '4.3.0' ],
49 silly audit   'css-to-react-native': [ '3.2.0' ],
49 silly audit   'css-what': [ '6.1.0' ],
49 silly audit   cssesc: [ '3.0.0' ],
49 silly audit   csstype: [ '3.1.3' ],
49 silly audit   'default-browser': [ '5.2.1' ],
49 silly audit   'default-browser-id': [ '5.0.0' ],
49 silly audit   'define-lazy-prop': [ '3.0.0' ],
49 silly audit   depd: [ '2.0.0', '1.1.2' ],
49 silly audit   destroy: [ '1.2.0' ],
49 silly audit   'detect-node': [ '2.1.0' ],
49 silly audit   'dns-packet': [ '5.6.1' ],
49 silly audit   'dom-converter': [ '0.2.0' ],
49 silly audit   'dom-helpers': [ '5.2.1' ],
49 silly audit   'dom-serializer': [ '1.4.1' ],
49 silly audit   domelementtype: [ '2.3.0' ],
49 silly audit   domhandler: [ '4.3.1' ],
49 silly audit   domutils: [ '2.8.0' ],
49 silly audit   'dot-case': [ '3.0.4' ],
49 silly audit   'dunder-proto': [ '1.0.1' ],
49 silly audit   'ee-first': [ '1.1.1' ],
49 silly audit   'electron-to-chromium': [ '1.5.107' ],
49 silly audit   'emojis-list': [ '3.0.0' ],
49 silly audit   encodeurl: [ '2.0.0', '1.0.2' ],
49 silly audit   'enhanced-resolve': [ '5.18.1' ],
49 silly audit   entities: [ '2.2.0' ],
49 silly audit   envinfo: [ '7.14.0' ],
49 silly audit   'error-ex': [ '1.3.2' ],
49 silly audit   'es-define-property': [ '1.0.1' ],
49 silly audit   'es-errors': [ '1.3.0' ],
49 silly audit   'es-module-lexer': [ '1.6.0' ],
49 silly audit   'es-object-atoms': [ '1.1.1' ],
49 silly audit   escalade: [ '3.2.0' ],
49 silly audit   'escape-html': [ '1.0.3' ],
49 silly audit   'escape-string-regexp': [ '4.0.0' ],
49 silly audit   'eslint-scope': [ '5.1.1' ],
49 silly audit   esrecurse: [ '4.3.0' ],
49 silly audit   estraverse: [ '5.3.0', '4.3.0' ],
49 silly audit   esutils: [ '2.0.3' ],
49 silly audit   etag: [ '1.8.1' ],
49 silly audit   eventemitter3: [ '4.0.7' ],
49 silly audit   events: [ '3.3.0' ],
49 silly audit   express: [ '4.21.2' ],
49 silly audit   'fast-deep-equal': [ '3.1.3' ],
49 silly audit   'fast-json-stable-stringify': [ '2.1.0' ],
49 silly audit   'fast-uri': [ '3.0.6' ],
49 silly audit   'fastest-levenshtein': [ '1.0.16' ],
49 silly audit   'faye-websocket': [ '0.11.4' ],
49 silly audit   'file-loader': [ '6.2.0' ],
49 silly audit   'json-schema-traverse': [ '0.4.1', '1.0.0' ],
49 silly audit   'schema-utils': [ '3.3.0', '4.3.0' ],
49 silly audit   'fill-range': [ '7.1.1' ],
49 silly audit   finalhandler: [ '1.3.1' ],
49 silly audit   'find-cache-dir': [ '4.0.0' ],
49 silly audit   'find-root': [ '1.1.0' ],
49 silly audit   'find-up': [ '6.3.0', '4.1.0' ],
49 silly audit   flat: [ '5.0.2' ],
49 silly audit   'follow-redirects': [ '1.15.9' ],
49 silly audit   forwarded: [ '0.2.0' ],
49 silly audit   fresh: [ '0.5.2' ],
49 silly audit   fsevents: [ '2.3.3' ],
49 silly audit   'function-bind': [ '1.1.2' ],
49 silly audit   gensync: [ '1.0.0-beta.2' ],
49 silly audit   'get-intrinsic': [ '1.3.0' ],
49 silly audit   'get-proto': [ '1.0.1' ],
49 silly audit   'glob-parent': [ '5.1.2' ],
49 silly audit   'glob-to-regexp': [ '0.4.1' ],
49 silly audit   globals: [ '11.12.0' ],
49 silly audit   gopd: [ '1.2.0' ],
49 silly audit   'graceful-fs': [ '4.2.11' ],
49 silly audit   'handle-thing': [ '2.0.1' ],
49 silly audit   'has-flag': [ '4.0.0' ],
49 silly audit   'has-symbols': [ '1.1.0' ],
49 silly audit   hasown: [ '2.0.2' ],
49 silly audit   he: [ '1.2.0' ],
49 silly audit   'hoist-non-react-statics': [ '3.3.2' ],
49 silly audit   'react-is': [ '16.13.1', '19.0.0' ],
49 silly audit   'hpack.js': [ '2.1.6' ],
49 silly audit   'readable-stream': [ '2.3.8', '3.6.2' ],
49 silly audit   'safe-buffer': [ '5.1.2', '5.2.1' ],
49 silly audit   string_decoder: [ '1.1.1', '1.3.0' ],
49 silly audit   'html-minifier-terser': [ '6.1.0' ],
49 silly audit   'html-webpack-plugin': [ '5.6.3' ],
49 silly audit   htmlparser2: [ '6.1.0' ],
49 silly audit   'http-deceiver': [ '1.2.7' ],
49 silly audit   'http-errors': [ '2.0.0', '1.6.3' ],
49 silly audit   'http-parser-js': [ '0.5.9' ],
49 silly audit   'http-proxy': [ '1.18.1' ],
49 silly audit   'http-proxy-middleware': [ '2.0.7' ],
49 silly audit   hyperdyperid: [ '1.2.0' ],
49 silly audit   'iconv-lite': [ '0.4.24' ],
49 silly audit   'icss-utils': [ '5.1.0' ],
49 silly audit   'import-fresh': [ '3.3.1' ],
49 silly audit   'import-local': [ '3.2.0' ],
49 silly audit   'locate-path': [ '5.0.0', '7.2.0' ],
49 silly audit   'p-limit': [ '2.3.0', '4.0.0' ],
49 silly audit   'p-locate': [ '4.1.0', '6.0.0' ],
49 silly audit   'path-exists': [ '4.0.0', '5.0.0' ],
49 silly audit   'pkg-dir': [ '4.2.0', '7.0.0' ],
49 silly audit   inherits: [ '2.0.4', '2.0.3' ],
49 silly audit   interpret: [ '3.1.1' ],
49 silly audit   'ipaddr.js': [ '2.2.0', '1.9.1' ],
49 silly audit   'is-arrayish': [ '0.2.1' ],
49 silly audit   'is-binary-path': [ '2.1.0' ],
49 silly audit   'is-core-module': [ '2.16.1' ],
49 silly audit   'is-docker': [ '3.0.0' ],
49 silly audit   'is-extglob': [ '2.1.1' ],
49 silly audit   'is-glob': [ '4.0.3' ],
49 silly audit   'is-inside-container': [ '1.0.0' ],
49 silly audit   'is-network-error': [ '1.1.0' ],
49 silly audit   'is-number': [ '7.0.0' ],
49 silly audit   'is-plain-obj': [ '3.0.0' ],
49 silly audit   'is-plain-object': [ '2.0.4' ],
49 silly audit   'is-wsl': [ '3.1.0' ],
49 silly audit   isarray: [ '1.0.0' ],
49 silly audit   isexe: [ '2.0.0' ],
49 silly audit   isobject: [ '3.0.1' ],
49 silly audit   'jest-worker': [ '27.5.1' ],
49 silly audit   'js-tokens': [ '4.0.0' ],
49 silly audit   jsesc: [ '3.1.0', '3.0.2' ],
49 silly audit   'json-parse-even-better-errors': [ '2.3.1' ],
49 silly audit   json5: [ '2.2.3' ],
49 silly audit   'kind-of': [ '6.0.3' ],
49 silly audit   'launch-editor': [ '2.10.0' ],
49 silly audit   'lines-and-columns': [ '1.2.4' ],
49 silly audit   'loader-runner': [ '4.3.0' ],
49 silly audit   'loader-utils': [ '2.0.4' ],
49 silly audit   lodash: [ '4.17.21' ],
49 silly audit   'lodash.debounce': [ '4.0.8' ],
49 silly audit   'loose-envify': [ '1.4.0' ],
49 silly audit   'lower-case': [ '2.0.2' ],
49 silly audit   'lru-cache': [ '5.1.1' ],
49 silly audit   'math-intrinsics': [ '1.1.0' ],
49 silly audit   'media-typer': [ '0.3.0' ],
49 silly audit   memfs: [ '4.17.0' ],
49 silly audit   'merge-descriptors': [ '1.0.3' ],
49 silly audit   'merge-stream': [ '2.0.0' ],
49 silly audit   methods: [ '1.1.2' ],
49 silly audit   micromatch: [ '4.0.8' ],
49 silly audit   mime: [ '1.6.0' ],
49 silly audit   'mime-db': [ '1.52.0' ],
49 silly audit   'mime-types': [ '2.1.35' ],
49 silly audit   'minimalistic-assert': [ '1.0.1' ],
49 silly audit   'multicast-dns': [ '7.2.5' ],
49 silly audit   nanoid: [ '3.3.8' ],
49 silly audit   'neo-async': [ '2.6.2' ],
49 silly audit   'no-case': [ '3.0.4' ],
49 silly audit   'node-forge': [ '1.3.1' ],
49 silly audit   'node-releases': [ '2.0.19' ],
49 silly audit   'normalize-path': [ '3.0.0' ],
49 silly audit   'nth-check': [ '2.1.1' ],
49 silly audit   'object-assign': [ '4.1.1' ],
49 silly audit   'object-inspect': [ '1.13.4' ],
49 silly audit   obuf: [ '1.1.2' ],
49 silly audit   'on-finished': [ '2.4.1' ],
49 silly audit   'on-headers': [ '1.0.2' ],
49 silly audit   open: [ '10.1.0' ],
49 silly audit   'p-retry': [ '6.2.1' ],
49 silly audit   'p-try': [ '2.2.0' ],
49 silly audit   'param-case': [ '3.0.4' ],
49 silly audit   'parent-module': [ '1.0.1' ],
49 silly audit   'parse-json': [ '5.2.0' ],
49 silly audit   parseurl: [ '1.3.3' ],
49 silly audit   'pascal-case': [ '3.1.2' ],
49 silly audit   'path-key': [ '3.1.1' ],
49 silly audit   'path-parse': [ '1.0.7' ],
49 silly audit   'path-to-regexp': [ '0.1.12' ],
49 silly audit   'path-type': [ '4.0.0' ],
49 silly audit   picocolors: [ '1.1.1' ],
49 silly audit   picomatch: [ '2.3.1' ],
49 silly audit   postcss: [ '8.5.3', '8.4.49' ],
49 silly audit   'postcss-modules-extract-imports': [ '3.1.0' ],
49 silly audit   'postcss-modules-local-by-default': [ '4.2.0' ],
49 silly audit   'postcss-modules-scope': [ '3.2.1' ],
49 silly audit   'postcss-modules-values': [ '4.0.0' ],
49 silly audit   'postcss-selector-parser': [ '7.1.0' ],
49 silly audit   'postcss-value-parser': [ '4.2.0' ],
49 silly audit   'pretty-error': [ '4.0.0' ],
49 silly audit   'process-nextick-args': [ '2.0.1' ],
49 silly audit   'prop-types': [ '15.8.1' ],
49 silly audit   'proxy-addr': [ '2.0.7' ],
49 silly audit   punycode: [ '2.3.1' ],
49 silly audit   qs: [ '6.13.0' ],
49 silly audit   randombytes: [ '2.1.0' ],
49 silly audit   'range-parser': [ '1.2.1' ],
49 silly audit   'raw-body': [ '2.5.2' ],
49 silly audit   react: [ '18.3.1' ],
49 silly audit   'react-dom': [ '18.3.1' ],
49 silly audit   'react-router': [ '6.29.0' ],
49 silly audit   'react-router-dom': [ '6.29.0' ],
49 silly audit   'react-transition-group': [ '4.4.5' ],
49 silly audit   readdirp: [ '3.6.0' ],
49 silly audit   rechoir: [ '0.8.0' ],
49 silly audit   regenerate: [ '1.4.2' ],
49 silly audit   'regenerate-unicode-properties': [ '10.2.0' ],
49 silly audit   'regenerator-runtime': [ '0.14.1' ],
49 silly audit   'regenerator-transform': [ '0.15.2' ],
49 silly audit   'regexpu-core': [ '6.2.0' ],
49 silly audit   regjsgen: [ '0.8.0' ],
49 silly audit   regjsparser: [ '0.12.0' ],
49 silly audit   relateurl: [ '0.2.7' ],
49 silly audit   renderkid: [ '3.0.0' ],
49 silly audit   'require-from-string': [ '2.0.2' ],
49 silly audit   'requires-port': [ '1.0.0' ],
49 silly audit   resolve: [ '1.22.10' ],
49 silly audit   'resolve-cwd': [ '3.0.0' ],
49 silly audit   'resolve-from': [ '5.0.0', '4.0.0' ],
49 silly audit   retry: [ '0.13.1' ],
49 silly audit   'run-applescript': [ '7.0.0' ],
49 silly audit   'safer-buffer': [ '2.1.2' ],
49 silly audit   scheduler: [ '0.23.2' ],
49 silly audit   'select-hose': [ '2.0.0' ],
49 silly audit   selfsigned: [ '2.4.1' ],
49 silly audit   send: [ '0.19.0' ],
49 silly audit   'serialize-javascript': [ '6.0.2' ],
49 silly audit   'serve-index': [ '1.9.1' ],
49 silly audit   setprototypeof: [ '1.1.0', '1.2.0' ],
49 silly audit   statuses: [ '1.5.0', '2.0.1' ],
49 silly audit   'serve-static': [ '1.16.2' ],
49 silly audit   'shallow-clone': [ '3.0.1' ],
49 silly audit   shallowequal: [ '1.1.0' ],
49 silly audit   'shebang-command': [ '2.0.0' ],
49 silly audit   'shebang-regex': [ '3.0.0' ],
49 silly audit   'shell-quote': [ '1.8.2' ],
49 silly audit   'side-channel': [ '1.1.0' ],
49 silly audit   'side-channel-list': [ '1.0.0' ],
49 silly audit   'side-channel-map': [ '1.0.1' ],
49 silly audit   'side-channel-weakmap': [ '1.0.2' ],
49 silly audit   sockjs: [ '0.3.24' ],
49 silly audit   'source-map-js': [ '1.2.1' ],
49 silly audit   'source-map-support': [ '0.5.21' ],
49 silly audit   spdy: [ '4.0.2' ],
49 silly audit   'spdy-transport': [ '3.0.0' ],
49 silly audit   'strip-ansi': [ '6.0.1' ],
49 silly audit   'style-loader': [ '3.3.4' ],
49 silly audit   'styled-components': [ '6.1.15' ],
49 silly audit   stylis: [ '4.3.2', '4.2.0' ],
49 silly audit   tslib: [ '2.6.2', '2.8.1' ],
49 silly audit   'supports-color': [ '8.1.1' ],
49 silly audit   'supports-preserve-symlinks-flag': [ '1.0.0' ],
49 silly audit   tapable: [ '2.2.1' ],
49 silly audit   terser: [ '5.39.0' ],
49 silly audit   'terser-webpack-plugin': [ '5.3.11' ],
49 silly audit   thingies: [ '1.21.0' ],
49 silly audit   thunky: [ '1.1.0' ],
49 silly audit   'to-regex-range': [ '5.0.1' ],
49 silly audit   toidentifier: [ '1.0.1' ],
49 silly audit   'tree-dump': [ '1.0.2' ],
49 silly audit   'type-is': [ '1.6.18' ],
49 silly audit   'undici-types': [ '6.20.0' ],
49 silly audit   'unicode-canonical-property-names-ecmascript': [ '2.0.1' ],
49 silly audit   'unicode-match-property-ecmascript': [ '2.0.0' ],
49 silly audit   'unicode-match-property-value-ecmascript': [ '2.2.0' ],
49 silly audit   'unicode-property-aliases-ecmascript': [ '2.1.0' ],
49 silly audit   unpipe: [ '1.0.0' ],
49 silly audit   'update-browserslist-db': [ '1.1.3' ],
49 silly audit   'uri-js': [ '4.4.1' ],
49 silly audit   'url-loader': [ '4.1.1' ],
49 silly audit   'util-deprecate': [ '1.0.2' ],
49 silly audit   utila: [ '0.4.0' ],
49 silly audit   'utils-merge': [ '1.0.1' ],
49 silly audit   uuid: [ '8.3.2' ],
49 silly audit   vary: [ '1.1.2' ],
49 silly audit   watchpack: [ '2.4.2' ],
49 silly audit   wbuf: [ '1.7.3' ],
49 silly audit   webpack: [ '5.98.0' ],
49 silly audit   'webpack-cli': [ '5.1.4' ],
49 silly audit   'webpack-dev-middleware': [ '7.4.2' ],
49 silly audit   'webpack-dev-server': [ '5.2.0' ],
49 silly audit   'webpack-merge': [ '5.10.0' ],
49 silly audit   'webpack-sources': [ '3.2.3' ],
49 silly audit   'websocket-driver': [ '0.7.4' ],
49 silly audit   'websocket-extensions': [ '0.1.4' ],
49 silly audit   which: [ '2.0.2' ],
49 silly audit   wildcard: [ '2.0.1' ],
49 silly audit   ws: [ '8.18.1' ],
49 silly audit   yallist: [ '3.1.1' ],
49 silly audit   yaml: [ '1.10.2' ],
49 silly audit   'yocto-queue': [ '1.1.1' ]
49 silly audit }
50 silly tarball no local data for fsevents@https://registry.npmjs.org/fsevents/-/fsevents-2.3.3.tgz. Extracting by manifest.
51 timing reifyNode:node_modules/boolbase Completed in 377ms
52 timing reifyNode:node_modules/@mui/core-downloads-tracker Completed in 379ms
53 timing reifyNode:node_modules/unicode-property-aliases-ecmascript Completed in 398ms
54 timing reifyNode:node_modules/unicode-match-property-ecmascript Completed in 398ms
55 timing reifyNode:node_modules/unicode-canonical-property-names-ecmascript Completed in 398ms
56 timing reifyNode:node_modules/shebang-command Completed in 398ms
57 timing reifyNode:node_modules/shallow-clone Completed in 398ms
58 timing reifyNode:node_modules/resolve-from Completed in 398ms
59 timing reifyNode:node_modules/require-from-string Completed in 398ms
60 timing reifyNode:node_modules/regjsgen Completed in 397ms
61 timing reifyNode:node_modules/process-nextick-args Completed in 398ms
62 timing reifyNode:node_modules/path-to-regexp Completed in 397ms
63 timing reifyNode:node_modules/path-parse Completed in 397ms
64 timing reifyNode:node_modules/parent-module Completed in 397ms
65 timing reifyNode:node_modules/parse-json Completed in 398ms
66 timing reifyNode:node_modules/object-assign Completed in 398ms
67 timing reifyNode:node_modules/normalize-path Completed in 397ms
68 timing reifyNode:node_modules/ms Completed in 397ms
69 timing reifyNode:node_modules/minimalistic-assert Completed in 397ms
70 timing reifyNode:node_modules/merge-stream Completed in 397ms
71 timing reifyNode:node_modules/is-number Completed in 397ms
72 timing reifyNode:node_modules/is-extglob Completed in 397ms
73 timing reifyNode:node_modules/find-cache-dir Completed in 397ms
74 timing reifyNode:node_modules/escape-html Completed in 396ms
75 timing reifyNode:node_modules/error-ex Completed in 396ms
76 timing reifyNode:node_modules/encodeurl Completed in 396ms
77 timing reifyNode:node_modules/ee-first Completed in 398ms
78 timing reifyNode:node_modules/destroy Completed in 397ms
79 timing reifyNode:node_modules/default-browser-id Completed in 397ms
80 timing reifyNode:node_modules/clone-deep Completed in 397ms
81 timing reifyNode:node_modules/bundle-name Completed in 396ms
82 timing reifyNode:node_modules/buffer-from Completed in 396ms
83 timing reifyNode:node_modules/array-flatten Completed in 397ms
84 timing reifyNode:node_modules/@types/stylis Completed in 396ms
85 timing reifyNode:node_modules/@types/sockjs Completed in 396ms
86 timing reifyNode:node_modules/@types/serve-static Completed in 396ms
87 timing reifyNode:node_modules/@types/serve-index Completed in 397ms
88 timing reifyNode:node_modules/@types/send Completed in 397ms
89 timing reifyNode:node_modules/@types/range-parser Completed in 397ms
90 timing reifyNode:node_modules/@types/qs Completed in 397ms
91 timing reifyNode:node_modules/@types/prop-types Completed in 397ms
92 timing reifyNode:node_modules/@types/parse-json Completed in 397ms
93 timing reifyNode:node_modules/@types/http-proxy Completed in 396ms
94 timing reifyNode:node_modules/@types/retry Completed in 397ms
95 timing reifyNode:node_modules/@types/http-errors Completed in 396ms
96 timing reifyNode:node_modules/@types/html-minifier-terser Completed in 396ms
97 timing reifyNode:node_modules/@types/express Completed in 396ms
98 timing reifyNode:node_modules/@types/eslint-scope Completed in 397ms
99 timing reifyNode:node_modules/@types/connect Completed in 397ms
100 timing reifyNode:node_modules/@types/bonjour Completed in 397ms
101 timing reifyNode:node_modules/@types/connect-history-api-fallback Completed in 397ms
102 timing reifyNode:node_modules/@types/body-parser Completed in 397ms
103 timing reifyNode:node_modules/serve-index/node_modules/ms Completed in 413ms
104 timing reifyNode:node_modules/send/node_modules/debug/node_modules/ms Completed in 413ms
105 timing reifyNode:node_modules/finalhandler/node_modules/ms Completed in 408ms
106 timing reifyNode:node_modules/express/node_modules/ms Completed in 407ms
107 timing reifyNode:node_modules/compression/node_modules/ms Completed in 406ms
108 timing reifyNode:node_modules/body-parser/node_modules/ms Completed in 406ms
109 timing reifyNode:node_modules/yocto-queue Completed in 418ms
110 timing reifyNode:node_modules/@emotion/babel-plugin/node_modules/convert-source-map Completed in 403ms
111 timing reifyNode:node_modules/utils-merge Completed in 417ms
112 timing reifyNode:node_modules/unpipe Completed in 417ms
113 timing reifyNode:node_modules/vary Completed in 418ms
114 timing reifyNode:node_modules/type-is Completed in 417ms
115 timing reifyNode:node_modules/toidentifier Completed in 417ms
116 timing reifyNode:node_modules/to-regex-range Completed in 417ms
117 timing reifyNode:node_modules/strip-ansi Completed in 417ms
118 timing reifyNode:node_modules/supports-color Completed in 418ms
119 timing reifyNode:node_modules/shebang-regex Completed in 417ms
120 timing reifyNode:node_modules/serialize-javascript Completed in 416ms
121 timing reifyNode:node_modules/run-applescript Completed in 416ms
122 timing reifyNode:node_modules/resolve-cwd Completed in 417ms
123 timing reifyNode:node_modules/range-parser Completed in 416ms
124 timing reifyNode:node_modules/pkg-dir Completed in 416ms
125 timing reifyNode:node_modules/path-type Completed in 416ms
126 timing reifyNode:node_modules/path-key Completed in 416ms
127 timing reifyNode:node_modules/parseurl Completed in 416ms
128 timing reifyNode:node_modules/path-exists Completed in 416ms
129 timing reifyNode:node_modules/p-try Completed in 416ms
130 timing reifyNode:node_modules/p-locate Completed in 416ms
131 timing reifyNode:node_modules/p-limit Completed in 416ms
132 timing reifyNode:node_modules/on-headers Completed in 416ms
133 timing reifyNode:node_modules/methods Completed in 415ms
134 timing reifyNode:node_modules/merge-descriptors Completed in 415ms
135 timing reifyNode:node_modules/media-typer Completed in 415ms
136 timing reifyNode:node_modules/lru-cache Completed in 415ms
137 timing reifyNode:node_modules/lodash.debounce Completed in 415ms
138 timing reifyNode:node_modules/locate-path Completed in 415ms
139 timing reifyNode:node_modules/json-parse-even-better-errors Completed in 414ms
140 timing reifyNode:node_modules/isobject Completed in 414ms
141 timing reifyNode:node_modules/is-wsl Completed in 414ms
142 timing reifyNode:node_modules/is-plain-object Completed in 415ms
143 timing reifyNode:node_modules/is-plain-obj Completed in 415ms
144 timing reifyNode:node_modules/is-glob Completed in 415ms
145 timing reifyNode:node_modules/is-network-error Completed in 415ms
146 timing reifyNode:node_modules/is-binary-path Completed in 415ms
147 timing reifyNode:node_modules/http-parser-js Completed in 414ms
148 timing reifyNode:node_modules/inherits Completed in 415ms
149 timing reifyNode:node_modules/http-errors Completed in 414ms
150 timing reifyNode:node_modules/import-fresh Completed in 414ms
151 timing reifyNode:node_modules/glob-parent Completed in 413ms
152 timing reifyNode:node_modules/has-flag Completed in 413ms
153 timing reifyNode:node_modules/forwarded Completed in 413ms
154 timing reifyNode:node_modules/fill-range Completed in 413ms
155 timing reifyNode:node_modules/etag Completed in 412ms
156 timing reifyNode:node_modules/fresh Completed in 413ms
157 timing reifyNode:node_modules/escape-string-regexp Completed in 412ms
158 timing reifyNode:node_modules/define-lazy-prop Completed in 412ms
159 timing reifyNode:node_modules/css-color-keywords Completed in 412ms
160 timing reifyNode:node_modules/core-util-is Completed in 412ms
161 timing reifyNode:node_modules/cookie-signature Completed in 412ms
162 timing reifyNode:node_modules/convert-source-map Completed in 412ms
163 timing reifyNode:node_modules/content-type Completed in 412ms
164 timing reifyNode:node_modules/compressible Completed in 412ms
165 timing reifyNode:node_modules/connect-history-api-fallback Completed in 412ms
166 timing reifyNode:node_modules/common-path-prefix Completed in 412ms
167 timing reifyNode:node_modules/callsites Completed in 411ms
168 timing reifyNode:node_modules/bytes Completed in 412ms
169 timing reifyNode:node_modules/ansi-regex Completed in 412ms
170 timing reifyNode:node_modules/anymatch Completed in 412ms
171 timing reifyNode:node_modules/accepts Completed in 412ms
172 timing reifyNode:node_modules/@mui/types Completed in 413ms
173 timing reifyNode:node_modules/@babel/plugin-syntax-unicode-sets-regex Completed in 413ms
174 timing reifyNode:node_modules/serve-index/node_modules/setprototypeof Completed in 430ms
175 timing reifyNode:node_modules/serve-index/node_modules/inherits Completed in 429ms
176 timing reifyNode:node_modules/resolve-cwd/node_modules/resolve-from Completed in 429ms
177 timing reifyNode:node_modules/send/node_modules/encodeurl Completed in 429ms
178 timing reifyNode:node_modules/import-local/node_modules/pkg-dir Completed in 424ms
179 timing reifyNode:node_modules/import-local/node_modules/p-locate Completed in 424ms
180 timing reifyNode:node_modules/import-local/node_modules/path-exists Completed in 425ms
181 timing reifyNode:node_modules/import-local/node_modules/locate-path Completed in 425ms
182 timing reifyNode:node_modules/import-local/node_modules/find-up Completed in 425ms
183 timing reifyNode:node_modules/import-local/node_modules/p-limit Completed in 425ms
184 timing reifyNode:node_modules/yallist Completed in 433ms
185 timing reifyNode:node_modules/wbuf Completed in 433ms
186 timing reifyNode:node_modules/util-deprecate Completed in 432ms
187 timing reifyNode:node_modules/string_decoder Completed in 432ms
188 timing reifyNode:node_modules/shallowequal Completed in 432ms
189 timing reifyNode:node_modules/proxy-addr Completed in 431ms
190 timing reifyNode:node_modules/postcss-modules-extract-imports Completed in 430ms
191 timing reifyNode:node_modules/postcss-modules-values Completed in 430ms
192 timing reifyNode:node_modules/p-retry Completed in 430ms
193 timing reifyNode:node_modules/on-finished Completed in 430ms
194 timing reifyNode:node_modules/js-tokens Completed in 430ms
195 timing reifyNode:node_modules/lines-and-columns Completed in 430ms
196 timing reifyNode:node_modules/kind-of Completed in 430ms
197 timing reifyNode:node_modules/is-inside-container Completed in 430ms
198 timing reifyNode:node_modules/interpret Completed in 430ms
199 timing reifyNode:node_modules/is-docker Completed in 430ms
200 timing reifyNode:node_modules/glob-to-regexp Completed in 429ms
201 timing reifyNode:node_modules/find-up Completed in 429ms
202 timing reifyNode:node_modules/esrecurse Completed in 428ms
203 timing reifyNode:node_modules/detect-node Completed in 427ms
204 timing reifyNode:node_modules/default-browser Completed in 427ms
205 timing reifyNode:node_modules/@webpack-cli/serve Completed in 427ms
206 timing reifyNode:node_modules/@webpack-cli/info Completed in 427ms
207 timing reifyNode:node_modules/@webpack-cli/configtest Completed in 428ms
208 timing reifyNode:node_modules/@webassemblyjs/helper-api-error Completed in 428ms
209 timing reifyNode:node_modules/@types/json-schema Completed in 428ms
210 timing reifyNode:node_modules/@types/mime Completed in 428ms
211 timing reifyNode:node_modules/@types/express-serve-static-core Completed in 427ms
212 timing reifyNode:node_modules/@babel/preset-react Completed in 427ms
213 timing reifyNode:node_modules/@babel/plugin-transform-unicode-regex Completed in 427ms
214 timing reifyNode:node_modules/@babel/plugin-transform-unicode-sets-regex Completed in 427ms
215 timing reifyNode:node_modules/@babel/plugin-transform-unicode-property-regex Completed in 427ms
216 timing reifyNode:node_modules/@babel/plugin-transform-unicode-escapes Completed in 427ms
217 timing reifyNode:node_modules/@babel/plugin-transform-typeof-symbol Completed in 427ms
218 timing reifyNode:node_modules/@babel/plugin-transform-sticky-regex Completed in 427ms
219 timing reifyNode:node_modules/@babel/plugin-transform-reserved-words Completed in 427ms
220 timing reifyNode:node_modules/@babel/plugin-transform-shorthand-properties Completed in 427ms
221 timing reifyNode:node_modules/@babel/plugin-transform-regenerator Completed in 427ms
222 timing reifyNode:node_modules/@babel/plugin-transform-react-pure-annotations Completed in 427ms
223 timing reifyNode:node_modules/@babel/plugin-transform-react-jsx-development Completed in 427ms
224 timing reifyNode:node_modules/@babel/plugin-transform-regexp-modifiers Completed in 427ms
225 timing reifyNode:node_modules/@babel/plugin-transform-property-literals Completed in 426ms
226 timing reifyNode:node_modules/@babel/plugin-transform-private-methods Completed in 426ms
227 timing reifyNode:node_modules/@babel/plugin-transform-react-display-name Completed in 426ms
228 timing reifyNode:node_modules/@babel/plugin-transform-optional-catch-binding Completed in 426ms
229 timing reifyNode:node_modules/@babel/plugin-transform-numeric-separator Completed in 427ms
230 timing reifyNode:node_modules/@babel/plugin-transform-new-target Completed in 427ms
231 timing reifyNode:node_modules/@babel/plugin-transform-nullish-coalescing-operator Completed in 427ms
232 timing reifyNode:node_modules/@babel/plugin-transform-named-capturing-groups-regex Completed in 427ms
233 timing reifyNode:node_modules/@babel/plugin-transform-object-super Completed in 427ms
234 timing reifyNode:node_modules/@babel/plugin-transform-logical-assignment-operators Completed in 427ms
235 timing reifyNode:node_modules/@babel/plugin-transform-member-expression-literals Completed in 427ms
236 timing reifyNode:node_modules/@babel/plugin-transform-function-name Completed in 427ms
237 timing reifyNode:node_modules/@babel/plugin-transform-export-namespace-from Completed in 427ms
238 timing reifyNode:node_modules/@babel/plugin-transform-json-strings Completed in 427ms
239 timing reifyNode:node_modules/@babel/plugin-transform-literals Completed in 427ms
240 timing reifyNode:node_modules/@babel/plugin-transform-duplicate-named-capturing-groups-regex Completed in 427ms
241 timing reifyNode:node_modules/@babel/plugin-transform-dynamic-import Completed in 427ms
242 timing reifyNode:node_modules/@babel/plugin-transform-duplicate-keys Completed in 426ms
243 timing reifyNode:node_modules/@babel/plugin-transform-dotall-regex Completed in 426ms
244 timing reifyNode:node_modules/@babel/plugin-transform-class-static-block Completed in 426ms
245 timing reifyNode:node_modules/@babel/plugin-transform-class-properties Completed in 426ms
246 timing reifyNode:node_modules/@babel/plugin-transform-block-scoped-functions Completed in 426ms
247 timing reifyNode:node_modules/@babel/plugin-transform-arrow-functions Completed in 426ms
248 timing reifyNode:node_modules/@babel/plugin-transform-async-to-generator Completed in 426ms
249 timing reifyNode:node_modules/@babel/plugin-transform-exponentiation-operator Completed in 427ms
250 timing reifyNode:node_modules/@babel/plugin-syntax-jsx Completed in 426ms
251 timing reifyNode:node_modules/@babel/plugin-syntax-import-attributes Completed in 426ms
252 timing reifyNode:node_modules/@babel/plugin-syntax-import-assertions Completed in 426ms
253 timing reifyNode:node_modules/@babel/plugin-bugfix-v8-spread-parameters-in-optional-chaining Completed in 426ms
254 timing reifyNode:node_modules/@babel/plugin-bugfix-safari-class-field-initializer-scope Completed in 426ms
255 timing reifyNode:node_modules/@babel/plugin-bugfix-safari-id-destructuring-collision-in-function-expression Completed in 426ms
256 timing reifyNode:node_modules/@babel/plugin-bugfix-firefox-class-in-computed-class-key Completed in 427ms
257 timing reifyNode:node_modules/@babel/helper-skip-transparent-expression-wrappers Completed in 426ms
258 timing reifyNode:node_modules/@babel/helper-remap-async-to-generator Completed in 426ms
259 timing reifyNode:node_modules/@babel/helper-optimise-call-expression Completed in 426ms
260 timing reifyNode:node_modules/@babel/helper-plugin-utils Completed in 426ms
261 timing reifyNode:node_modules/@babel/helper-annotate-as-pure Completed in 426ms
262 timing reifyNode:node_modules/serve-index/node_modules/http-errors Completed in 442ms
263 timing reifyNode:node_modules/which Completed in 445ms
264 timing reifyNode:node_modules/thunky Completed in 445ms
265 timing reifyNode:node_modules/statuses Completed in 444ms
266 timing reifyNode:node_modules/setprototypeof Completed in 444ms
267 timing reifyNode:node_modules/serve-static Completed in 444ms
268 timing reifyNode:node_modules/requires-port Completed in 444ms
269 timing reifyNode:node_modules/regenerator-runtime Completed in 443ms
270 timing reifyNode:node_modules/readdirp Completed in 443ms
271 timing reifyNode:node_modules/postcss-modules-local-by-default Completed in 442ms
272 timing reifyNode:node_modules/picocolors Completed in 442ms
273 timing reifyNode:node_modules/obuf Completed in 442ms
274 timing reifyNode:node_modules/mime-types Completed in 441ms
275 timing reifyNode:node_modules/loader-runner Completed in 440ms
276 timing reifyNode:node_modules/import-local Completed in 440ms
277 timing reifyNode:node_modules/graceful-fs Completed in 439ms
278 timing reifyNode:node_modules/globals Completed in 439ms
279 timing reifyNode:node_modules/cookie Completed in 438ms
280 timing reifyNode:node_modules/compression Completed in 439ms
281 timing reifyNode:node_modules/content-disposition Completed in 439ms
282 timing reifyNode:node_modules/chrome-trace-event Completed in 438ms
283 timing reifyNode:node_modules/binary-extensions Completed in 438ms
284 timing reifyNode:node_modules/babel-plugin-macros Completed in 438ms
285 timing reifyNode:node_modules/@xtuc/ieee754 Completed in 437ms
286 timing reifyNode:node_modules/@webassemblyjs/floating-point-hex-parser Completed in 437ms
287 timing reifyNode:node_modules/@types/estree Completed in 436ms
288 timing reifyNode:node_modules/hpack.js/node_modules/safe-buffer Completed in 444ms
289 timing reifyNode:node_modules/hpack.js/node_modules/string_decoder Completed in 444ms
290 timing reifyNode:node_modules/@types/express/node_modules/@types/express-serve-static-core Completed in 439ms
291 timing reifyNode:node_modules/unicode-match-property-value-ecmascript Completed in 452ms
292 timing reifyNode:node_modules/safe-buffer Completed in 452ms
293 timing reifyNode:node_modules/react-is Completed in 451ms
294 timing reifyNode:node_modules/regenerate Completed in 451ms
295 timing reifyNode:node_modules/randombytes Completed in 451ms
296 timing reifyNode:node_modules/postcss-modules-scope Completed in 450ms
297 timing reifyNode:node_modules/micromatch Completed in 449ms
298 timing reifyNode:node_modules/loose-envify Completed in 449ms
299 timing reifyNode:node_modules/isarray Completed in 448ms
300 timing reifyNode:node_modules/is-arrayish Completed in 448ms
301 timing reifyNode:node_modules/handle-thing Completed in 447ms
302 timing reifyNode:node_modules/finalhandler Completed in 447ms
303 timing reifyNode:node_modules/find-root Completed in 447ms
304 timing reifyNode:node_modules/dom-converter Completed in 445ms
305 timing reifyNode:node_modules/colorette Completed in 448ms
306 timing reifyNode:node_modules/babel-plugin-polyfill-regenerator Completed in 447ms
307 timing reifyNode:node_modules/batch Completed in 447ms
308 timing reifyNode:node_modules/ansi-html-community Completed in 447ms
309 timing reifyNode:node_modules/@webassemblyjs/ieee754 Completed in 446ms
310 timing reifyNode:node_modules/@webassemblyjs/helper-numbers Completed in 446ms
311 timing reifyNode:node_modules/@webassemblyjs/helper-buffer Completed in 446ms
312 timing reifyNode:node_modules/@babel/plugin-transform-spread Completed in 450ms
313 timing reifyNode:node_modules/@babel/plugin-transform-template-literals Completed in 451ms
314 timing reifyNode:node_modules/@babel/plugin-transform-private-property-in-object Completed in 450ms
315 timing reifyNode:node_modules/@babel/plugin-transform-modules-umd Completed in 450ms
316 timing reifyNode:node_modules/@babel/plugin-transform-optional-chaining Completed in 450ms
317 timing reifyNode:node_modules/@babel/plugin-transform-modules-amd Completed in 450ms
318 timing reifyNode:node_modules/@babel/plugin-transform-computed-properties Completed in 450ms
319 timing reifyNode:node_modules/@babel/plugin-transform-async-generator-functions Completed in 450ms
320 timing reifyNode:node_modules/@babel/plugin-proposal-private-property-in-object Completed in 450ms
321 timing reifyNode:node_modules/@babel/plugin-bugfix-v8-static-class-fields-redefine-readonly Completed in 450ms
322 timing reifyNode:node_modules/@babel/helper-string-parser Completed in 449ms
323 timing reifyNode:node_modules/@babel/helper-replace-supers Completed in 450ms
324 timing reifyNode:node_modules/@babel/helper-wrap-function Completed in 450ms
325 timing reifyNode:node_modules/@babel/helper-member-expression-to-functions Completed in 450ms
326 timing reifyNode:node_modules/@babel/code-frame Completed in 450ms
327 timing reifyNode:node_modules/rechoir Completed in 466ms
328 timing reifyNode:node_modules/raw-body Completed in 466ms
329 timing reifyNode:node_modules/punycode Completed in 466ms
330 timing reifyNode:node_modules/emojis-list Completed in 461ms
331 timing reifyNode:node_modules/debug Completed in 460ms
332 timing reifyNode:node_modules/@types/ws Completed in 459ms
333 timing reifyNode:node_modules/@types/node-forge Completed in 459ms
334 timing reifyNode:node_modules/@leichtgewicht/ip-codec Completed in 458ms
335 timing reifyNode:node_modules/serve-index/node_modules/statuses Completed in 472ms
336 timing reifyNode:node_modules/update-browserslist-db Completed in 475ms
337 timing reifyNode:node_modules/selfsigned Completed in 474ms
338 timing reifyNode:node_modules/safer-buffer Completed in 474ms
339 timing reifyNode:node_modules/retry Completed in 474ms
340 timing reifyNode:node_modules/open Completed in 473ms
341 timing reifyNode:node_modules/launch-editor Completed in 472ms
342 timing reifyNode:node_modules/isexe Completed in 472ms
343 timing reifyNode:node_modules/http-deceiver Completed in 471ms
344 timing reifyNode:node_modules/follow-redirects Completed in 471ms
345 timing reifyNode:node_modules/flat Completed in 471ms
346 timing reifyNode:node_modules/estraverse Completed in 470ms
347 timing reifyNode:node_modules/depd Completed in 470ms
348 timing reifyNode:node_modules/cssesc Completed in 470ms
349 timing reifyNode:node_modules/@webassemblyjs/wasm-opt Completed in 469ms
350 timing reifyNode:node_modules/esrecurse/node_modules/estraverse Completed in 473ms
351 timing reifyNode:node_modules/regjsparser Completed in 480ms
352 timing reifyNode:node_modules/multicast-dns Completed in 479ms
353 timing reifyNode:node_modules/icss-utils Completed in 478ms
354 timing reifyNode:node_modules/hasown Completed in 477ms
355 timing reifyNode:node_modules/gensync Completed in 478ms
356 timing reifyNode:node_modules/cross-spawn Completed in 477ms
357 timing reifyNode:node_modules/clsx Completed in 477ms
358 timing reifyNode:node_modules/@webassemblyjs/wast-printer Completed in 475ms
359 timing reifyNode:node_modules/@types/react-transition-group Completed in 475ms
360 timing reifyNode:node_modules/prop-types/node_modules/react-is Completed in 486ms
361 timing reifyNode:node_modules/proxy-addr/node_modules/ipaddr.js Completed in 486ms
362 timing reifyNode:node_modules/hoist-non-react-statics/node_modules/react-is Completed in 481ms
363 timing reifyNode:node_modules/tree-dump Completed in 489ms
364 timing reifyNode:node_modules/supports-preserve-symlinks-flag Completed in 489ms
365 timing reifyNode:node_modules/send Completed in 487ms
366 timing reifyNode:node_modules/semver Completed in 487ms
367 timing reifyNode:node_modules/node-releases Completed in 485ms
368 timing reifyNode:node_modules/jsesc Completed in 484ms
369 timing reifyNode:node_modules/ipaddr.js Completed in 484ms
370 timing reifyNode:node_modules/file-loader Completed in 482ms
371 timing reifyNode:node_modules/dns-packet Completed in 481ms
372 timing reifyNode:node_modules/big.js Completed in 480ms
373 timing reifyNode:node_modules/@webassemblyjs/helper-wasm-bytecode Completed in 479ms
374 timing reifyNode:node_modules/@webassemblyjs/helper-wasm-section Completed in 479ms
375 timing reifyNode:node_modules/@jridgewell/resolve-uri Completed in 478ms
376 timing reifyNode:node_modules/@jridgewell/set-array Completed in 478ms
377 timing reifyNode:node_modules/@babel/plugin-transform-object-rest-spread Completed in 477ms
378 timing reifyNode:node_modules/@babel/plugin-transform-destructuring Completed in 476ms
379 timing reifyNode:node_modules/@babel/plugin-transform-modules-systemjs Completed in 477ms
380 timing reifyNode:node_modules/@babel/plugin-transform-for-of Completed in 477ms
381 timing reifyNode:node_modules/@babel/helper-validator-option Completed in 475ms
382 timing reifyNode:node_modules/@babel/helper-validator-identifier Completed in 475ms
383 timing reifyNode:node_modules/@babel/helper-create-regexp-features-plugin Completed in 475ms
384 timing reifyNode:node_modules/terser/node_modules/commander Completed in 492ms
385 timing reifyNode:node_modules/regjsparser/node_modules/jsesc Completed in 489ms
386 timing reifyNode:node_modules/url-loader Completed in 492ms
387 timing reifyNode:node_modules/select-hose Completed in 491ms
388 timing reifyNode:node_modules/postcss-value-parser Completed in 490ms
389 timing reifyNode:node_modules/negotiator Completed in 488ms
390 timing reifyNode:node_modules/escalade Completed in 485ms
391 timing reifyNode:node_modules/eventemitter3 Completed in 485ms
392 timing reifyNode:node_modules/call-bound Completed in 484ms
393 timing reifyNode:node_modules/@webassemblyjs/wasm-edit Completed in 483ms
394 timing reifyNode:node_modules/url-loader/node_modules/json-schema-traverse Completed in 496ms
395 timing reifyNode:node_modules/accepts/node_modules/negotiator Completed in 485ms
396 timing reifyNode:node_modules/file-loader/node_modules/json-schema-traverse Completed in 496ms
397 timing reifyNode:node_modules/side-channel-weakmap Completed in 504ms
398 timing reifyNode:node_modules/source-map-support Completed in 504ms
399 timing reifyNode:node_modules/is-core-module Completed in 499ms
400 timing reifyNode:node_modules/hoist-non-react-statics Completed in 504ms
401 timing reifyNode:node_modules/fast-deep-equal Completed in 504ms
402 timing reifyNode:node_modules/esutils Completed in 504ms
403 timing reifyNode:node_modules/camelize Completed in 502ms
404 timing reifyNode:node_modules/side-channel-list Completed in 516ms
405 timing reifyNode:node_modules/mime Completed in 513ms
406 timing reifyNode:node_modules/es-define-property Completed in 510ms
407 timing reifyNode:node_modules/envinfo Completed in 511ms
408 timing reifyNode:node_modules/domhandler Completed in 511ms
409 timing reifyNode:node_modules/braces Completed in 509ms
410 timing reifyNode:node_modules/babel-loader Completed in 510ms
411 timing reifyNode:node_modules/watchpack Completed in 524ms
412 timing reifyNode:node_modules/side-channel Completed in 522ms
413 timing reifyNode:node_modules/side-channel-map Completed in 522ms
414 timing reifyNode:node_modules/he Completed in 517ms
415 timing reifyNode:node_modules/gopd Completed in 518ms
416 timing reifyNode:node_modules/domelementtype Completed in 517ms
417 timing reifyNode:node_modules/@webassemblyjs/wasm-gen Completed in 514ms
418 timing reifyNode:node_modules/@webassemblyjs/utf8 Completed in 514ms
419 timing reifyNode:node_modules/@emotion/unitless Completed in 512ms
420 timing reifyNode:node_modules/@babel/plugin-transform-react-jsx Completed in 511ms
421 timing reifyNode:node_modules/@babel/plugin-transform-modules-commonjs Completed in 511ms
422 timing reifyNode:node_modules/lower-case Completed in 522ms
423 timing reifyNode:node_modules/html-minifier-terser Completed in 521ms
424 timing reifyNode:node_modules/fastest-levenshtein Completed in 520ms
425 timing reifyNode:node_modules/get-intrinsic Completed in 521ms
426 timing reifyNode:node_modules/dunder-proto Completed in 520ms
427 timing reifyNode:node_modules/browserslist Completed in 519ms
428 timing reifyNode:node_modules/@webassemblyjs/leb128 Completed in 518ms
429 timing reifyNode:node_modules/terser-webpack-plugin Completed in 532ms
430 timing reifyNode:node_modules/picomatch Completed in 529ms
431 timing reifyNode:node_modules/function-bind Completed in 526ms
432 timing reifyNode:node_modules/es-object-atoms Completed in 525ms
433 timing reifyNode:node_modules/es-module-lexer Completed in 525ms
434 timing reifyNode:node_modules/chokidar Completed in 523ms
435 timing reifyNode:node_modules/@babel/plugin-transform-classes Completed in 519ms
436 timing reifyNode:node_modules/@babel/helper-module-imports Completed in 518ms
437 timing reifyNode:node_modules/serve-index/node_modules/depd Completed in 533ms
438 timing reifyNode:node_modules/utila Completed in 536ms
439 timing reifyNode:node_modules/wildcard Completed in 537ms
440 timing reifyNode:node_modules/pascal-case Completed in 532ms
441 timing reifyNode:node_modules/param-case Completed in 532ms
442 timing reifyNode:node_modules/no-case Completed in 531ms
443 timing reifyNode:node_modules/get-proto Completed in 529ms
444 timing reifyNode:node_modules/dot-case Completed in 528ms
445 timing reifyNode:node_modules/camel-case Completed in 526ms
446 timing reifyNode:node_modules/babel-plugin-polyfill-corejs2 Completed in 526ms
447 timing reifyNode:node_modules/@emotion/is-prop-valid Completed in 524ms
448 timing reifyNode:node_modules/@emotion/memoize Completed in 524ms
449 timing reifyNode:node_modules/websocket-extensions Completed in 539ms
450 timing reifyNode:node_modules/prop-types Completed in 537ms
451 timing reifyNode:node_modules/regexpu-core Completed in 537ms
452 timing reifyNode:node_modules/mime-db Completed in 535ms
453 timing reifyNode:node_modules/json-schema-traverse Completed in 534ms
454 timing reifyNode:node_modules/@emotion/weak-memoize Completed in 528ms
455 timing reifyNode:node_modules/@jridgewell/gen-mapping Completed in 529ms
456 timing reifyNode:node_modules/@emotion/hash Completed in 528ms
457 timing reifyNode:node_modules/@babel/plugin-transform-parameters Completed in 528ms
458 timing reifyNode:node_modules/@babel/compat-data Completed in 526ms
459 timing reifyNode:node_modules/body-parser Completed in 534ms
460 timing reifyNode:node_modules/ajv-formats Completed in 535ms
461 timing reifyNode:node_modules/fast-json-stable-stringify Completed in 539ms
462 timing reifyNode:node_modules/@babel/plugin-transform-block-scoping Completed in 535ms
463 timing reifyNode:node_modules/@ampproject/remapping Completed in 534ms
464 timing reifyNode:node_modules/styled-components/node_modules/@emotion/unitless Completed in 550ms
465 timing reifyNode:node_modules/serve-index/node_modules/debug Completed in 550ms
466 timing reifyNode:node_modules/express/node_modules/debug Completed in 543ms
467 timing reifyNode:node_modules/finalhandler/node_modules/debug Completed in 544ms
468 timing reifyNode:node_modules/send/node_modules/debug Completed in 550ms
469 timing reifyNode:node_modules/compression/node_modules/debug Completed in 542ms
470 timing reifyNode:node_modules/body-parser/node_modules/debug Completed in 541ms
471 timing reifyNode:node_modules/tslib Completed in 552ms
472 timing reifyNode:node_modules/sockjs Completed in 551ms
473 timing reifyNode:node_modules/shell-quote Completed in 551ms
474 timing reifyNode:node_modules/has-symbols Completed in 545ms
475 timing reifyNode:node_modules/eslint-scope Completed in 544ms
476 timing reifyNode:node_modules/electron-to-chromium Completed in 545ms
477 timing reifyNode:node_modules/@jridgewell/sourcemap-codec Completed in 541ms
478 timing reifyNode:node_modules/@webassemblyjs/wasm-parser Completed in 542ms
479 timing reifyNode:node_modules/html-webpack-plugin Completed in 548ms
480 timing reifyNode:node_modules/dom-serializer Completed in 547ms
481 timing reifyNode:node_modules/commander Completed in 546ms
482 timing reifyNode:node_modules/@xtuc/long Completed in 544ms
483 timing reifyNode:node_modules/@emotion/sheet Completed in 542ms
484 timing reifyNode:node_modules/loader-utils Completed in 553ms
485 timing reifyNode:node_modules/faye-websocket Completed in 550ms
486 timing reifyNode:node_modules/call-bind-apply-helpers Completed in 549ms
487 timing reifyNode:node_modules/@emotion/serialize Completed in 546ms
488 timing reifyNode:node_modules/@babel/helper-compilation-targets Completed in 543ms
489 timing reifyNode:node_modules/styled-components/node_modules/tslib Completed in 559ms
490 timing reifyNode:node_modules/webpack-merge Completed in 562ms
491 timing reifyNode:node_modules/spdy Completed in 560ms
492 timing reifyNode:node_modules/es-errors Completed in 553ms
493 timing reifyNode:node_modules/@emotion/use-insertion-effect-with-fallbacks Completed in 550ms
494 timing reifyNode:node_modules/@jridgewell/source-map Completed in 550ms
495 timing reifyNode:node_modules/@discoveryjs/json-ext Completed in 549ms
496 timing reifyNode:node_modules/tapable Completed in 563ms
497 timing reifyNode:node_modules/entities Completed in 557ms
498 timing reifyNode:node_modules/@emotion/utils Completed in 553ms
499 timing reifyNode:node_modules/styled-components/node_modules/@emotion/memoize Completed in 566ms
500 timing reifyNode:node_modules/style-loader Completed in 566ms
501 timing reifyNode:node_modules/stylis Completed in 569ms
502 timing reifyNode:node_modules/relateurl Completed in 568ms
503 timing reifyNode:node_modules/css-loader Completed in 560ms
504 timing reifyNode:node_modules/webpack-cli/node_modules/commander Completed in 572ms
505 timing reifyNode:node_modules/webpack-cli Completed in 572ms
506 timing reifyNode:node_modules/@babel/template Completed in 558ms
507 timing reifyNode:node_modules/scheduler Completed in 571ms
508 timing reifyNode:node_modules/@jridgewell/trace-mapping Completed in 561ms
509 timing reifyNode:node_modules/@types/eslint Completed in 562ms
510 timing reifyNode:node_modules/styled-components/node_modules/@emotion/is-prop-valid Completed in 575ms
511 timing reifyNode:node_modules/pretty-error Completed in 574ms
512 timing reifyNode:node_modules/nth-check Completed in 573ms
513 timing reifyNode:node_modules/@babel/helper-module-transforms Completed in 562ms
514 timing reifyNode:node_modules/source-map-js Completed in 579ms
515 timing reifyNode:node_modules/regenerator-transform Completed in 577ms
516 timing reifyNode:node_modules/htmlparser2 Completed in 573ms
517 timing reifyNode:node_modules/url-loader/node_modules/schema-utils Completed in 581ms
518 timing reifyNode:node_modules/ws Completed in 582ms
519 timing reifyNode:node_modules/file-loader/node_modules/schema-utils Completed in 573ms
520 timing reifyNode:node_modules/nanoid Completed in 577ms
521 timing reifyNode:node_modules/domutils Completed in 573ms
522 timing reifyNode:node_modules/styled-components/node_modules/stylis Completed in 582ms
523 timing reifyNode:node_modules/babel-plugin-polyfill-corejs3 Completed in 578ms
524 timing reifyNode:node_modules/webpack-sources Completed in 590ms
525 timing reifyNode:node_modules/websocket-driver Completed in 590ms
526 timing reifyNode:node_modules/http-proxy-middleware Completed in 583ms
527 timing reifyNode:node_modules/http-proxy Completed in 584ms
528 timing reifyNode:node_modules/hpack.js/node_modules/readable-stream Completed in 584ms
529 timing reifyNode:node_modules/express Completed in 583ms
530 timing reifyNode:node_modules/hpack.js Completed in 587ms
531 timing reifyNode:node_modules/readable-stream Completed in 592ms
532 timing reifyNode:node_modules/jest-worker Completed in 590ms
533 timing reifyNode:node_modules/events Completed in 587ms
534 timing reifyNode:node_modules/css-what Completed in 586ms
535 timing reifyNode:node_modules/schema-utils Completed in 595ms
536 timing reifyNode:node_modules/math-intrinsics Completed in 592ms
537 timing reifyNode:node_modules/fast-uri Completed in 588ms
538 timing reifyNode:node_modules/react Completed in 595ms
539 timing reifyNode:node_modules/json5 Completed in 593ms
540 timing reifyNode:node_modules/url-loader/node_modules/ajv-keywords Completed in 600ms
541 timing reifyNode:node_modules/file-loader/node_modules/ajv-keywords Completed in 592ms
542 timing reifyNode:node_modules/@emotion/babel-plugin Completed in 587ms
543 timing reifyNode:node_modules/@babel/helper-define-polyfill-provider Completed in 585ms
544 timing reifyNode:node_modules/qs Completed in 599ms
545 timing reifyNode:node_modules/object-inspect Completed in 602ms
546 timing reifyNode:node_modules/iconv-lite Completed in 601ms
547 timing reifyNode:node_modules/webpack-dev-middleware Completed in 609ms
548 timing reifyNode:node_modules/spdy-transport Completed in 607ms
549 timing reifyNode:node_modules/undici-types Completed in 609ms
550 timing reifyNode:node_modules/acorn Completed in 599ms
551 timing reifyNode:node_modules/cosmiconfig Completed in 604ms
552 timing reifyNode:node_modules/bonjour-service Completed in 604ms
553 timing reifyNode:node_modules/@babel/helper-create-class-features-plugin Completed in 599ms
554 timing reifyNode:node_modules/css-select Completed in 607ms
555 http fetch GET 200 https://registry.npmjs.org/fsevents/-/fsevents-2.3.3.tgz 545ms (cache miss)
556 timing reifyNode:node_modules/fsevents Completed in 617ms
557 timing reifyNode:node_modules/css-to-react-native Completed in 619ms
558 timing reifyNode:node_modules/postcss-selector-parser Completed in 628ms
559 timing reifyNode:node_modules/@babel/preset-modules Completed in 620ms
560 timing reifyNode:node_modules/@babel/preset-env Completed in 621ms
561 timing reifyNode:node_modules/css-loader/node_modules/semver Completed in 625ms
562 timing reifyNode:node_modules/@jsonjoy.com/base64 Completed in 626ms
563 timing reifyNode:node_modules/core-js-compat Completed in 629ms
564 timing reifyNode:node_modules/enhanced-resolve Completed in 632ms
565 timing reifyNode:node_modules/@emotion/cache Completed in 627ms
566 timing reifyNode:node_modules/source-map Completed in 643ms
567 timing reifyNode:node_modules/react-transition-group Completed in 642ms
568 timing reifyNode:node_modules/source-map-support/node_modules/source-map Completed in 648ms
569 timing reifyNode:node_modules/clean-css/node_modules/source-map Completed in 638ms
570 timing reifyNode:node_modules/hyperdyperid Completed in 643ms
571 timing reifyNode:node_modules/styled-components/node_modules/postcss Completed in 651ms
572 timing reifyNode:node_modules/react-router Completed in 658ms
573 http fetch POST 200 https://registry.npmjs.org/-/npm/v1/security/advisories/bulk 669ms
574 timing auditReport:getReport Completed in 671ms
575 silly audit report {}
576 timing auditReport:init Completed in 0ms
577 timing reify:audit Completed in 673ms
578 timing reifyNode:node_modules/postcss Completed in 664ms
579 timing reifyNode:node_modules/@webassemblyjs/ast Completed in 660ms
580 timing reifyNode:node_modules/csstype Completed in 663ms
581 timing reifyNode:node_modules/@types/react Completed in 663ms
582 timing reifyNode:node_modules/webpack-dev-server Completed in 680ms
583 timing reifyNode:node_modules/uri-js Completed in 679ms
584 timing reifyNode:node_modules/uuid Completed in 683ms
585 timing reifyNode:node_modules/react-router-dom Completed in 681ms
586 timing reifyNode:node_modules/@mui/styled-engine Completed in 678ms
587 timing reifyNode:node_modules/@babel/generator Completed in 679ms
588 timing reifyNode:node_modules/@mui/private-theming Completed in 684ms
589 timing reifyNode:node_modules/yaml Completed in 699ms
590 timing reifyNode:node_modules/serve-index Completed in 704ms
591 timing reifyNode:node_modules/@emotion/styled Completed in 692ms
592 timing reifyNode:node_modules/@babel/parser Completed in 706ms
593 timing reifyNode:node_modules/@babel/traverse Completed in 713ms
594 timing reifyNode:node_modules/renderkid Completed in 727ms
595 timing reifyNode:node_modules/neo-async Completed in 727ms
596 timing reifyNode:node_modules/ajv-keywords Completed in 756ms
597 timing reifyNode:node_modules/file-loader/node_modules/ajv Completed in 758ms
598 timing reifyNode:node_modules/url-loader/node_modules/ajv Completed in 768ms
599 timing reifyNode:node_modules/node-forge Completed in 764ms
600 timing reifyNode:node_modules/thingies Completed in 775ms
601 timing reifyNode:node_modules/@remix-run/router Completed in 767ms
602 timing reifyNode:node_modules/terser Completed in 781ms
603 timing reifyNode:node_modules/clean-css Completed in 774ms
604 timing reifyNode:node_modules/resolve Completed in 789ms
605 timing reifyNode:node_modules/@babel/core Completed in 783ms
606 timing reifyNode:node_modules/@emotion/react Completed in 788ms
607 timing reifyNode:node_modules/@babel/runtime Completed in 798ms
608 timing reifyNode:node_modules/@types/node Completed in 801ms
609 timing reifyNode:node_modules/styled-components Completed in 830ms
610 timing reifyNode:node_modules/@jsonjoy.com/json-pack Completed in 822ms
611 timing reifyNode:node_modules/@babel/helpers Completed in 823ms
612 timing reifyNode:node_modules/react-dom Completed in 839ms
613 timing reifyNode:node_modules/dom-helpers Completed in 863ms
614 timing reifyNode:node_modules/memfs Completed in 870ms
615 timing reifyNode:node_modules/@jsonjoy.com/util Completed in 866ms
616 timing reifyNode:node_modules/@popperjs/core Completed in 882ms
617 timing reifyNode:node_modules/@babel/types Completed in 883ms
618 timing reifyNode:node_modules/regenerate-unicode-properties Completed in 915ms
619 timing reifyNode:node_modules/@mui/system Completed in 930ms
620 timing reifyNode:node_modules/ajv Completed in 942ms
621 timing reifyNode:node_modules/@mui/utils Completed in 995ms
622 timing reifyNode:node_modules/caniuse-lite Completed in 1011ms
623 timing reifyNode:node_modules/lodash Completed in 1020ms
624 timing reifyNode:node_modules/webpack Completed in 1032ms
625 timing reifyNode:node_modules/@mui/material Completed in 1292ms
626 timing reify:unpack Completed in 1306ms
627 timing reify:unretire Completed in 0ms
628 timing build:queue Completed in 5ms
629 timing build:link:node_modules/browserslist Completed in 2ms
630 timing build:link:node_modules/cssesc Completed in 2ms
631 timing build:link:node_modules/acorn Completed in 2ms
632 timing build:link:node_modules/he Completed in 2ms
633 timing build:link:node_modules/ansi-html-community Completed in 2ms
634 timing build:link:node_modules/envinfo Completed in 2ms
635 timing build:link:node_modules/@babel/parser Completed in 3ms
636 timing build:link:node_modules/html-minifier-terser Completed in 2ms
637 timing build:link:node_modules/is-docker Completed in 2ms
638 timing build:link:node_modules/flat Completed in 2ms
639 timing build:link:node_modules/jsesc Completed in 2ms
640 timing build:link:node_modules/import-local Completed in 2ms
641 timing build:link:node_modules/mime Completed in 2ms
642 timing build:link:node_modules/loose-envify Completed in 2ms
643 timing build:link:node_modules/multicast-dns Completed in 2ms
644 timing build:link:node_modules/is-inside-container Completed in 2ms
645 timing build:link:node_modules/json5 Completed in 2ms
646 timing build:link:node_modules/nanoid Completed in 2ms
647 timing build:link:node_modules/regjsparser Completed in 2ms
648 timing build:link:node_modules/update-browserslist-db Completed in 2ms
649 timing build:link:node_modules/resolve Completed in 2ms
650 timing build:link:node_modules/uuid Completed in 2ms
651 timing build:link:node_modules/webpack Completed in 2ms
652 timing build:link:node_modules/which Completed in 2ms
653 timing build:link:node_modules/semver Completed in 2ms
654 timing build:link:node_modules/regjsparser/node_modules/jsesc Completed in 2ms
655 timing build:link:node_modules/terser Completed in 2ms
656 timing build:link:node_modules/css-loader/node_modules/semver Completed in 2ms
657 timing build:link:node_modules/webpack-cli Completed in 2ms
658 timing build:link:node_modules/webpack-dev-server Completed in 2ms
659 timing build:link Completed in 3ms
660 timing build:deps Completed in 8ms
661 timing build Completed in 8ms
662 timing reify:build Completed in 9ms
663 timing reify:trash Completed in 0ms
664 timing reify:save Completed in 21ms
665 timing reify Completed in 1470ms
666 silly ADD node_modules/yocto-queue
667 silly ADD node_modules/yaml
668 silly ADD node_modules/yallist
669 silly ADD node_modules/ws
670 silly ADD node_modules/wildcard
671 silly ADD node_modules/which
672 silly ADD node_modules/websocket-extensions
673 silly ADD node_modules/websocket-driver
674 silly ADD node_modules/webpack-sources
675 silly ADD node_modules/webpack-merge
676 silly ADD node_modules/webpack-dev-server
677 silly ADD node_modules/webpack-dev-middleware
678 silly ADD node_modules/webpack-cli
679 silly ADD node_modules/webpack-cli/node_modules/commander
680 silly ADD node_modules/webpack
681 silly ADD node_modules/wbuf
682 silly ADD node_modules/watchpack
683 silly ADD node_modules/vary
684 silly ADD node_modules/uuid
685 silly ADD node_modules/utils-merge
686 silly ADD node_modules/utila
687 silly ADD node_modules/util-deprecate
688 silly ADD node_modules/url-loader
689 silly ADD node_modules/url-loader/node_modules/schema-utils
690 silly ADD node_modules/url-loader/node_modules/json-schema-traverse
691 silly ADD node_modules/url-loader/node_modules/ajv-keywords
692 silly ADD node_modules/url-loader/node_modules/ajv
693 silly ADD node_modules/uri-js
694 silly ADD node_modules/update-browserslist-db
695 silly ADD node_modules/unpipe
696 silly ADD node_modules/unicode-property-aliases-ecmascript
697 silly ADD node_modules/unicode-match-property-value-ecmascript
698 silly ADD node_modules/unicode-match-property-ecmascript
699 silly ADD node_modules/unicode-canonical-property-names-ecmascript
700 silly ADD node_modules/undici-types
701 silly ADD node_modules/type-is
702 silly ADD node_modules/tslib
703 silly ADD node_modules/tree-dump
704 silly ADD node_modules/toidentifier
705 silly ADD node_modules/to-regex-range
706 silly ADD node_modules/thunky
707 silly ADD node_modules/thingies
708 silly ADD node_modules/terser-webpack-plugin
709 silly ADD node_modules/terser
710 silly ADD node_modules/terser/node_modules/commander
711 silly ADD node_modules/tapable
712 silly ADD node_modules/supports-preserve-symlinks-flag
713 silly ADD node_modules/supports-color
714 silly ADD node_modules/stylis
715 silly ADD node_modules/styled-components
716 silly ADD node_modules/styled-components/node_modules/tslib
717 silly ADD node_modules/styled-components/node_modules/stylis
718 silly ADD node_modules/styled-components/node_modules/postcss
719 silly ADD node_modules/styled-components/node_modules/@emotion/unitless
720 silly ADD node_modules/styled-components/node_modules/@emotion/memoize
721 silly ADD node_modules/styled-components/node_modules/@emotion/is-prop-valid
722 silly ADD node_modules/style-loader
723 silly ADD node_modules/strip-ansi
724 silly ADD node_modules/string_decoder
725 silly ADD node_modules/statuses
726 silly ADD node_modules/spdy-transport
727 silly ADD node_modules/spdy
728 silly ADD node_modules/source-map-support
729 silly ADD node_modules/source-map-support/node_modules/source-map
730 silly ADD node_modules/source-map-js
731 silly ADD node_modules/source-map
732 silly ADD node_modules/sockjs
733 silly ADD node_modules/side-channel-weakmap
734 silly ADD node_modules/side-channel-map
735 silly ADD node_modules/side-channel-list
736 silly ADD node_modules/side-channel
737 silly ADD node_modules/shell-quote
738 silly ADD node_modules/shebang-regex
739 silly ADD node_modules/shebang-command
740 silly ADD node_modules/shallowequal
741 silly ADD node_modules/shallow-clone
742 silly ADD node_modules/setprototypeof
743 silly ADD node_modules/serve-static
744 silly ADD node_modules/serve-index
745 silly ADD node_modules/serve-index/node_modules/statuses
746 silly ADD node_modules/serve-index/node_modules/setprototypeof
747 silly ADD node_modules/serve-index/node_modules/ms
748 silly ADD node_modules/serve-index/node_modules/inherits
749 silly ADD node_modules/serve-index/node_modules/http-errors
750 silly ADD node_modules/serve-index/node_modules/depd
751 silly ADD node_modules/serve-index/node_modules/debug
752 silly ADD node_modules/serialize-javascript
753 silly ADD node_modules/send
754 silly ADD node_modules/send/node_modules/encodeurl
755 silly ADD node_modules/send/node_modules/debug
756 silly ADD node_modules/send/node_modules/debug/node_modules/ms
757 silly ADD node_modules/semver
758 silly ADD node_modules/selfsigned
759 silly ADD node_modules/select-hose
760 silly ADD node_modules/schema-utils
761 silly ADD node_modules/scheduler
762 silly ADD node_modules/safer-buffer
763 silly ADD node_modules/safe-buffer
764 silly ADD node_modules/run-applescript
765 silly ADD node_modules/retry
766 silly ADD node_modules/resolve-from
767 silly ADD node_modules/resolve-cwd
768 silly ADD node_modules/resolve-cwd/node_modules/resolve-from
769 silly ADD node_modules/resolve
770 silly ADD node_modules/requires-port
771 silly ADD node_modules/require-from-string
772 silly ADD node_modules/renderkid
773 silly ADD node_modules/relateurl
774 silly ADD node_modules/regjsparser
775 silly ADD node_modules/regjsparser/node_modules/jsesc
776 silly ADD node_modules/regjsgen
777 silly ADD node_modules/regexpu-core
778 silly ADD node_modules/regenerator-transform
779 silly ADD node_modules/regenerator-runtime
780 silly ADD node_modules/regenerate-unicode-properties
781 silly ADD node_modules/regenerate
782 silly ADD node_modules/rechoir
783 silly ADD node_modules/readdirp
784 silly ADD node_modules/readable-stream
785 silly ADD node_modules/react-transition-group
786 silly ADD node_modules/react-router-dom
787 silly ADD node_modules/react-router
788 silly ADD node_modules/react-is
789 silly ADD node_modules/react-dom
790 silly ADD node_modules/react
791 silly ADD node_modules/raw-body
792 silly ADD node_modules/range-parser
793 silly ADD node_modules/randombytes
794 silly ADD node_modules/qs
795 silly ADD node_modules/punycode
796 silly ADD node_modules/proxy-addr
797 silly ADD node_modules/proxy-addr/node_modules/ipaddr.js
798 silly ADD node_modules/prop-types
799 silly ADD node_modules/prop-types/node_modules/react-is
800 silly ADD node_modules/process-nextick-args
801 silly ADD node_modules/pretty-error
802 silly ADD node_modules/postcss-value-parser
803 silly ADD node_modules/postcss-selector-parser
804 silly ADD node_modules/postcss-modules-values
805 silly ADD node_modules/postcss-modules-scope
806 silly ADD node_modules/postcss-modules-local-by-default
807 silly ADD node_modules/postcss-modules-extract-imports
808 silly ADD node_modules/postcss
809 silly ADD node_modules/pkg-dir
810 silly ADD node_modules/picomatch
811 silly ADD node_modules/picocolors
812 silly ADD node_modules/path-type
813 silly ADD node_modules/path-to-regexp
814 silly ADD node_modules/path-parse
815 silly ADD node_modules/path-key
816 silly ADD node_modules/path-exists
817 silly ADD node_modules/pascal-case
818 silly ADD node_modules/parseurl
819 silly ADD node_modules/parse-json
820 silly ADD node_modules/parent-module
821 silly ADD node_modules/param-case
822 silly ADD node_modules/p-try
823 silly ADD node_modules/p-retry
824 silly ADD node_modules/p-locate
825 silly ADD node_modules/p-limit
826 silly ADD node_modules/open
827 silly ADD node_modules/on-headers
828 silly ADD node_modules/on-finished
829 silly ADD node_modules/obuf
830 silly ADD node_modules/object-inspect
831 silly ADD node_modules/object-assign
832 silly ADD node_modules/nth-check
833 silly ADD node_modules/normalize-path
834 silly ADD node_modules/node-releases
835 silly ADD node_modules/node-forge
836 silly ADD node_modules/no-case
837 silly ADD node_modules/neo-async
838 silly ADD node_modules/negotiator
839 silly ADD node_modules/nanoid
840 silly ADD node_modules/multicast-dns
841 silly ADD node_modules/ms
842 silly ADD node_modules/minimalistic-assert
843 silly ADD node_modules/mime-types
844 silly ADD node_modules/mime-db
845 silly ADD node_modules/mime
846 silly ADD node_modules/micromatch
847 silly ADD node_modules/methods
848 silly ADD node_modules/merge-stream
849 silly ADD node_modules/merge-descriptors
850 silly ADD node_modules/memfs
851 silly ADD node_modules/media-typer
852 silly ADD node_modules/math-intrinsics
853 silly ADD node_modules/lru-cache
854 silly ADD node_modules/lower-case
855 silly ADD node_modules/loose-envify
856 silly ADD node_modules/lodash.debounce
857 silly ADD node_modules/lodash
858 silly ADD node_modules/locate-path
859 silly ADD node_modules/loader-utils
860 silly ADD node_modules/loader-runner
861 silly ADD node_modules/lines-and-columns
862 silly ADD node_modules/launch-editor
863 silly ADD node_modules/kind-of
864 silly ADD node_modules/json5
865 silly ADD node_modules/json-schema-traverse
866 silly ADD node_modules/json-parse-even-better-errors
867 silly ADD node_modules/jsesc
868 silly ADD node_modules/js-tokens
869 silly ADD node_modules/jest-worker
870 silly ADD node_modules/isobject
871 silly ADD node_modules/isexe
872 silly ADD node_modules/isarray
873 silly ADD node_modules/is-wsl
874 silly ADD node_modules/is-plain-object
875 silly ADD node_modules/is-plain-obj
876 silly ADD node_modules/is-number
877 silly ADD node_modules/is-network-error
878 silly ADD node_modules/is-inside-container
879 silly ADD node_modules/is-glob
880 silly ADD node_modules/is-extglob
881 silly ADD node_modules/is-docker
882 silly ADD node_modules/is-core-module
883 silly ADD node_modules/is-binary-path
884 silly ADD node_modules/is-arrayish
885 silly ADD node_modules/ipaddr.js
886 silly ADD node_modules/interpret
887 silly ADD node_modules/inherits
888 silly ADD node_modules/import-local
889 silly ADD node_modules/import-local/node_modules/pkg-dir
890 silly ADD node_modules/import-local/node_modules/path-exists
891 silly ADD node_modules/import-local/node_modules/p-locate
892 silly ADD node_modules/import-local/node_modules/p-limit
893 silly ADD node_modules/import-local/node_modules/locate-path
894 silly ADD node_modules/import-local/node_modules/find-up
895 silly ADD node_modules/import-fresh
896 silly ADD node_modules/icss-utils
897 silly ADD node_modules/iconv-lite
898 silly ADD node_modules/hyperdyperid
899 silly ADD node_modules/http-proxy-middleware
900 silly ADD node_modules/http-proxy
901 silly ADD node_modules/http-parser-js
902 silly ADD node_modules/http-errors
903 silly ADD node_modules/http-deceiver
904 silly ADD node_modules/htmlparser2
905 silly ADD node_modules/html-webpack-plugin
906 silly ADD node_modules/html-minifier-terser
907 silly ADD node_modules/hpack.js
908 silly ADD node_modules/hpack.js/node_modules/string_decoder
909 silly ADD node_modules/hpack.js/node_modules/safe-buffer
910 silly ADD node_modules/hpack.js/node_modules/readable-stream
911 silly ADD node_modules/hoist-non-react-statics
912 silly ADD node_modules/hoist-non-react-statics/node_modules/react-is
913 silly ADD node_modules/he
914 silly ADD node_modules/hasown
915 silly ADD node_modules/has-symbols
916 silly ADD node_modules/has-flag
917 silly ADD node_modules/handle-thing
918 silly ADD node_modules/graceful-fs
919 silly ADD node_modules/gopd
920 silly ADD node_modules/globals
921 silly ADD node_modules/glob-to-regexp
922 silly ADD node_modules/glob-parent
923 silly ADD node_modules/get-proto
924 silly ADD node_modules/get-intrinsic
925 silly ADD node_modules/gensync
926 silly ADD node_modules/function-bind
927 silly ADD node_modules/fsevents
928 silly ADD node_modules/fresh
929 silly ADD node_modules/forwarded
930 silly ADD node_modules/follow-redirects
931 silly ADD node_modules/flat
932 silly ADD node_modules/find-up
933 silly ADD node_modules/find-root
934 silly ADD node_modules/find-cache-dir
935 silly ADD node_modules/finalhandler
936 silly ADD node_modules/finalhandler/node_modules/ms
937 silly ADD node_modules/finalhandler/node_modules/debug
938 silly ADD node_modules/fill-range
939 silly ADD node_modules/file-loader
940 silly ADD node_modules/file-loader/node_modules/schema-utils
941 silly ADD node_modules/file-loader/node_modules/json-schema-traverse
942 silly ADD node_modules/file-loader/node_modules/ajv-keywords
943 silly ADD node_modules/file-loader/node_modules/ajv
944 silly ADD node_modules/faye-websocket
945 silly ADD node_modules/fastest-levenshtein
946 silly ADD node_modules/fast-uri
947 silly ADD node_modules/fast-json-stable-stringify
948 silly ADD node_modules/fast-deep-equal
949 silly ADD node_modules/express
950 silly ADD node_modules/express/node_modules/ms
951 silly ADD node_modules/express/node_modules/debug
952 silly ADD node_modules/events
953 silly ADD node_modules/eventemitter3
954 silly ADD node_modules/etag
955 silly ADD node_modules/esutils
956 silly ADD node_modules/estraverse
957 silly ADD node_modules/esrecurse
958 silly ADD node_modules/esrecurse/node_modules/estraverse
959 silly ADD node_modules/eslint-scope
960 silly ADD node_modules/escape-string-regexp
961 silly ADD node_modules/escape-html
962 silly ADD node_modules/escalade
963 silly ADD node_modules/es-object-atoms
964 silly ADD node_modules/es-module-lexer
965 silly ADD node_modules/es-errors
966 silly ADD node_modules/es-define-property
967 silly ADD node_modules/error-ex
968 silly ADD node_modules/envinfo
969 silly ADD node_modules/entities
970 silly ADD node_modules/enhanced-resolve
971 silly ADD node_modules/encodeurl
972 silly ADD node_modules/emojis-list
973 silly ADD node_modules/electron-to-chromium
974 silly ADD node_modules/ee-first
975 silly ADD node_modules/dunder-proto
976 silly ADD node_modules/dot-case
977 silly ADD node_modules/domutils
978 silly ADD node_modules/domhandler
979 silly ADD node_modules/domelementtype
980 silly ADD node_modules/dom-serializer
981 silly ADD node_modules/dom-helpers
982 silly ADD node_modules/dom-converter
983 silly ADD node_modules/dns-packet
984 silly ADD node_modules/detect-node
985 silly ADD node_modules/destroy
986 silly ADD node_modules/depd
987 silly ADD node_modules/define-lazy-prop
988 silly ADD node_modules/default-browser-id
989 silly ADD node_modules/default-browser
990 silly ADD node_modules/debug
991 silly ADD node_modules/csstype
992 silly ADD node_modules/cssesc
993 silly ADD node_modules/css-what
994 silly ADD node_modules/css-to-react-native
995 silly ADD node_modules/css-select
996 silly ADD node_modules/css-loader
997 silly ADD node_modules/css-loader/node_modules/semver
998 silly ADD node_modules/css-color-keywords
999 silly ADD node_modules/cross-spawn
1000 silly ADD node_modules/cosmiconfig
1001 silly ADD node_modules/core-util-is
1002 silly ADD node_modules/core-js-compat
1003 silly ADD node_modules/cookie-signature
1004 silly ADD node_modules/cookie
1005 silly ADD node_modules/convert-source-map
1006 silly ADD node_modules/content-type
1007 silly ADD node_modules/content-disposition
1008 silly ADD node_modules/connect-history-api-fallback
1009 silly ADD node_modules/compression
1010 silly ADD node_modules/compression/node_modules/ms
1011 silly ADD node_modules/compression/node_modules/debug
1012 silly ADD node_modules/compressible
1013 silly ADD node_modules/common-path-prefix
1014 silly ADD node_modules/commander
1015 silly ADD node_modules/colorette
1016 silly ADD node_modules/clsx
1017 silly ADD node_modules/clone-deep
1018 silly ADD node_modules/clean-css
1019 silly ADD node_modules/clean-css/node_modules/source-map
1020 silly ADD node_modules/chrome-trace-event
1021 silly ADD node_modules/chokidar
1022 silly ADD node_modules/caniuse-lite
1023 silly ADD node_modules/camelize
1024 silly ADD node_modules/camel-case
1025 silly ADD node_modules/callsites
1026 silly ADD node_modules/call-bound
1027 silly ADD node_modules/call-bind-apply-helpers
1028 silly ADD node_modules/bytes
1029 silly ADD node_modules/bundle-name
1030 silly ADD node_modules/buffer-from
1031 silly ADD node_modules/browserslist
1032 silly ADD node_modules/braces
1033 silly ADD node_modules/boolbase
1034 silly ADD node_modules/bonjour-service
1035 silly ADD node_modules/body-parser
1036 silly ADD node_modules/body-parser/node_modules/ms
1037 silly ADD node_modules/body-parser/node_modules/debug
1038 silly ADD node_modules/binary-extensions
1039 silly ADD node_modules/big.js
1040 silly ADD node_modules/batch
1041 silly ADD node_modules/babel-plugin-polyfill-regenerator
1042 silly ADD node_modules/babel-plugin-polyfill-corejs3
1043 silly ADD node_modules/babel-plugin-polyfill-corejs2
1044 silly ADD node_modules/babel-plugin-macros
1045 silly ADD node_modules/babel-loader
1046 silly ADD node_modules/array-flatten
1047 silly ADD node_modules/anymatch
1048 silly ADD node_modules/ansi-regex
1049 silly ADD node_modules/ansi-html-community
1050 silly ADD node_modules/ajv-keywords
1051 silly ADD node_modules/ajv-formats
1052 silly ADD node_modules/ajv
1053 silly ADD node_modules/acorn
1054 silly ADD node_modules/accepts
1055 silly ADD node_modules/accepts/node_modules/negotiator
1056 silly ADD node_modules/@xtuc/long
1057 silly ADD node_modules/@xtuc/ieee754
1058 silly ADD node_modules/@webpack-cli/serve
1059 silly ADD node_modules/@webpack-cli/info
1060 silly ADD node_modules/@webpack-cli/configtest
1061 silly ADD node_modules/@webassemblyjs/wast-printer
1062 silly ADD node_modules/@webassemblyjs/wasm-parser
1063 silly ADD node_modules/@webassemblyjs/wasm-opt
1064 silly ADD node_modules/@webassemblyjs/wasm-gen
1065 silly ADD node_modules/@webassemblyjs/wasm-edit
1066 silly ADD node_modules/@webassemblyjs/utf8
1067 silly ADD node_modules/@webassemblyjs/leb128
1068 silly ADD node_modules/@webassemblyjs/ieee754
1069 silly ADD node_modules/@webassemblyjs/helper-wasm-section
1070 silly ADD node_modules/@webassemblyjs/helper-wasm-bytecode
1071 silly ADD node_modules/@webassemblyjs/helper-numbers
1072 silly ADD node_modules/@webassemblyjs/helper-buffer
1073 silly ADD node_modules/@webassemblyjs/helper-api-error
1074 silly ADD node_modules/@webassemblyjs/floating-point-hex-parser
1075 silly ADD node_modules/@webassemblyjs/ast
1076 silly ADD node_modules/@types/ws
1077 silly ADD node_modules/@types/stylis
1078 silly ADD node_modules/@types/sockjs
1079 silly ADD node_modules/@types/serve-static
1080 silly ADD node_modules/@types/serve-index
1081 silly ADD node_modules/@types/send
1082 silly ADD node_modules/@types/retry
1083 silly ADD node_modules/@types/react-transition-group
1084 silly ADD node_modules/@types/react
1085 silly ADD node_modules/@types/range-parser
1086 silly ADD node_modules/@types/qs
1087 silly ADD node_modules/@types/prop-types
1088 silly ADD node_modules/@types/parse-json
1089 silly ADD node_modules/@types/node-forge
1090 silly ADD node_modules/@types/node
1091 silly ADD node_modules/@types/mime
1092 silly ADD node_modules/@types/json-schema
1093 silly ADD node_modules/@types/http-proxy
1094 silly ADD node_modules/@types/http-errors
1095 silly ADD node_modules/@types/html-minifier-terser
1096 silly ADD node_modules/@types/express-serve-static-core
1097 silly ADD node_modules/@types/express
1098 silly ADD node_modules/@types/express/node_modules/@types/express-serve-static-core
1099 silly ADD node_modules/@types/estree
1100 silly ADD node_modules/@types/eslint-scope
1101 silly ADD node_modules/@types/eslint
1102 silly ADD node_modules/@types/connect-history-api-fallback
1103 silly ADD node_modules/@types/connect
1104 silly ADD node_modules/@types/bonjour
1105 silly ADD node_modules/@types/body-parser
1106 silly ADD node_modules/@remix-run/router
1107 silly ADD node_modules/@popperjs/core
1108 silly ADD node_modules/@mui/utils
1109 silly ADD node_modules/@mui/types
1110 silly ADD node_modules/@mui/system
1111 silly ADD node_modules/@mui/styled-engine
1112 silly ADD node_modules/@mui/private-theming
1113 silly ADD node_modules/@mui/material
1114 silly ADD node_modules/@mui/core-downloads-tracker
1115 silly ADD node_modules/@leichtgewicht/ip-codec
1116 silly ADD node_modules/@jsonjoy.com/util
1117 silly ADD node_modules/@jsonjoy.com/json-pack
1118 silly ADD node_modules/@jsonjoy.com/base64
1119 silly ADD node_modules/@jridgewell/trace-mapping
1120 silly ADD node_modules/@jridgewell/sourcemap-codec
1121 silly ADD node_modules/@jridgewell/source-map
1122 silly ADD node_modules/@jridgewell/set-array
1123 silly ADD node_modules/@jridgewell/resolve-uri
1124 silly ADD node_modules/@jridgewell/gen-mapping
1125 silly ADD node_modules/@emotion/weak-memoize
1126 silly ADD node_modules/@emotion/utils
1127 silly ADD node_modules/@emotion/use-insertion-effect-with-fallbacks
1128 silly ADD node_modules/@emotion/unitless
1129 silly ADD node_modules/@emotion/styled
1130 silly ADD node_modules/@emotion/sheet
1131 silly ADD node_modules/@emotion/serialize
1132 silly ADD node_modules/@emotion/react
1133 silly ADD node_modules/@emotion/memoize
1134 silly ADD node_modules/@emotion/is-prop-valid
1135 silly ADD node_modules/@emotion/hash
1136 silly ADD node_modules/@emotion/cache
1137 silly ADD node_modules/@emotion/babel-plugin
1138 silly ADD node_modules/@emotion/babel-plugin/node_modules/convert-source-map
1139 silly ADD node_modules/@discoveryjs/json-ext
1140 silly ADD node_modules/@babel/types
1141 silly ADD node_modules/@babel/traverse
1142 silly ADD node_modules/@babel/template
1143 silly ADD node_modules/@babel/runtime
1144 silly ADD node_modules/@babel/preset-react
1145 silly ADD node_modules/@babel/preset-modules
1146 silly ADD node_modules/@babel/preset-env
1147 silly ADD node_modules/@babel/plugin-transform-unicode-sets-regex
1148 silly ADD node_modules/@babel/plugin-transform-unicode-regex
1149 silly ADD node_modules/@babel/plugin-transform-unicode-property-regex
1150 silly ADD node_modules/@babel/plugin-transform-unicode-escapes
1151 silly ADD node_modules/@babel/plugin-transform-typeof-symbol
1152 silly ADD node_modules/@babel/plugin-transform-template-literals
1153 silly ADD node_modules/@babel/plugin-transform-sticky-regex
1154 silly ADD node_modules/@babel/plugin-transform-spread
1155 silly ADD node_modules/@babel/plugin-transform-shorthand-properties
1156 silly ADD node_modules/@babel/plugin-transform-reserved-words
1157 silly ADD node_modules/@babel/plugin-transform-regexp-modifiers
1158 silly ADD node_modules/@babel/plugin-transform-regenerator
1159 silly ADD node_modules/@babel/plugin-transform-react-pure-annotations
1160 silly ADD node_modules/@babel/plugin-transform-react-jsx-development
1161 silly ADD node_modules/@babel/plugin-transform-react-jsx
1162 silly ADD node_modules/@babel/plugin-transform-react-display-name
1163 silly ADD node_modules/@babel/plugin-transform-property-literals
1164 silly ADD node_modules/@babel/plugin-transform-private-property-in-object
1165 silly ADD node_modules/@babel/plugin-transform-private-methods
1166 silly ADD node_modules/@babel/plugin-transform-parameters
1167 silly ADD node_modules/@babel/plugin-transform-optional-chaining
1168 silly ADD node_modules/@babel/plugin-transform-optional-catch-binding
1169 silly ADD node_modules/@babel/plugin-transform-object-super
1170 silly ADD node_modules/@babel/plugin-transform-object-rest-spread
1171 silly ADD node_modules/@babel/plugin-transform-numeric-separator
1172 silly ADD node_modules/@babel/plugin-transform-nullish-coalescing-operator
1173 silly ADD node_modules/@babel/plugin-transform-new-target
1174 silly ADD node_modules/@babel/plugin-transform-named-capturing-groups-regex
1175 silly ADD node_modules/@babel/plugin-transform-modules-umd
1176 silly ADD node_modules/@babel/plugin-transform-modules-systemjs
1177 silly ADD node_modules/@babel/plugin-transform-modules-commonjs
1178 silly ADD node_modules/@babel/plugin-transform-modules-amd
1179 silly ADD node_modules/@babel/plugin-transform-member-expression-literals
1180 silly ADD node_modules/@babel/plugin-transform-logical-assignment-operators
1181 silly ADD node_modules/@babel/plugin-transform-literals
1182 silly ADD node_modules/@babel/plugin-transform-json-strings
1183 silly ADD node_modules/@babel/plugin-transform-function-name
1184 silly ADD node_modules/@babel/plugin-transform-for-of
1185 silly ADD node_modules/@babel/plugin-transform-export-namespace-from
1186 silly ADD node_modules/@babel/plugin-transform-exponentiation-operator
1187 silly ADD node_modules/@babel/plugin-transform-dynamic-import
1188 silly ADD node_modules/@babel/plugin-transform-duplicate-named-capturing-groups-regex
1189 silly ADD node_modules/@babel/plugin-transform-duplicate-keys
1190 silly ADD node_modules/@babel/plugin-transform-dotall-regex
1191 silly ADD node_modules/@babel/plugin-transform-destructuring
1192 silly ADD node_modules/@babel/plugin-transform-computed-properties
1193 silly ADD node_modules/@babel/plugin-transform-classes
1194 silly ADD node_modules/@babel/plugin-transform-class-static-block
1195 silly ADD node_modules/@babel/plugin-transform-class-properties
1196 silly ADD node_modules/@babel/plugin-transform-block-scoping
1197 silly ADD node_modules/@babel/plugin-transform-block-scoped-functions
1198 silly ADD node_modules/@babel/plugin-transform-async-to-generator
1199 silly ADD node_modules/@babel/plugin-transform-async-generator-functions
1200 silly ADD node_modules/@babel/plugin-transform-arrow-functions
1201 silly ADD node_modules/@babel/plugin-syntax-unicode-sets-regex
1202 silly ADD node_modules/@babel/plugin-syntax-jsx
1203 silly ADD node_modules/@babel/plugin-syntax-import-attributes
1204 silly ADD node_modules/@babel/plugin-syntax-import-assertions
1205 silly ADD node_modules/@babel/plugin-proposal-private-property-in-object
1206 silly ADD node_modules/@babel/plugin-bugfix-v8-static-class-fields-redefine-readonly
1207 silly ADD node_modules/@babel/plugin-bugfix-v8-spread-parameters-in-optional-chaining
1208 silly ADD node_modules/@babel/plugin-bugfix-safari-id-destructuring-collision-in-function-expression
1209 silly ADD node_modules/@babel/plugin-bugfix-safari-class-field-initializer-scope
1210 silly ADD node_modules/@babel/plugin-bugfix-firefox-class-in-computed-class-key
1211 silly ADD node_modules/@babel/parser
1212 silly ADD node_modules/@babel/helpers
1213 silly ADD node_modules/@babel/helper-wrap-function
1214 silly ADD node_modules/@babel/helper-validator-option
1215 silly ADD node_modules/@babel/helper-validator-identifier
1216 silly ADD node_modules/@babel/helper-string-parser
1217 silly ADD node_modules/@babel/helper-skip-transparent-expression-wrappers
1218 silly ADD node_modules/@babel/helper-replace-supers
1219 silly ADD node_modules/@babel/helper-remap-async-to-generator
1220 silly ADD node_modules/@babel/helper-plugin-utils
1221 silly ADD node_modules/@babel/helper-optimise-call-expression
1222 silly ADD node_modules/@babel/helper-module-transforms
1223 silly ADD node_modules/@babel/helper-module-imports
1224 silly ADD node_modules/@babel/helper-member-expression-to-functions
1225 silly ADD node_modules/@babel/helper-define-polyfill-provider
1226 silly ADD node_modules/@babel/helper-create-regexp-features-plugin
1227 silly ADD node_modules/@babel/helper-create-class-features-plugin
1228 silly ADD node_modules/@babel/helper-compilation-targets
1229 silly ADD node_modules/@babel/helper-annotate-as-pure
1230 silly ADD node_modules/@babel/generator
1231 silly ADD node_modules/@babel/core
1232 silly ADD node_modules/@babel/compat-data
1233 silly ADD node_modules/@babel/code-frame
1234 silly ADD node_modules/@ampproject/remapping
1235 timing command:i Completed in 1475ms
1236 verbose exit 0
1237 timing npm Completed in 1509ms
1238 info ok
