0 verbose cli C:\Program Files\nodejs\node.exe C:\Users\Administrator\AppData\Roaming\npm\node_modules\npm\bin\npm-cli.js
1 info using npm@10.2.5
2 info using node@v20.12.1
3 timing npm:load:whichnode Completed in 1ms
4 timing config:load:defaults Completed in 2ms
5 timing config:load:file:C:\Users\Administrator\AppData\Roaming\npm\node_modules\npm\npmrc Completed in 2ms
6 timing config:load:builtin Completed in 2ms
7 timing config:load:cli Completed in 1ms
8 timing config:load:env Completed in 0ms
9 timing config:load:file:C:\Users\Administrator\Desktop\Okta\OktaDenverHomeP\.npmrc Completed in 1ms
10 timing config:load:project Completed in 1ms
11 timing config:load:file:C:\Users\Administrator\.npmrc Completed in 0ms
12 timing config:load:user Completed in 0ms
13 timing config:load:file:C:\Users\Administrator\AppData\Roaming\npm\etc\npmrc Completed in 1ms
14 timing config:load:global Completed in 1ms
15 timing config:load:setEnvs Completed in 0ms
16 timing config:load Completed in 9ms
17 timing npm:load:configload Completed in 9ms
18 timing config:load:flatten Completed in 2ms
19 timing npm:load:mkdirpcache Completed in 0ms
20 timing npm:load:mkdirplogs Completed in 0ms
21 verbose title npm install
22 verbose argv "install"
23 timing npm:load:setTitle Completed in 0ms
24 timing npm:load:display Completed in 1ms
25 verbose logfile logs-max:10 dir:C:\Users\Administrator\Desktop\Okta\OktaDenverHomeP\.npm-cache\_logs\2025-02-27T06_36_00_135Z-
26 verbose logfile C:\Users\Administrator\Desktop\Okta\OktaDenverHomeP\.npm-cache\_logs\2025-02-27T06_36_00_135Z-debug-0.log
27 timing npm:load:logFile Completed in 7ms
28 timing npm:load:timers Completed in 0ms
29 timing npm:load:configScope Completed in 0ms
30 timing npm:load Completed in 45ms
31 timing arborist:ctor Completed in 1ms
32 silly logfile done cleaning log files
33 timing arborist:ctor Completed in 0ms
34 timing idealTree:init Completed in 9ms
35 timing idealTree:userRequests Completed in 0ms
36 silly idealTree buildDeps
37 silly fetch manifest react@^18.2.0
38 http fetch GET 200 https://registry.npmjs.org/npm 181ms
39 http fetch GET 200 https://registry.npmjs.org/react 231ms (cache miss)
40 silly fetch manifest react-dom@^18.2.0
41 http fetch GET 200 https://registry.npmjs.org/react-dom 105ms (cache miss)
42 silly fetch manifest react-router-dom@^6.22.1
43 http fetch GET 200 https://registry.npmjs.org/react-router-dom 92ms (cache miss)
44 silly fetch manifest styled-components@^6.1.8
45 http fetch GET 200 https://registry.npmjs.org/styled-components 52ms (cache miss)
46 silly fetch manifest @mui/material@^5.15.10
47 http fetch GET 200 https://registry.npmjs.org/@mui%2fmaterial 143ms (cache miss)
48 silly fetch manifest @emotion/react@^11.11.3
49 http fetch GET 200 https://registry.npmjs.org/@emotion%2freact 188ms (cache miss)
50 silly fetch manifest @emotion/styled@^11.11.0
51 http fetch GET 200 https://registry.npmjs.org/@emotion%2fstyled 66ms (cache miss)
52 silly fetch manifest @types/react@^17.0.0 || ^18.0.0 || ^19.0.0
53 http fetch GET 200 https://registry.npmjs.org/@types%2freact 76ms (cache miss)
54 silly fetch manifest @babel/core@^7.23.9
55 http fetch GET 200 https://registry.npmjs.org/@babel%2fcore 51ms (cache miss)
56 silly fetch manifest @babel/preset-react@^7.23.9
57 http fetch GET 200 https://registry.npmjs.org/@babel%2fpreset-react 132ms (cache miss)
58 silly fetch manifest @babel/preset-env@^7.23.9
59 http fetch GET 200 https://registry.npmjs.org/@babel%2fpreset-env 126ms (cache miss)
60 silly fetch manifest webpack@^5.90.3
61 http fetch GET 200 https://registry.npmjs.org/webpack 61ms (cache miss)
62 silly fetch manifest webpack-cli@^5.1.4
63 http fetch GET 200 https://registry.npmjs.org/webpack-cli 41ms (cache miss)
64 silly fetch manifest webpack-dev-server@^5.0.2
65 http fetch GET 200 https://registry.npmjs.org/webpack-dev-server 44ms (cache miss)
66 silly fetch manifest babel-loader@^9.1.3
67 http fetch GET 200 https://registry.npmjs.org/babel-loader 37ms (cache miss)
68 silly fetch manifest css-loader@^6.10.0
69 http fetch GET 200 https://registry.npmjs.org/css-loader 42ms (cache miss)
70 silly fetch manifest @rspack/core@0.x || 1.x
71 http fetch GET 200 https://registry.npmjs.org/@rspack%2fcore 351ms (cache miss)
72 silly fetch manifest @rspack/tracing@^1.x
73 http fetch GET 200 https://registry.npmjs.org/@rspack%2ftracing 151ms (cache miss)
74 silly fetch manifest @swc/helpers@>=0.5.1
75 http fetch GET 200 https://registry.npmjs.org/@swc%2fhelpers 84ms (cache miss)
76 silly fetch manifest style-loader@^3.3.4
77 http fetch GET 200 https://registry.npmjs.org/style-loader 44ms (cache miss)
78 silly fetch manifest html-webpack-plugin@^5.6.0
79 http fetch GET 200 https://registry.npmjs.org/html-webpack-plugin 62ms (cache miss)
80 silly placeDep ROOT @babel/core@7.26.9 OK for: shopping-website@1.0.0 want: ^7.23.9
81 silly fetch manifest debug@^4.1.0
82 silly fetch manifest json5@^2.2.3
83 silly fetch manifest semver@^6.3.1
84 silly fetch manifest gensync@^1.0.0-beta.2
85 silly fetch manifest @babel/types@^7.26.9
86 silly fetch manifest @babel/parser@^7.26.9
87 silly fetch manifest @babel/helpers@^7.26.9
88 silly fetch manifest @babel/template@^7.26.9
89 silly fetch manifest @babel/traverse@^7.26.9
90 silly fetch manifest @babel/generator@^7.26.9
91 silly fetch manifest @babel/code-frame@^7.26.2
92 silly fetch manifest convert-source-map@^2.0.0
93 silly fetch manifest @ampproject/remapping@^2.2.0
94 silly fetch manifest @babel/helper-module-transforms@^7.26.0
95 silly fetch manifest @babel/helper-compilation-targets@^7.26.5
96 silly placeDep ROOT @babel/preset-env@7.26.9 OK for: shopping-website@1.0.0 want: ^7.23.9
97 silly fetch manifest core-js-compat@^3.40.0
98 silly fetch manifest @babel/compat-data@^7.26.8
99 silly fetch manifest @babel/preset-modules@0.1.6-no-external-plugins
100 silly fetch manifest @babel/helper-plugin-utils@^7.26.5
101 silly fetch manifest babel-plugin-polyfill-corejs2@^0.4.10
102 silly fetch manifest babel-plugin-polyfill-corejs3@^0.11.0
103 silly fetch manifest @babel/helper-validator-option@^7.25.9
104 silly fetch manifest @babel/plugin-transform-for-of@^7.26.9
105 silly fetch manifest @babel/plugin-transform-spread@^7.25.9
106 silly fetch manifest @babel/plugin-transform-classes@^7.25.9
107 silly fetch manifest @babel/plugin-transform-literals@^7.25.9
108 silly fetch manifest babel-plugin-polyfill-regenerator@^0.6.1
109 silly fetch manifest @babel/plugin-transform-new-target@^7.25.9
110 silly fetch manifest @babel/plugin-transform-parameters@^7.25.9
111 silly fetch manifest @babel/plugin-transform-modules-amd@^7.25.9
112 silly fetch manifest @babel/plugin-transform-modules-umd@^7.25.9
113 silly fetch manifest @babel/plugin-transform-regenerator@^7.25.9
114 silly fetch manifest @babel/plugin-transform-dotall-regex@^7.25.9
115 silly fetch manifest @babel/plugin-transform-json-strings@^7.25.9
116 silly fetch manifest @babel/plugin-transform-object-super@^7.25.9
117 silly fetch manifest @babel/plugin-transform-sticky-regex@^7.25.9
118 silly fetch manifest @babel/plugin-transform-block-scoping@^7.25.9
119 silly fetch manifest @babel/plugin-transform-destructuring@^7.25.9
120 silly fetch manifest @babel/plugin-transform-function-name@^7.25.9
121 silly fetch manifest @babel/plugin-transform-typeof-symbol@^7.26.7
122 silly fetch manifest @babel/plugin-transform-unicode-regex@^7.25.9
123 silly fetch manifest @babel/plugin-syntax-import-assertions@^7.26.0
124 silly fetch manifest @babel/plugin-syntax-import-attributes@^7.26.0
125 silly fetch manifest @babel/plugin-transform-duplicate-keys@^7.25.9
126 silly fetch manifest @babel/plugin-transform-dynamic-import@^7.25.9
127 silly fetch manifest @babel/plugin-transform-reserved-words@^7.25.9
128 silly fetch manifest @babel/plugin-syntax-unicode-sets-regex@^7.18.6
129 silly fetch manifest @babel/plugin-transform-arrow-functions@^7.25.9
130 silly fetch manifest @babel/plugin-transform-private-methods@^7.25.9
131 silly fetch manifest @babel/plugin-transform-unicode-escapes@^7.25.9
132 silly fetch manifest @babel/plugin-transform-class-properties@^7.25.9
133 silly fetch manifest @babel/plugin-transform-modules-commonjs@^7.26.3
134 silly fetch manifest @babel/plugin-transform-modules-systemjs@^7.25.9
135 silly fetch manifest @babel/plugin-transform-regexp-modifiers@^7.26.0
136 silly fetch manifest @babel/plugin-transform-numeric-separator@^7.25.9
137 silly fetch manifest @babel/plugin-transform-optional-chaining@^7.25.9
138 silly fetch manifest @babel/plugin-transform-property-literals@^7.25.9
139 silly fetch manifest @babel/plugin-transform-template-literals@^7.26.8
140 silly fetch manifest @babel/plugin-transform-async-to-generator@^7.25.9
141 silly fetch manifest @babel/plugin-transform-class-static-block@^7.26.0
142 silly fetch manifest @babel/plugin-transform-object-rest-spread@^7.25.9
143 silly fetch manifest @babel/plugin-transform-unicode-sets-regex@^7.25.9
144 silly fetch manifest @babel/plugin-transform-computed-properties@^7.25.9
145 silly fetch manifest @babel/plugin-transform-shorthand-properties@^7.25.9
146 silly fetch manifest @babel/plugin-transform-export-namespace-from@^7.25.9
147 silly fetch manifest @babel/plugin-transform-block-scoped-functions@^7.26.5
148 silly fetch manifest @babel/plugin-transform-optional-catch-binding@^7.25.9
149 silly fetch manifest @babel/plugin-transform-unicode-property-regex@^7.25.9
150 silly fetch manifest @babel/plugin-transform-exponentiation-operator@^7.26.3
151 silly fetch manifest @babel/plugin-proposal-private-property-in-object@7.21.0-placeholder-for-preset-env.2
152 silly fetch manifest @babel/plugin-transform-async-generator-functions@^7.26.8
153 silly fetch manifest @babel/plugin-transform-member-expression-literals@^7.25.9
154 silly fetch manifest @babel/plugin-transform-private-property-in-object@^7.25.9
155 silly fetch manifest @babel/plugin-transform-nullish-coalescing-operator@^7.26.6
156 silly fetch manifest @babel/plugin-transform-logical-assignment-operators@^7.25.9
157 silly fetch manifest @babel/plugin-transform-named-capturing-groups-regex@^7.25.9
158 silly fetch manifest @babel/plugin-bugfix-firefox-class-in-computed-class-key@^7.25.9
159 silly fetch manifest @babel/plugin-bugfix-safari-class-field-initializer-scope@^7.25.9
160 silly fetch manifest @babel/plugin-bugfix-v8-static-class-fields-redefine-readonly@^7.25.9
161 silly fetch manifest @babel/plugin-bugfix-v8-spread-parameters-in-optional-chaining@^7.25.9
162 silly fetch manifest @babel/plugin-transform-duplicate-named-capturing-groups-regex@^7.25.9
163 silly fetch manifest @babel/plugin-bugfix-safari-id-destructuring-collision-in-function-expression@^7.25.9
164 silly placeDep ROOT @babel/preset-react@7.26.3 OK for: shopping-website@1.0.0 want: ^7.23.9
165 silly fetch manifest @babel/helper-plugin-utils@^7.25.9
166 silly fetch manifest @babel/plugin-transform-react-jsx@^7.25.9
167 silly fetch manifest @babel/plugin-transform-react-display-name@^7.25.9
168 silly fetch manifest @babel/plugin-transform-react-jsx-development@^7.25.9
169 silly fetch manifest @babel/plugin-transform-react-pure-annotations@^7.25.9
170 silly placeDep ROOT @emotion/react@11.14.0 OK for: shopping-website@1.0.0 want: ^11.11.3
171 silly placeDep ROOT react@18.3.1 OK for: @emotion/react@11.14.0 want: >=16.8.0
172 silly fetch manifest @babel/runtime@^7.18.3
173 silly fetch manifest @emotion/babel-plugin@^11.13.5
174 silly fetch manifest @emotion/cache@^11.14.0
175 silly fetch manifest @emotion/serialize@^1.3.3
176 silly fetch manifest @emotion/use-insertion-effect-with-fallbacks@^1.2.0
177 silly fetch manifest @emotion/utils@^1.4.2
178 silly fetch manifest @emotion/weak-memoize@^0.4.0
179 silly fetch manifest hoist-non-react-statics@^3.3.1
180 silly fetch manifest loose-envify@^1.1.0
181 silly placeDep ROOT @emotion/styled@11.14.0 OK for: shopping-website@1.0.0 want: ^11.11.0
182 silly fetch manifest @emotion/is-prop-valid@^1.3.0
183 silly placeDep ROOT @mui/material@5.16.14 OK for: shopping-website@1.0.0 want: ^5.15.10
184 silly placeDep ROOT react-dom@18.3.1 OK for: @mui/material@5.16.14 want: ^17.0.0 || ^18.0.0 || ^19.0.0
185 silly fetch manifest clsx@^2.1.0
186 silly fetch manifest csstype@^3.1.3
187 silly fetch manifest react-is@^19.0.0
188 silly fetch manifest @mui/types@^7.2.15
189 silly fetch manifest @mui/utils@^5.16.14
190 silly fetch manifest prop-types@^15.8.1
191 silly fetch manifest @mui/system@^5.16.14
192 silly fetch manifest @babel/runtime@^7.23.9
193 silly fetch manifest @popperjs/core@^2.11.8
194 silly fetch manifest react-transition-group@^4.4.5
195 silly fetch manifest @mui/core-downloads-tracker@^5.16.14
196 silly fetch manifest @types/react-transition-group@^4.4.10
197 silly fetch manifest scheduler@^0.23.2
198 silly placeDep ROOT babel-loader@9.2.1 OK for: shopping-website@1.0.0 want: ^9.1.3
199 silly placeDep ROOT webpack@5.98.0 OK for: babel-loader@9.2.1 want: >=5
200 silly fetch manifest find-cache-dir@^4.0.0
201 silly fetch manifest schema-utils@^4.0.0
202 silly fetch manifest @types/eslint-scope@^3.7.7
203 silly fetch manifest @types/estree@^1.0.6
204 silly fetch manifest @webassemblyjs/ast@^1.14.1
205 silly fetch manifest @webassemblyjs/wasm-edit@^1.14.1
206 silly fetch manifest @webassemblyjs/wasm-parser@^1.14.1
207 silly fetch manifest acorn@^8.14.0
208 silly fetch manifest browserslist@^4.24.0
209 silly fetch manifest chrome-trace-event@^1.0.2
210 silly fetch manifest enhanced-resolve@^5.17.1
211 silly fetch manifest es-module-lexer@^1.2.1
212 silly fetch manifest eslint-scope@5.1.1
213 silly fetch manifest events@^3.2.0
214 silly fetch manifest glob-to-regexp@^0.4.1
215 silly fetch manifest graceful-fs@^4.2.11
216 silly fetch manifest json-parse-even-better-errors@^2.3.1
217 silly fetch manifest loader-runner@^4.2.0
218 silly fetch manifest mime-types@^2.1.27
219 silly fetch manifest neo-async@^2.6.2
220 silly fetch manifest schema-utils@^4.3.0
221 silly fetch manifest tapable@^2.1.1
222 silly fetch manifest terser-webpack-plugin@^5.3.11
223 silly fetch manifest watchpack@^2.4.1
224 silly fetch manifest webpack-sources@^3.2.3
225 silly placeDep ROOT css-loader@6.11.0 OK for: shopping-website@1.0.0 want: ^6.10.0
226 silly fetch manifest icss-utils@^5.1.0
227 silly fetch manifest postcss@^8.4.33
228 silly fetch manifest postcss-modules-extract-imports@^3.1.0
229 silly fetch manifest postcss-modules-local-by-default@^4.0.5
230 silly fetch manifest postcss-modules-scope@^3.2.0
231 silly fetch manifest postcss-modules-values@^4.0.0
232 silly fetch manifest postcss-value-parser@^4.2.0
233 silly fetch manifest semver@^7.5.4
234 silly placeDep ROOT html-webpack-plugin@5.6.3 OK for: shopping-website@1.0.0 want: ^5.6.0
235 silly fetch manifest @types/html-minifier-terser@^6.0.0
236 silly fetch manifest html-minifier-terser@^6.0.2
237 silly fetch manifest lodash@^4.17.21
238 silly fetch manifest pretty-error@^4.0.0
239 silly fetch manifest tapable@^2.0.0
240 silly placeDep ROOT react-router-dom@6.29.0 OK for: shopping-website@1.0.0 want: ^6.22.1
241 silly fetch manifest react-router@6.29.0
242 silly fetch manifest @remix-run/router@1.22.0
243 silly placeDep ROOT style-loader@3.3.4 OK for: shopping-website@1.0.0 want: ^3.3.4
244 silly placeDep ROOT styled-components@6.1.15 OK for: shopping-website@1.0.0 want: ^6.1.8
245 silly fetch manifest @emotion/is-prop-valid@1.2.2
246 silly fetch manifest @emotion/unitless@0.8.1
247 silly fetch manifest @types/stylis@4.2.5
248 silly fetch manifest css-to-react-native@3.2.0
249 silly fetch manifest csstype@3.1.3
250 silly fetch manifest postcss@8.4.49
251 silly fetch manifest shallowequal@1.1.0
252 silly fetch manifest stylis@4.3.2
253 silly fetch manifest tslib@2.6.2
254 silly placeDep ROOT webpack-cli@5.1.4 OK for: shopping-website@1.0.0 want: ^5.1.4
255 silly fetch manifest envinfo@^7.7.3
256 silly fetch manifest rechoir@^0.8.0
257 silly fetch manifest colorette@^2.0.14
258 silly fetch manifest commander@^10.0.1
259 silly fetch manifest interpret@^3.1.1
260 silly fetch manifest cross-spawn@^7.0.3
261 silly fetch manifest import-local@^3.0.2
262 silly fetch manifest webpack-merge@^5.7.3
263 silly fetch manifest @webpack-cli/info@^2.0.2
264 silly fetch manifest @webpack-cli/serve@^2.0.5
265 silly fetch manifest fastest-levenshtein@^1.0.12
266 silly fetch manifest @discoveryjs/json-ext@^0.5.0
267 silly fetch manifest @webpack-cli/configtest@^2.1.1
268 silly placeDep ROOT webpack-dev-server@5.2.0 OK for: shopping-website@1.0.0 want: ^5.0.2
269 silly fetch manifest ws@^8.18.0
270 silly fetch manifest open@^10.0.3
271 silly fetch manifest spdy@^4.0.2
272 silly fetch manifest sockjs@^0.3.24
273 silly fetch manifest express@^4.21.2
274 silly fetch manifest p-retry@^6.2.0
275 silly fetch manifest chokidar@^3.6.0
276 silly fetch manifest @types/ws@^8.5.10
277 silly fetch manifest colorette@^2.0.10
278 silly fetch manifest ipaddr.js@^2.1.0
279 silly fetch manifest selfsigned@^2.4.1
280 silly fetch manifest compression@^1.7.4
281 silly fetch manifest graceful-fs@^4.2.6
282 silly fetch manifest serve-index@^1.9.1
283 silly fetch manifest schema-utils@^4.2.0
284 silly fetch manifest @types/sockjs@^0.3.36
285 silly fetch manifest launch-editor@^2.6.1
286 silly fetch manifest @types/bonjour@^3.5.13
287 silly fetch manifest @types/express@^4.17.21
288 silly fetch manifest bonjour-service@^1.2.1
289 silly fetch manifest @types/serve-index@^1.9.4
290 silly fetch manifest @types/serve-static@^1.15.5
291 silly fetch manifest ansi-html-community@^0.0.8
292 silly fetch manifest http-proxy-middleware@^2.0.7
293 silly fetch manifest webpack-dev-middleware@^7.4.2
294 silly fetch manifest connect-history-api-fallback@^2.0.0
295 silly fetch manifest @types/connect-history-api-fallback@^1.5.4
296 http fetch GET 200 https://registry.npmjs.org/debug 1220ms (cache miss)
297 http fetch GET 200 https://registry.npmjs.org/json5 1220ms (cache miss)
298 http fetch GET 200 https://registry.npmjs.org/gensync 1256ms (cache miss)
299 http fetch GET 200 https://registry.npmjs.org/@babel%2fplugin-bugfix-firefox-class-in-computed-class-key 1225ms (cache miss)
300 http fetch GET 200 https://registry.npmjs.org/@emotion%2fuse-insertion-effect-with-fallbacks 1219ms (cache miss)
301 http fetch GET 200 https://registry.npmjs.org/@babel%2fplugin-transform-duplicate-named-capturing-groups-regex 1232ms (cache miss)
302 http fetch GET 200 https://registry.npmjs.org/@babel%2fplugin-transform-regexp-modifiers 1248ms (cache miss)
303 http fetch GET 200 https://registry.npmjs.org/@babel%2fplugin-bugfix-safari-class-field-initializer-scope 1236ms (cache miss)
304 http fetch GET 200 https://registry.npmjs.org/@babel%2fpreset-modules 1272ms (cache miss)
305 http fetch GET 200 https://registry.npmjs.org/@babel%2fplugin-syntax-import-attributes 1262ms (cache miss)
306 http fetch GET 200 https://registry.npmjs.org/@babel%2fplugin-transform-private-methods 1257ms (cache miss)
307 http fetch GET 200 https://registry.npmjs.org/@babel%2fplugin-transform-class-properties 1258ms (cache miss)
308 http fetch GET 200 https://registry.npmjs.org/@babel%2fplugin-transform-optional-catch-binding 1254ms (cache miss)
309 http fetch GET 200 https://registry.npmjs.org/@babel%2fplugin-transform-private-property-in-object 1253ms (cache miss)
310 http fetch GET 200 https://registry.npmjs.org/@babel%2fplugin-bugfix-v8-static-class-fields-redefine-readonly 1248ms (cache miss)
311 http fetch GET 200 https://registry.npmjs.org/@babel%2fplugin-transform-json-strings 1277ms (cache miss)
312 http fetch GET 200 https://registry.npmjs.org/@babel%2fplugin-transform-dynamic-import 1271ms (cache miss)
313 http fetch GET 200 https://registry.npmjs.org/events 1223ms (cache miss)
314 http fetch GET 200 https://registry.npmjs.org/@babel%2fplugin-transform-export-namespace-from 1267ms (cache miss)
315 http fetch GET 200 https://registry.npmjs.org/@babel%2fplugin-transform-unicode-property-regex 1266ms (cache miss)
316 http fetch GET 200 https://registry.npmjs.org/@babel%2fplugin-transform-unicode-sets-regex 1270ms (cache miss)
317 http fetch GET 200 https://registry.npmjs.org/@babel%2fplugin-syntax-unicode-sets-regex 1276ms (cache miss)
318 http fetch GET 200 https://registry.npmjs.org/convert-source-map 1301ms (cache miss)
319 http fetch GET 200 https://registry.npmjs.org/clsx 1252ms (cache miss)
320 http fetch GET 200 https://registry.npmjs.org/@babel%2fplugin-transform-numeric-separator 1281ms (cache miss)
321 http fetch GET 200 https://registry.npmjs.org/find-cache-dir 1242ms (cache miss)
322 http fetch GET 200 https://registry.npmjs.org/@babel%2fplugin-transform-object-rest-spread 1280ms (cache miss)
323 http fetch GET 200 https://registry.npmjs.org/@babel%2fplugin-transform-class-static-block 1282ms (cache miss)
324 http fetch GET 200 https://registry.npmjs.org/@babel%2fplugin-transform-nullish-coalescing-operator 1277ms (cache miss)
325 http fetch GET 200 https://registry.npmjs.org/@babel%2fplugin-transform-logical-assignment-operators 1274ms (cache miss)
326 http fetch GET 200 https://registry.npmjs.org/@babel%2fplugin-transform-optional-chaining 1292ms (cache miss)
327 http fetch GET 200 https://registry.npmjs.org/postcss-value-parser 1245ms (cache miss)
328 http fetch GET 200 https://registry.npmjs.org/@types%2feslint-scope 1265ms (cache miss)
329 http fetch GET 200 https://registry.npmjs.org/json-parse-even-better-errors 1259ms (cache miss)
330 http fetch GET 200 https://registry.npmjs.org/@emotion%2funitless 1245ms (cache miss)
331 http fetch GET 200 https://registry.npmjs.org/shallowequal 1252ms (cache miss)
332 http fetch GET 200 https://registry.npmjs.org/chrome-trace-event 1277ms (cache miss)
333 http fetch GET 200 https://registry.npmjs.org/glob-to-regexp 1275ms (cache miss)
334 http fetch GET 200 https://registry.npmjs.org/@ampproject%2fremapping 1346ms (cache miss)
335 http fetch GET 200 https://registry.npmjs.org/neo-async 1278ms (cache miss)
336 http fetch GET 200 https://registry.npmjs.org/eslint-scope 1282ms (cache miss)
337 http fetch GET 200 https://registry.npmjs.org/loose-envify 1306ms (cache miss)
338 http fetch GET 200 https://registry.npmjs.org/@babel%2fplugin-transform-react-pure-annotations 1316ms (cache miss)
339 http fetch GET 200 https://registry.npmjs.org/@babel%2fhelper-validator-option 1351ms (cache miss)
340 http fetch GET 200 https://registry.npmjs.org/@babel%2fplugin-bugfix-safari-id-destructuring-collision-in-function-expression 1322ms (cache miss)
341 http fetch GET 200 https://registry.npmjs.org/rechoir 1269ms (cache miss)
342 http fetch GET 200 https://registry.npmjs.org/babel-plugin-polyfill-regenerator 1357ms (cache miss)
343 http fetch GET 200 https://registry.npmjs.org/@emotion%2futils 1322ms (cache miss)
344 http fetch GET 200 https://registry.npmjs.org/@babel%2fplugin-syntax-import-assertions 1353ms (cache miss)
345 http fetch GET 200 https://registry.npmjs.org/hoist-non-react-statics 1323ms (cache miss)
346 http fetch GET 200 https://registry.npmjs.org/@mui%2ftypes 1319ms (cache miss)
347 http fetch GET 200 https://registry.npmjs.org/loader-runner 1303ms (cache miss)
348 http fetch GET 200 https://registry.npmjs.org/@babel%2fplugin-bugfix-v8-spread-parameters-in-optional-chaining 1341ms (cache miss)
349 http fetch GET 200 https://registry.npmjs.org/@babel%2fplugin-proposal-private-property-in-object 1349ms (cache miss)
350 http fetch GET 200 https://registry.npmjs.org/css-to-react-native 1290ms (cache miss)
351 http fetch GET 200 https://registry.npmjs.org/connect-history-api-fallback 1260ms (cache miss)
352 http fetch GET 200 https://registry.npmjs.org/ansi-html-community 1266ms (cache miss)
353 http fetch GET 200 https://registry.npmjs.org/@types%2fsockjs 1271ms (cache miss)
354 http fetch GET 200 https://registry.npmjs.org/mime-types 1324ms (cache miss)
355 http fetch GET 200 https://registry.npmjs.org/prop-types 1340ms (cache miss)
356 http fetch GET 200 https://registry.npmjs.org/import-local 1295ms (cache miss)
357 http fetch GET 200 https://registry.npmjs.org/icss-utils 1320ms (cache miss)
358 http fetch GET 200 https://registry.npmjs.org/@types%2fhtml-minifier-terser 1318ms (cache miss)
359 http fetch GET 200 https://registry.npmjs.org/tapable 1330ms (cache miss)
360 http fetch GET 200 https://registry.npmjs.org/@emotion%2fis-prop-valid 1314ms (cache miss)
361 http fetch GET 200 https://registry.npmjs.org/@babel%2fplugin-transform-unicode-escapes 1382ms (cache miss)
362 http fetch GET 200 https://registry.npmjs.org/@babel%2fplugin-transform-react-jsx-development 1363ms (cache miss)
363 http fetch GET 200 https://registry.npmjs.org/@types%2festree 1341ms (cache miss)
364 http fetch GET 200 https://registry.npmjs.org/cross-spawn 1305ms (cache miss)
365 http fetch GET 200 https://registry.npmjs.org/@emotion%2fweak-memoize 1361ms (cache miss)
366 http fetch GET 200 https://registry.npmjs.org/sockjs 1296ms (cache miss)
367 http fetch GET 200 https://registry.npmjs.org/@types%2fstylis 1320ms (cache miss)
368 http fetch GET 200 https://registry.npmjs.org/babel-plugin-polyfill-corejs2 1405ms (cache miss)
369 http fetch GET 200 https://registry.npmjs.org/tslib 1320ms (cache miss)
370 http fetch GET 200 https://registry.npmjs.org/graceful-fs 1344ms (cache miss)
371 http fetch GET 200 https://registry.npmjs.org/html-minifier-terser 1331ms (cache miss)
372 http fetch GET 200 https://registry.npmjs.org/compression 1297ms (cache miss)
373 http fetch GET 200 https://registry.npmjs.org/ipaddr.js 1299ms (cache miss)
374 http fetch GET 200 https://registry.npmjs.org/@babel%2fplugin-transform-async-generator-functions 1387ms (cache miss)
375 http fetch GET 200 https://registry.npmjs.org/launch-editor 1295ms (cache miss)
376 http fetch GET 200 https://registry.npmjs.org/postcss-modules-extract-imports 1338ms (cache miss)
377 http fetch GET 200 https://registry.npmjs.org/@types%2fconnect-history-api-fallback 1288ms (cache miss)
378 http fetch GET 200 https://registry.npmjs.org/@types%2fbonjour 1298ms (cache miss)
379 http fetch GET 200 https://registry.npmjs.org/tapable 1336ms (cache miss)
380 http fetch GET 200 https://registry.npmjs.org/@types%2fserve-index 1298ms (cache miss)
381 http fetch GET 200 https://registry.npmjs.org/schema-utils 1357ms (cache miss)
382 http fetch GET 200 https://registry.npmjs.org/serve-index 1305ms (cache miss)
383 http fetch GET 200 https://registry.npmjs.org/babel-plugin-polyfill-corejs3 1421ms (cache miss)
384 http fetch GET 200 https://registry.npmjs.org/react-transition-group 1371ms (cache miss)
385 http fetch GET 200 https://registry.npmjs.org/pretty-error 1348ms (cache miss)
386 http fetch GET 200 https://registry.npmjs.org/postcss-modules-values 1352ms (cache miss)
387 http fetch GET 200 https://registry.npmjs.org/postcss-modules-scope 1353ms (cache miss)
388 http fetch GET 200 https://registry.npmjs.org/@webpack-cli%2fconfigtest 1326ms (cache miss)
389 http fetch GET 200 https://registry.npmjs.org/schema-utils 1363ms (cache miss)
390 http fetch GET 200 https://registry.npmjs.org/interpret 1337ms (cache miss)
391 http fetch GET 200 https://registry.npmjs.org/selfsigned 1321ms (cache miss)
392 http fetch GET 200 https://registry.npmjs.org/@babel%2fplugin-transform-dotall-regex 1427ms (cache miss)
393 http fetch GET 200 https://registry.npmjs.org/@babel%2fhelper-plugin-utils 1400ms (cache miss)
394 http fetch GET 200 https://registry.npmjs.org/@babel%2fcode-frame 1441ms (cache miss)
395 http fetch GET 200 https://registry.npmjs.org/@babel%2fplugin-transform-property-literals 1418ms (cache miss)
396 http fetch GET 200 https://registry.npmjs.org/graceful-fs 1326ms (cache miss)
397 http fetch GET 200 https://registry.npmjs.org/@discoveryjs%2fjson-ext 1339ms (cache miss)
398 http fetch GET 200 https://registry.npmjs.org/@babel%2fplugin-transform-duplicate-keys 1430ms (cache miss)
399 http fetch GET 200 https://registry.npmjs.org/@babel%2fplugin-transform-named-capturing-groups-regex 1415ms (cache miss)
400 http fetch GET 200 https://registry.npmjs.org/fastest-levenshtein 1344ms (cache miss)
401 http fetch GET 200 https://registry.npmjs.org/@types%2fserve-static 1328ms (cache miss)
402 http fetch GET 200 https://registry.npmjs.org/bonjour-service 1329ms (cache miss)
403 http fetch GET 200 https://registry.npmjs.org/@babel%2fplugin-transform-object-super 1440ms (cache miss)
404 http fetch GET 200 https://registry.npmjs.org/p-retry 1343ms (cache miss)
405 http fetch GET 200 https://registry.npmjs.org/@babel%2fplugin-transform-new-target 1447ms (cache miss)
406 http fetch GET 200 https://registry.npmjs.org/@babel%2fplugin-transform-sticky-regex 1445ms (cache miss)
407 http fetch GET 200 https://registry.npmjs.org/@babel%2fplugin-transform-unicode-regex 1445ms (cache miss)
408 http fetch GET 200 https://registry.npmjs.org/@babel%2fplugin-transform-shorthand-properties 1434ms (cache miss)
409 http fetch GET 200 https://registry.npmjs.org/@babel%2fplugin-transform-block-scoped-functions 1433ms (cache miss)
410 http fetch GET 200 https://registry.npmjs.org/@emotion%2fis-prop-valid 1413ms (cache miss)
411 http fetch GET 200 https://registry.npmjs.org/webpack-sources 1386ms (cache miss)
412 http fetch GET 200 https://registry.npmjs.org/@babel%2fplugin-transform-literals 1455ms (cache miss)
413 http fetch GET 200 https://registry.npmjs.org/semver 1471ms (cache miss)
414 http fetch GET 200 https://registry.npmjs.org/@babel%2fhelper-plugin-utils 1460ms (cache miss)
415 http fetch GET 200 https://registry.npmjs.org/@babel%2fplugin-transform-reserved-words 1449ms (cache miss)
416 http fetch GET 200 https://registry.npmjs.org/lodash 1386ms (cache miss)
417 http fetch GET 200 https://registry.npmjs.org/colorette 1376ms (cache miss)
418 http fetch GET 200 https://registry.npmjs.org/postcss-modules-local-by-default 1391ms (cache miss)
419 http fetch GET 200 https://registry.npmjs.org/@types%2fexpress 1349ms (cache miss)
420 http fetch GET 200 https://registry.npmjs.org/@babel%2fplugin-transform-typeof-symbol 1458ms (cache miss)
421 http fetch GET 200 https://registry.npmjs.org/@babel%2fplugin-transform-exponentiation-operator 1445ms (cache miss)
422 http fetch GET 200 https://registry.npmjs.org/@babel%2fplugin-transform-member-expression-literals 1445ms (cache miss)
423 http fetch GET 200 https://registry.npmjs.org/schema-utils 1356ms (cache miss)
424 http fetch GET 200 https://registry.npmjs.org/semver 1395ms (cache miss)
425 http fetch GET 200 https://registry.npmjs.org/@babel%2fplugin-transform-modules-umd 1466ms (cache miss)
426 http fetch GET 200 https://registry.npmjs.org/@babel%2fplugin-transform-react-display-name 1437ms (cache miss)
427 http fetch GET 200 https://registry.npmjs.org/@babel%2fplugin-transform-template-literals 1455ms (cache miss)
428 http fetch GET 200 https://registry.npmjs.org/colorette 1369ms (cache miss)
429 http fetch GET 200 https://registry.npmjs.org/watchpack 1412ms (cache miss)
430 http fetch GET 200 https://registry.npmjs.org/@babel%2fhelper-compilation-targets 1484ms (cache miss)
431 http fetch GET 200 https://registry.npmjs.org/@babel%2fplugin-transform-function-name 1473ms (cache miss)
432 http fetch GET 200 https://registry.npmjs.org/@babel%2fplugin-transform-async-to-generator 1464ms (cache miss)
433 http fetch GET 200 https://registry.npmjs.org/@babel%2fplugin-transform-arrow-functions 1470ms (cache miss)
434 http fetch GET 200 https://registry.npmjs.org/@babel%2fplugin-transform-computed-properties 1465ms (cache miss)
435 http fetch GET 200 https://registry.npmjs.org/@emotion%2fbabel-plugin 1449ms (cache miss)
436 http fetch GET 200 https://registry.npmjs.org/@webpack-cli%2finfo 1388ms (cache miss)
437 http fetch GET 200 https://registry.npmjs.org/@babel%2fplugin-transform-spread 1489ms (cache miss)
438 http fetch GET 200 https://registry.npmjs.org/@babel%2ftemplate 1502ms (cache miss)
439 http fetch GET 200 https://registry.npmjs.org/@types%2freact-transition-group 1440ms (cache miss)
440 http fetch GET 200 https://registry.npmjs.org/@babel%2fplugin-transform-modules-amd 1491ms (cache miss)
441 http fetch GET 200 https://registry.npmjs.org/@babel%2fplugin-transform-regenerator 1492ms (cache miss)
442 http fetch GET 200 https://registry.npmjs.org/@emotion%2fserialize 1461ms (cache miss)
443 http fetch GET 200 https://registry.npmjs.org/@babel%2fplugin-transform-for-of 1499ms (cache miss)
444 http fetch GET 200 https://registry.npmjs.org/@webpack-cli%2fserve 1402ms (cache miss)
445 http fetch GET 200 https://registry.npmjs.org/@emotion%2fcache 1467ms (cache miss)
446 http fetch GET 200 https://registry.npmjs.org/@mui%2fcore-downloads-tracker 1453ms (cache miss)
447 http fetch GET 200 https://registry.npmjs.org/open 1405ms (cache miss)
448 http fetch GET 200 https://registry.npmjs.org/csstype 1465ms (cache miss)
449 http fetch GET 200 https://registry.npmjs.org/@babel%2fplugin-transform-parameters 1509ms (cache miss)
450 http fetch GET 200 https://registry.npmjs.org/stylis 1429ms (cache miss)
451 http fetch GET 200 https://registry.npmjs.org/@babel%2fplugin-transform-modules-systemjs 1500ms (cache miss)
452 http fetch GET 200 https://registry.npmjs.org/@types%2fws 1409ms (cache miss)
453 http fetch GET 200 https://registry.npmjs.org/chokidar 1411ms (cache miss)
454 http fetch GET 200 https://registry.npmjs.org/@babel%2fplugin-transform-react-jsx 1488ms (cache miss)
455 http fetch GET 200 https://registry.npmjs.org/es-module-lexer 1461ms (cache miss)
456 http fetch GET 200 https://registry.npmjs.org/@babel%2fhelper-module-transforms 1528ms (cache miss)
457 http fetch GET 200 https://registry.npmjs.org/@webassemblyjs%2fast 1466ms (cache miss)
458 http fetch GET 200 https://registry.npmjs.org/@babel%2fplugin-transform-destructuring 1518ms (cache miss)
459 http fetch GET 200 https://registry.npmjs.org/@babel%2fcompat-data 1528ms (cache miss)
460 http fetch GET 200 https://registry.npmjs.org/enhanced-resolve 1468ms (cache miss)
461 http fetch GET 200 https://registry.npmjs.org/csstype 1447ms (cache miss)
462 http fetch GET 200 https://registry.npmjs.org/envinfo 1449ms (cache miss)
463 http fetch GET 200 https://registry.npmjs.org/@babel%2fplugin-transform-classes 1535ms (cache miss)
464 http fetch GET 200 https://registry.npmjs.org/@babel%2fplugin-transform-block-scoping 1532ms (cache miss)
465 http fetch GET 200 https://registry.npmjs.org/webpack-merge 1442ms (cache miss)
466 http fetch GET 200 https://registry.npmjs.org/commander 1449ms (cache miss)
467 http fetch GET 200 https://registry.npmjs.org/@webassemblyjs%2fwasm-parser 1484ms (cache miss)
468 http fetch GET 200 https://registry.npmjs.org/spdy 1440ms (cache miss)
469 http fetch GET 200 https://registry.npmjs.org/@babel%2fplugin-transform-modules-commonjs 1531ms (cache miss)
470 http fetch GET 200 https://registry.npmjs.org/acorn 1488ms (cache miss)
471 http fetch GET 200 https://registry.npmjs.org/@webassemblyjs%2fwasm-edit 1492ms (cache miss)
472 http fetch GET 200 https://registry.npmjs.org/@babel%2fhelpers 1562ms (cache miss)
473 http fetch GET 200 https://registry.npmjs.org/http-proxy-middleware 1433ms (cache miss)
474 http fetch GET 200 https://registry.npmjs.org/webpack-dev-middleware 1435ms (cache miss)
475 http fetch GET 200 https://registry.npmjs.org/core-js-compat 1562ms (cache miss)
476 http fetch GET 200 https://registry.npmjs.org/@remix-run%2frouter 1483ms (cache miss)
477 http fetch GET 200 https://registry.npmjs.org/@babel%2ftypes 1576ms (cache miss)
478 http fetch GET 200 https://registry.npmjs.org/terser-webpack-plugin 1501ms (cache miss)
479 http fetch GET 200 https://registry.npmjs.org/@mui%2futils 1521ms (cache miss)
480 http fetch GET 200 https://registry.npmjs.org/ws 1467ms (cache miss)
481 http fetch GET 200 https://registry.npmjs.org/express 1466ms (cache miss)
482 http fetch GET 200 https://registry.npmjs.org/@babel%2fgenerator 1585ms (cache miss)
483 http fetch GET 200 https://registry.npmjs.org/@babel%2fruntime 1541ms (cache miss)
484 http fetch GET 200 https://registry.npmjs.org/@babel%2fruntime 1528ms (cache miss)
485 http fetch GET 200 https://registry.npmjs.org/@babel%2ftraverse 1591ms (cache miss)
486 http fetch GET 200 https://registry.npmjs.org/@popperjs%2fcore 1534ms (cache miss)
487 http fetch GET 200 https://registry.npmjs.org/@babel%2fparser 1600ms (cache miss)
488 http fetch GET 200 https://registry.npmjs.org/postcss 1520ms (cache miss)
489 http fetch GET 200 https://registry.npmjs.org/postcss 1510ms (cache miss)
490 http fetch GET 200 https://registry.npmjs.org/browserslist 1535ms (cache miss)
491 http fetch GET 200 https://registry.npmjs.org/@mui%2fsystem 1545ms (cache miss)
492 http fetch GET 200 https://registry.npmjs.org/react-router 1529ms (cache miss)
493 http fetch GET 200 https://registry.npmjs.org/react-is 1593ms (cache miss)
494 http fetch GET 200 https://registry.npmjs.org/scheduler 1600ms (cache miss)
495 timing idealTree:#root Completed in 4023ms
496 silly fetch manifest @babel/core@^7.0.0
497 silly placeDep ROOT @ampproject/remapping@2.3.0 OK for: @babel/core@7.26.9 want: ^2.2.0
498 silly fetch manifest @jridgewell/gen-mapping@^0.3.5
499 silly fetch manifest @jridgewell/trace-mapping@^0.3.24
500 silly placeDep ROOT @babel/code-frame@7.26.2 OK for: @babel/core@7.26.9 want: ^7.26.2
501 silly fetch manifest js-tokens@^4.0.0
502 silly fetch manifest picocolors@^1.0.0
503 silly fetch manifest @babel/helper-validator-identifier@^7.25.9
504 silly placeDep ROOT @babel/generator@7.26.9 OK for: @babel/core@7.26.9 want: ^7.26.9
505 silly fetch manifest jsesc@^3.0.2
506 silly fetch manifest @jridgewell/trace-mapping@^0.3.25
507 silly placeDep ROOT @babel/helper-compilation-targets@7.26.5 OK for: @babel/core@7.26.9 want: ^7.26.5
508 silly fetch manifest lru-cache@^5.1.1
509 silly fetch manifest @babel/compat-data@^7.26.5
510 silly placeDep ROOT @babel/helper-module-transforms@7.26.0 OK for: @babel/core@7.26.9 want: ^7.26.0
511 silly fetch manifest @babel/traverse@^7.25.9
512 silly fetch manifest @babel/helper-module-imports@^7.25.9
513 silly placeDep ROOT @babel/helpers@7.26.9 OK for: @babel/core@7.26.9 want: ^7.26.9
514 silly placeDep ROOT @babel/parser@7.26.9 OK for: @babel/core@7.26.9 want: ^7.26.9
515 silly placeDep ROOT @babel/template@7.26.9 OK for: @babel/core@7.26.9 want: ^7.26.9
516 silly placeDep ROOT @babel/traverse@7.26.9 OK for: @babel/core@7.26.9 want: ^7.26.9
517 silly fetch manifest debug@^4.3.1
518 silly fetch manifest globals@^11.1.0
519 silly placeDep ROOT @babel/types@7.26.9 OK for: @babel/core@7.26.9 want: ^7.26.9
520 silly fetch manifest @babel/helper-string-parser@^7.25.9
521 silly placeDep ROOT convert-source-map@2.0.0 OK for: @babel/core@7.26.9 want: ^2.0.0
522 silly placeDep ROOT debug@4.4.0 OK for: @babel/core@7.26.9 want: ^4.1.0
523 silly fetch manifest ms@^2.1.3
524 silly placeDep ROOT gensync@1.0.0-beta.2 OK for: @babel/core@7.26.9 want: ^1.0.0-beta.2
525 silly placeDep ROOT json5@2.2.3 OK for: @babel/core@7.26.9 want: ^2.2.3
526 silly placeDep ROOT semver@6.3.1 OK for: @babel/core@7.26.9 want: ^6.3.1
527 http fetch GET 200 https://registry.npmjs.org/js-tokens 101ms (cache miss)
528 http fetch GET 200 https://registry.npmjs.org/@jridgewell%2fgen-mapping 105ms (cache miss)
529 http fetch GET 200 https://registry.npmjs.org/picocolors 97ms (cache miss)
530 http fetch GET 200 https://registry.npmjs.org/jsesc 100ms (cache miss)
531 http fetch GET 200 https://registry.npmjs.org/lru-cache 108ms (cache miss)
532 http fetch GET 200 https://registry.npmjs.org/@jridgewell%2ftrace-mapping 124ms (cache miss)
533 http fetch GET 200 https://registry.npmjs.org/globals 102ms (cache miss)
534 http fetch GET 200 https://registry.npmjs.org/@jridgewell%2ftrace-mapping 117ms (cache miss)
535 http fetch GET 200 https://registry.npmjs.org/ms 113ms (cache miss)
536 http fetch GET 200 https://registry.npmjs.org/@babel%2fhelper-validator-identifier 153ms (cache miss)
537 http fetch GET 200 https://registry.npmjs.org/@babel%2fhelper-module-imports 156ms (cache miss)
538 http fetch GET 200 https://registry.npmjs.org/@babel%2fhelper-string-parser 202ms (cache miss)
539 timing idealTree:node_modules/@babel/core Completed in 237ms
540 silly placeDep ROOT @jridgewell/gen-mapping@0.3.8 OK for: @ampproject/remapping@2.3.0 want: ^0.3.5
541 silly fetch manifest @jridgewell/set-array@^1.2.1
542 silly fetch manifest @jridgewell/sourcemap-codec@^1.4.10
543 silly placeDep ROOT @jridgewell/trace-mapping@0.3.25 OK for: @ampproject/remapping@2.3.0 want: ^0.3.24
544 silly fetch manifest @jridgewell/resolve-uri@^3.1.0
545 silly fetch manifest @jridgewell/sourcemap-codec@^1.4.14
546 http fetch GET 200 https://registry.npmjs.org/@jridgewell%2fsourcemap-codec 58ms (cache miss)
547 http fetch GET 200 https://registry.npmjs.org/@jridgewell%2fset-array 60ms (cache miss)
548 http fetch GET 200 https://registry.npmjs.org/@jridgewell%2fsourcemap-codec 59ms (cache miss)
549 http fetch GET 200 https://registry.npmjs.org/@jridgewell%2fresolve-uri 61ms (cache miss)
550 timing idealTree:node_modules/@ampproject/remapping Completed in 66ms
551 silly placeDep ROOT @babel/helper-validator-identifier@7.25.9 OK for: @babel/code-frame@7.26.2 want: ^7.25.9
552 silly placeDep ROOT js-tokens@4.0.0 OK for: @babel/code-frame@7.26.2 want: ^4.0.0
553 silly placeDep ROOT picocolors@1.1.1 OK for: @babel/code-frame@7.26.2 want: ^1.0.0
554 timing idealTree:node_modules/@babel/code-frame Completed in 3ms
555 silly placeDep ROOT jsesc@3.1.0 OK for: @babel/generator@7.26.9 want: ^3.0.2
556 timing idealTree:node_modules/@babel/generator Completed in 1ms
557 silly placeDep ROOT @babel/compat-data@7.26.8 OK for: @babel/helper-compilation-targets@7.26.5 want: ^7.26.5
558 silly placeDep ROOT @babel/helper-validator-option@7.25.9 OK for: @babel/helper-compilation-targets@7.26.5 want: ^7.25.9
559 silly placeDep ROOT browserslist@4.24.4 OK for: @babel/helper-compilation-targets@7.26.5 want: ^4.24.0
560 silly fetch manifest caniuse-lite@^1.0.30001688
561 silly fetch manifest electron-to-chromium@^1.5.73
562 silly fetch manifest node-releases@^2.0.19
563 silly fetch manifest update-browserslist-db@^1.1.1
564 silly placeDep ROOT lru-cache@5.1.1 OK for: @babel/helper-compilation-targets@7.26.5 want: ^5.1.1
565 silly fetch manifest yallist@^3.0.2
566 http fetch GET 200 https://registry.npmjs.org/update-browserslist-db 49ms (cache miss)
567 http fetch GET 200 https://registry.npmjs.org/node-releases 53ms (cache miss)
568 http fetch GET 200 https://registry.npmjs.org/yallist 56ms (cache miss)
569 http fetch GET 200 https://registry.npmjs.org/caniuse-lite 77ms (cache miss)
570 http fetch GET 200 https://registry.npmjs.org/electron-to-chromium 87ms (cache miss)
571 timing idealTree:node_modules/@babel/helper-compilation-targets Completed in 100ms
572 timing idealTree:node_modules/@babel/compat-data Completed in 0ms
573 silly placeDep ROOT @babel/helper-module-imports@7.25.9 OK for: @babel/helper-module-transforms@7.26.0 want: ^7.25.9
574 timing idealTree:node_modules/@babel/helper-module-transforms Completed in 1ms
575 timing idealTree:node_modules/@babel/helper-module-imports Completed in 0ms
576 timing idealTree:node_modules/@babel/helper-validator-identifier Completed in 0ms
577 timing idealTree:node_modules/@babel/helper-validator-option Completed in 0ms
578 timing idealTree:node_modules/@babel/helpers Completed in 0ms
579 timing idealTree:node_modules/@babel/parser Completed in 0ms
580 silly fetch manifest @babel/core@^7.0.0-0
581 silly placeDep ROOT @babel/helper-plugin-utils@7.26.5 OK for: @babel/preset-env@7.26.9 want: ^7.26.5
582 silly placeDep ROOT @babel/plugin-bugfix-firefox-class-in-computed-class-key@7.25.9 OK for: @babel/preset-env@7.26.9 want: ^7.25.9
583 silly placeDep ROOT @babel/plugin-bugfix-safari-class-field-initializer-scope@7.25.9 OK for: @babel/preset-env@7.26.9 want: ^7.25.9
584 silly placeDep ROOT @babel/plugin-bugfix-safari-id-destructuring-collision-in-function-expression@7.25.9 OK for: @babel/preset-env@7.26.9 want: ^7.25.9
585 silly placeDep ROOT @babel/plugin-bugfix-v8-spread-parameters-in-optional-chaining@7.25.9 OK for: @babel/preset-env@7.26.9 want: ^7.25.9
586 silly fetch manifest @babel/helper-skip-transparent-expression-wrappers@^7.25.9
587 silly placeDep ROOT @babel/plugin-bugfix-v8-static-class-fields-redefine-readonly@7.25.9 OK for: @babel/preset-env@7.26.9 want: ^7.25.9
588 silly placeDep ROOT @babel/plugin-proposal-private-property-in-object@7.21.0-placeholder-for-preset-env.2 OK for: @babel/preset-env@7.26.9 want: 7.21.0-placeholder-for-preset-env.2
589 silly placeDep ROOT @babel/plugin-syntax-import-assertions@7.26.0 OK for: @babel/preset-env@7.26.9 want: ^7.26.0
590 silly placeDep ROOT @babel/plugin-syntax-import-attributes@7.26.0 OK for: @babel/preset-env@7.26.9 want: ^7.26.0
591 silly placeDep ROOT @babel/plugin-syntax-unicode-sets-regex@7.18.6 OK for: @babel/preset-env@7.26.9 want: ^7.18.6
592 silly fetch manifest @babel/helper-create-regexp-features-plugin@^7.18.6
593 silly placeDep ROOT @babel/plugin-transform-arrow-functions@7.25.9 OK for: @babel/preset-env@7.26.9 want: ^7.25.9
594 silly placeDep ROOT @babel/plugin-transform-async-generator-functions@7.26.8 OK for: @babel/preset-env@7.26.9 want: ^7.26.8
595 silly fetch manifest @babel/helper-remap-async-to-generator@^7.25.9
596 silly placeDep ROOT @babel/plugin-transform-async-to-generator@7.25.9 OK for: @babel/preset-env@7.26.9 want: ^7.25.9
597 silly placeDep ROOT @babel/plugin-transform-block-scoped-functions@7.26.5 OK for: @babel/preset-env@7.26.9 want: ^7.26.5
598 silly placeDep ROOT @babel/plugin-transform-block-scoping@7.25.9 OK for: @babel/preset-env@7.26.9 want: ^7.25.9
599 silly placeDep ROOT @babel/plugin-transform-class-properties@7.25.9 OK for: @babel/preset-env@7.26.9 want: ^7.25.9
600 silly fetch manifest @babel/helper-create-class-features-plugin@^7.25.9
601 silly placeDep ROOT @babel/plugin-transform-class-static-block@7.26.0 OK for: @babel/preset-env@7.26.9 want: ^7.26.0
602 silly placeDep ROOT @babel/plugin-transform-classes@7.25.9 OK for: @babel/preset-env@7.26.9 want: ^7.25.9
603 silly fetch manifest @babel/helper-replace-supers@^7.25.9
604 silly fetch manifest @babel/helper-annotate-as-pure@^7.25.9
605 silly placeDep ROOT @babel/plugin-transform-computed-properties@7.25.9 OK for: @babel/preset-env@7.26.9 want: ^7.25.9
606 silly placeDep ROOT @babel/plugin-transform-destructuring@7.25.9 OK for: @babel/preset-env@7.26.9 want: ^7.25.9
607 silly placeDep ROOT @babel/plugin-transform-dotall-regex@7.25.9 OK for: @babel/preset-env@7.26.9 want: ^7.25.9
608 silly fetch manifest @babel/helper-create-regexp-features-plugin@^7.25.9
609 silly placeDep ROOT @babel/plugin-transform-duplicate-keys@7.25.9 OK for: @babel/preset-env@7.26.9 want: ^7.25.9
610 silly placeDep ROOT @babel/plugin-transform-duplicate-named-capturing-groups-regex@7.25.9 OK for: @babel/preset-env@7.26.9 want: ^7.25.9
611 silly placeDep ROOT @babel/plugin-transform-dynamic-import@7.25.9 OK for: @babel/preset-env@7.26.9 want: ^7.25.9
612 silly placeDep ROOT @babel/plugin-transform-exponentiation-operator@7.26.3 OK for: @babel/preset-env@7.26.9 want: ^7.26.3
613 silly placeDep ROOT @babel/plugin-transform-export-namespace-from@7.25.9 OK for: @babel/preset-env@7.26.9 want: ^7.25.9
614 silly placeDep ROOT @babel/plugin-transform-for-of@7.26.9 OK for: @babel/preset-env@7.26.9 want: ^7.26.9
615 silly placeDep ROOT @babel/plugin-transform-function-name@7.25.9 OK for: @babel/preset-env@7.26.9 want: ^7.25.9
616 silly placeDep ROOT @babel/plugin-transform-json-strings@7.25.9 OK for: @babel/preset-env@7.26.9 want: ^7.25.9
617 silly placeDep ROOT @babel/plugin-transform-literals@7.25.9 OK for: @babel/preset-env@7.26.9 want: ^7.25.9
618 silly placeDep ROOT @babel/plugin-transform-logical-assignment-operators@7.25.9 OK for: @babel/preset-env@7.26.9 want: ^7.25.9
619 silly placeDep ROOT @babel/plugin-transform-member-expression-literals@7.25.9 OK for: @babel/preset-env@7.26.9 want: ^7.25.9
620 silly placeDep ROOT @babel/plugin-transform-modules-amd@7.25.9 OK for: @babel/preset-env@7.26.9 want: ^7.25.9
621 silly placeDep ROOT @babel/plugin-transform-modules-commonjs@7.26.3 OK for: @babel/preset-env@7.26.9 want: ^7.26.3
622 silly placeDep ROOT @babel/plugin-transform-modules-systemjs@7.25.9 OK for: @babel/preset-env@7.26.9 want: ^7.25.9
623 silly placeDep ROOT @babel/plugin-transform-modules-umd@7.25.9 OK for: @babel/preset-env@7.26.9 want: ^7.25.9
624 silly placeDep ROOT @babel/plugin-transform-named-capturing-groups-regex@7.25.9 OK for: @babel/preset-env@7.26.9 want: ^7.25.9
625 silly placeDep ROOT @babel/plugin-transform-new-target@7.25.9 OK for: @babel/preset-env@7.26.9 want: ^7.25.9
626 silly placeDep ROOT @babel/plugin-transform-nullish-coalescing-operator@7.26.6 OK for: @babel/preset-env@7.26.9 want: ^7.26.6
627 silly placeDep ROOT @babel/plugin-transform-numeric-separator@7.25.9 OK for: @babel/preset-env@7.26.9 want: ^7.25.9
628 silly placeDep ROOT @babel/plugin-transform-object-rest-spread@7.25.9 OK for: @babel/preset-env@7.26.9 want: ^7.25.9
629 silly placeDep ROOT @babel/plugin-transform-object-super@7.25.9 OK for: @babel/preset-env@7.26.9 want: ^7.25.9
630 silly placeDep ROOT @babel/plugin-transform-optional-catch-binding@7.25.9 OK for: @babel/preset-env@7.26.9 want: ^7.25.9
631 silly placeDep ROOT @babel/plugin-transform-optional-chaining@7.25.9 OK for: @babel/preset-env@7.26.9 want: ^7.25.9
632 silly placeDep ROOT @babel/plugin-transform-parameters@7.25.9 OK for: @babel/preset-env@7.26.9 want: ^7.25.9
633 silly placeDep ROOT @babel/plugin-transform-private-methods@7.25.9 OK for: @babel/preset-env@7.26.9 want: ^7.25.9
634 silly placeDep ROOT @babel/plugin-transform-private-property-in-object@7.25.9 OK for: @babel/preset-env@7.26.9 want: ^7.25.9
635 silly placeDep ROOT @babel/plugin-transform-property-literals@7.25.9 OK for: @babel/preset-env@7.26.9 want: ^7.25.9
636 silly placeDep ROOT @babel/plugin-transform-regenerator@7.25.9 OK for: @babel/preset-env@7.26.9 want: ^7.25.9
637 silly fetch manifest regenerator-transform@^0.15.2
638 silly placeDep ROOT @babel/plugin-transform-regexp-modifiers@7.26.0 OK for: @babel/preset-env@7.26.9 want: ^7.26.0
639 silly placeDep ROOT @babel/plugin-transform-reserved-words@7.25.9 OK for: @babel/preset-env@7.26.9 want: ^7.25.9
640 silly placeDep ROOT @babel/plugin-transform-shorthand-properties@7.25.9 OK for: @babel/preset-env@7.26.9 want: ^7.25.9
641 silly placeDep ROOT @babel/plugin-transform-spread@7.25.9 OK for: @babel/preset-env@7.26.9 want: ^7.25.9
642 silly placeDep ROOT @babel/plugin-transform-sticky-regex@7.25.9 OK for: @babel/preset-env@7.26.9 want: ^7.25.9
643 silly placeDep ROOT @babel/plugin-transform-template-literals@7.26.8 OK for: @babel/preset-env@7.26.9 want: ^7.26.8
644 silly placeDep ROOT @babel/plugin-transform-typeof-symbol@7.26.7 OK for: @babel/preset-env@7.26.9 want: ^7.26.7
645 silly placeDep ROOT @babel/plugin-transform-unicode-escapes@7.25.9 OK for: @babel/preset-env@7.26.9 want: ^7.25.9
646 silly placeDep ROOT @babel/plugin-transform-unicode-property-regex@7.25.9 OK for: @babel/preset-env@7.26.9 want: ^7.25.9
647 silly placeDep ROOT @babel/plugin-transform-unicode-regex@7.25.9 OK for: @babel/preset-env@7.26.9 want: ^7.25.9
648 silly placeDep ROOT @babel/plugin-transform-unicode-sets-regex@7.25.9 OK for: @babel/preset-env@7.26.9 want: ^7.25.9
649 silly placeDep ROOT @babel/preset-modules@0.1.6-no-external-plugins OK for: @babel/preset-env@7.26.9 want: 0.1.6-no-external-plugins
650 silly fetch manifest esutils@^2.0.2
651 silly placeDep ROOT babel-plugin-polyfill-corejs2@0.4.12 OK for: @babel/preset-env@7.26.9 want: ^0.4.10
652 silly fetch manifest @babel/helper-define-polyfill-provider@^0.6.3
653 silly placeDep ROOT babel-plugin-polyfill-corejs3@0.11.1 OK for: @babel/preset-env@7.26.9 want: ^0.11.0
654 silly placeDep ROOT babel-plugin-polyfill-regenerator@0.6.3 OK for: @babel/preset-env@7.26.9 want: ^0.6.1
655 silly placeDep ROOT core-js-compat@3.40.0 OK for: @babel/preset-env@7.26.9 want: ^3.40.0
656 http fetch GET 200 https://registry.npmjs.org/esutils 52ms (cache miss)
657 http fetch GET 200 https://registry.npmjs.org/@babel%2fhelper-create-regexp-features-plugin 107ms (cache miss)
658 http fetch GET 200 https://registry.npmjs.org/@babel%2fhelper-create-regexp-features-plugin 127ms (cache miss)
659 http fetch GET 200 https://registry.npmjs.org/@babel%2fhelper-define-polyfill-provider 69ms (cache miss)
660 http fetch GET 200 https://registry.npmjs.org/regenerator-transform 94ms (cache miss)
661 http fetch GET 200 https://registry.npmjs.org/@babel%2fhelper-replace-supers 162ms (cache miss)
662 http fetch GET 200 https://registry.npmjs.org/@babel%2fhelper-skip-transparent-expression-wrappers 195ms (cache miss)
663 http fetch GET 200 https://registry.npmjs.org/@babel%2fhelper-create-class-features-plugin 182ms (cache miss)
664 http fetch GET 200 https://registry.npmjs.org/@babel%2fhelper-annotate-as-pure 190ms (cache miss)
665 http fetch GET 200 https://registry.npmjs.org/@babel%2fhelper-remap-async-to-generator 200ms (cache miss)
666 timing idealTree:node_modules/@babel/preset-env Completed in 265ms
667 timing idealTree:node_modules/@babel/helper-plugin-utils Completed in 0ms
668 timing idealTree:node_modules/@babel/plugin-bugfix-firefox-class-in-computed-class-key Completed in 0ms
669 timing idealTree:node_modules/@babel/plugin-bugfix-safari-class-field-initializer-scope Completed in 0ms
670 timing idealTree:node_modules/@babel/plugin-bugfix-safari-id-destructuring-collision-in-function-expression Completed in 0ms
671 silly placeDep ROOT @babel/helper-skip-transparent-expression-wrappers@7.25.9 OK for: @babel/plugin-bugfix-v8-spread-parameters-in-optional-chaining@7.25.9 want: ^7.25.9
672 timing idealTree:node_modules/@babel/plugin-bugfix-v8-spread-parameters-in-optional-chaining Completed in 2ms
673 timing idealTree:node_modules/@babel/helper-skip-transparent-expression-wrappers Completed in 0ms
674 timing idealTree:node_modules/@babel/plugin-bugfix-v8-static-class-fields-redefine-readonly Completed in 0ms
675 timing idealTree:node_modules/@babel/plugin-proposal-private-property-in-object Completed in 0ms
676 timing idealTree:node_modules/@babel/plugin-syntax-import-assertions Completed in 1ms
677 timing idealTree:node_modules/@babel/plugin-syntax-import-attributes Completed in 0ms
678 silly placeDep ROOT @babel/helper-create-regexp-features-plugin@7.26.3 OK for: @babel/plugin-syntax-unicode-sets-regex@7.18.6 want: ^7.18.6
679 silly fetch manifest regexpu-core@^6.2.0
680 http fetch GET 200 https://registry.npmjs.org/regexpu-core 78ms (cache miss)
681 timing idealTree:node_modules/@babel/plugin-syntax-unicode-sets-regex Completed in 83ms
682 silly placeDep ROOT @babel/helper-annotate-as-pure@7.25.9 OK for: @babel/helper-create-regexp-features-plugin@7.26.3 want: ^7.25.9
683 silly placeDep ROOT regexpu-core@6.2.0 OK for: @babel/helper-create-regexp-features-plugin@7.26.3 want: ^6.2.0
684 silly fetch manifest regenerate@^1.4.2
685 silly fetch manifest regenerate-unicode-properties@^10.2.0
686 silly fetch manifest regjsgen@^0.8.0
687 silly fetch manifest regjsparser@^0.12.0
688 silly fetch manifest unicode-match-property-ecmascript@^2.0.0
689 silly fetch manifest unicode-match-property-value-ecmascript@^2.1.0
690 http fetch GET 200 https://registry.npmjs.org/regenerate-unicode-properties 72ms (cache miss)
691 http fetch GET 200 https://registry.npmjs.org/unicode-match-property-value-ecmascript 71ms (cache miss)
692 http fetch GET 200 https://registry.npmjs.org/unicode-match-property-ecmascript 82ms (cache miss)
693 http fetch GET 200 https://registry.npmjs.org/regenerate 85ms (cache miss)
694 http fetch GET 200 https://registry.npmjs.org/regjsgen 85ms (cache miss)
695 http fetch GET 200 https://registry.npmjs.org/regjsparser 85ms (cache miss)
696 timing idealTree:node_modules/@babel/helper-create-regexp-features-plugin Completed in 91ms
697 timing idealTree:node_modules/@babel/helper-annotate-as-pure Completed in 0ms
698 timing idealTree:node_modules/@babel/plugin-transform-arrow-functions Completed in 0ms
699 silly placeDep ROOT @babel/helper-remap-async-to-generator@7.25.9 OK for: @babel/plugin-transform-async-generator-functions@7.26.8 want: ^7.25.9
700 silly fetch manifest @babel/helper-wrap-function@^7.25.9
701 http fetch GET 200 https://registry.npmjs.org/@babel%2fhelper-wrap-function 45ms (cache miss)
702 timing idealTree:node_modules/@babel/plugin-transform-async-generator-functions Completed in 49ms
703 silly placeDep ROOT @babel/helper-wrap-function@7.25.9 OK for: @babel/helper-remap-async-to-generator@7.25.9 want: ^7.25.9
704 timing idealTree:node_modules/@babel/helper-remap-async-to-generator Completed in 2ms
705 timing idealTree:node_modules/@babel/helper-wrap-function Completed in 0ms
706 timing idealTree:node_modules/@babel/plugin-transform-async-to-generator Completed in 0ms
707 timing idealTree:node_modules/@babel/plugin-transform-block-scoped-functions Completed in 0ms
708 timing idealTree:node_modules/@babel/plugin-transform-block-scoping Completed in 0ms
709 silly placeDep ROOT @babel/helper-create-class-features-plugin@7.26.9 OK for: @babel/plugin-transform-class-properties@7.25.9 want: ^7.25.9
710 silly fetch manifest @babel/helper-replace-supers@^7.26.5
711 silly fetch manifest @babel/helper-optimise-call-expression@^7.25.9
712 silly fetch manifest @babel/helper-member-expression-to-functions@^7.25.9
713 http fetch GET 200 https://registry.npmjs.org/@babel%2fhelper-optimise-call-expression 98ms (cache miss)
714 http fetch GET 200 https://registry.npmjs.org/@babel%2fhelper-member-expression-to-functions 117ms (cache miss)
715 timing idealTree:node_modules/@babel/plugin-transform-class-properties Completed in 123ms
716 silly placeDep ROOT @babel/helper-member-expression-to-functions@7.25.9 OK for: @babel/helper-create-class-features-plugin@7.26.9 want: ^7.25.9
717 silly placeDep ROOT @babel/helper-optimise-call-expression@7.25.9 OK for: @babel/helper-create-class-features-plugin@7.26.9 want: ^7.25.9
718 silly placeDep ROOT @babel/helper-replace-supers@7.26.5 OK for: @babel/helper-create-class-features-plugin@7.26.9 want: ^7.26.5
719 timing idealTree:node_modules/@babel/helper-create-class-features-plugin Completed in 4ms
720 timing idealTree:node_modules/@babel/helper-member-expression-to-functions Completed in 0ms
721 timing idealTree:node_modules/@babel/helper-optimise-call-expression Completed in 0ms
722 timing idealTree:node_modules/@babel/helper-replace-supers Completed in 0ms
723 timing idealTree:node_modules/@babel/plugin-transform-class-static-block Completed in 0ms
724 silly placeDep ROOT globals@11.12.0 OK for: @babel/plugin-transform-classes@7.25.9 want: ^11.1.0
725 timing idealTree:node_modules/@babel/plugin-transform-classes Completed in 1ms
726 timing idealTree:node_modules/@babel/plugin-transform-computed-properties Completed in 0ms
727 timing idealTree:node_modules/@babel/plugin-transform-destructuring Completed in 0ms
728 timing idealTree:node_modules/@babel/plugin-transform-dotall-regex Completed in 0ms
729 timing idealTree:node_modules/@babel/plugin-transform-duplicate-keys Completed in 0ms
730 timing idealTree:node_modules/@babel/plugin-transform-duplicate-named-capturing-groups-regex Completed in 0ms
731 timing idealTree:node_modules/@babel/plugin-transform-dynamic-import Completed in 0ms
732 timing idealTree:node_modules/@babel/plugin-transform-exponentiation-operator Completed in 0ms
733 timing idealTree:node_modules/@babel/plugin-transform-export-namespace-from Completed in 0ms
734 timing idealTree:node_modules/@babel/plugin-transform-for-of Completed in 0ms
735 timing idealTree:node_modules/@babel/plugin-transform-function-name Completed in 0ms
736 timing idealTree:node_modules/@babel/plugin-transform-json-strings Completed in 0ms
737 timing idealTree:node_modules/@babel/plugin-transform-literals Completed in 0ms
738 timing idealTree:node_modules/@babel/plugin-transform-logical-assignment-operators Completed in 0ms
739 timing idealTree:node_modules/@babel/plugin-transform-member-expression-literals Completed in 0ms
740 timing idealTree:node_modules/@babel/plugin-transform-modules-amd Completed in 0ms
741 timing idealTree:node_modules/@babel/plugin-transform-modules-commonjs Completed in 0ms
742 timing idealTree:node_modules/@babel/plugin-transform-modules-systemjs Completed in 0ms
743 timing idealTree:node_modules/@babel/plugin-transform-modules-umd Completed in 0ms
744 timing idealTree:node_modules/@babel/plugin-transform-named-capturing-groups-regex Completed in 0ms
745 timing idealTree:node_modules/@babel/plugin-transform-new-target Completed in 0ms
746 timing idealTree:node_modules/@babel/plugin-transform-nullish-coalescing-operator Completed in 0ms
747 timing idealTree:node_modules/@babel/plugin-transform-numeric-separator Completed in 0ms
748 timing idealTree:node_modules/@babel/plugin-transform-object-rest-spread Completed in 0ms
749 timing idealTree:node_modules/@babel/plugin-transform-object-super Completed in 0ms
750 timing idealTree:node_modules/@babel/plugin-transform-optional-catch-binding Completed in 0ms
751 timing idealTree:node_modules/@babel/plugin-transform-optional-chaining Completed in 0ms
752 timing idealTree:node_modules/@babel/plugin-transform-parameters Completed in 0ms
753 timing idealTree:node_modules/@babel/plugin-transform-private-methods Completed in 0ms
754 timing idealTree:node_modules/@babel/plugin-transform-private-property-in-object Completed in 0ms
755 timing idealTree:node_modules/@babel/plugin-transform-property-literals Completed in 0ms
756 silly placeDep ROOT regenerator-transform@0.15.2 OK for: @babel/plugin-transform-regenerator@7.25.9 want: ^0.15.2
757 silly fetch manifest @babel/runtime@^7.8.4
758 timing idealTree:node_modules/@babel/plugin-transform-regenerator Completed in 1ms
759 timing idealTree:node_modules/@babel/plugin-transform-regexp-modifiers Completed in 0ms
760 timing idealTree:node_modules/@babel/plugin-transform-reserved-words Completed in 0ms
761 timing idealTree:node_modules/@babel/plugin-transform-shorthand-properties Completed in 0ms
762 timing idealTree:node_modules/@babel/plugin-transform-spread Completed in 0ms
763 timing idealTree:node_modules/@babel/plugin-transform-sticky-regex Completed in 0ms
764 timing idealTree:node_modules/@babel/plugin-transform-template-literals Completed in 0ms
765 timing idealTree:node_modules/@babel/plugin-transform-typeof-symbol Completed in 0ms
766 timing idealTree:node_modules/@babel/plugin-transform-unicode-escapes Completed in 0ms
767 timing idealTree:node_modules/@babel/plugin-transform-unicode-property-regex Completed in 0ms
768 timing idealTree:node_modules/@babel/plugin-transform-unicode-regex Completed in 0ms
769 timing idealTree:node_modules/@babel/plugin-transform-unicode-sets-regex Completed in 0ms
770 silly placeDep ROOT esutils@2.0.3 OK for: @babel/preset-modules@0.1.6-no-external-plugins want: ^2.0.2
771 timing idealTree:node_modules/@babel/preset-modules Completed in 1ms
772 silly placeDep ROOT @babel/plugin-transform-react-display-name@7.25.9 OK for: @babel/preset-react@7.26.3 want: ^7.25.9
773 silly placeDep ROOT @babel/plugin-transform-react-jsx@7.25.9 OK for: @babel/preset-react@7.26.3 want: ^7.25.9
774 silly fetch manifest @babel/plugin-syntax-jsx@^7.25.9
775 silly placeDep ROOT @babel/plugin-transform-react-jsx-development@7.25.9 OK for: @babel/preset-react@7.26.3 want: ^7.25.9
776 silly placeDep ROOT @babel/plugin-transform-react-pure-annotations@7.25.9 OK for: @babel/preset-react@7.26.3 want: ^7.25.9
777 http fetch GET 200 https://registry.npmjs.org/@babel%2fplugin-syntax-jsx 116ms (cache miss)
778 timing idealTree:node_modules/@babel/preset-react Completed in 122ms
779 timing idealTree:node_modules/@babel/plugin-transform-react-display-name Completed in 1ms
780 silly placeDep ROOT @babel/plugin-syntax-jsx@7.25.9 OK for: @babel/plugin-transform-react-jsx@7.25.9 want: ^7.25.9
781 timing idealTree:node_modules/@babel/plugin-transform-react-jsx Completed in 1ms
782 timing idealTree:node_modules/@babel/plugin-syntax-jsx Completed in 0ms
783 timing idealTree:node_modules/@babel/plugin-transform-react-jsx-development Completed in 0ms
784 timing idealTree:node_modules/@babel/plugin-transform-react-pure-annotations Completed in 0ms
785 timing idealTree:node_modules/@babel/template Completed in 0ms
786 timing idealTree:node_modules/@babel/traverse Completed in 0ms
787 silly placeDep ROOT @babel/helper-string-parser@7.25.9 OK for: @babel/types@7.26.9 want: ^7.25.9
788 timing idealTree:node_modules/@babel/types Completed in 0ms
789 timing idealTree:node_modules/@babel/helper-string-parser Completed in 0ms
790 silly fetch manifest react@>=16.8.0
791 silly placeDep ROOT @babel/runtime@7.26.9 OK for: @emotion/react@11.14.0 want: ^7.18.3
792 silly fetch manifest regenerator-runtime@^0.14.0
793 silly placeDep ROOT @emotion/babel-plugin@11.13.5 OK for: @emotion/react@11.14.0 want: ^11.13.5
794 silly fetch manifest @emotion/hash@^0.9.2
795 silly fetch manifest @emotion/memoize@^0.9.0
796 silly fetch manifest babel-plugin-macros@^3.1.0
797 silly fetch manifest convert-source-map@^1.5.0
798 silly fetch manifest escape-string-regexp@^4.0.0
799 silly fetch manifest find-root@^1.1.0
800 silly fetch manifest source-map@^0.5.7
801 silly fetch manifest stylis@4.2.0
802 silly placeDep ROOT @emotion/cache@11.14.0 OK for: @emotion/react@11.14.0 want: ^11.14.0
803 silly fetch manifest @emotion/sheet@^1.4.0
804 silly placeDep ROOT @emotion/serialize@1.3.3 OK for: @emotion/react@11.14.0 want: ^1.3.3
805 silly fetch manifest @emotion/unitless@^0.10.0
806 silly fetch manifest csstype@^3.0.2
807 silly placeDep ROOT @emotion/use-insertion-effect-with-fallbacks@1.2.0 OK for: @emotion/react@11.14.0 want: ^1.2.0
808 silly placeDep ROOT @emotion/utils@1.4.2 OK for: @emotion/react@11.14.0 want: ^1.4.2
809 silly placeDep ROOT @emotion/weak-memoize@0.4.0 OK for: @emotion/react@11.14.0 want: ^0.4.0
810 silly placeDep ROOT hoist-non-react-statics@3.3.2 OK for: @emotion/react@11.14.0 want: ^3.3.1
811 silly fetch manifest react-is@^16.7.0
812 http fetch GET 200 https://registry.npmjs.org/source-map 57ms (cache miss)
813 http fetch GET 200 https://registry.npmjs.org/find-root 62ms (cache miss)
814 http fetch GET 200 https://registry.npmjs.org/escape-string-regexp 65ms (cache miss)
815 http fetch GET 200 https://registry.npmjs.org/babel-plugin-macros 66ms (cache miss)
816 http fetch GET 200 https://registry.npmjs.org/@emotion%2fsheet 73ms (cache miss)
817 http fetch GET 200 https://registry.npmjs.org/@emotion%2fhash 79ms (cache miss)
818 http fetch GET 200 https://registry.npmjs.org/regenerator-runtime 83ms (cache miss)
819 http fetch GET 200 https://registry.npmjs.org/@emotion%2fmemoize 83ms (cache miss)
820 timing idealTree:node_modules/@emotion/react Completed in 88ms
821 silly placeDep ROOT regenerator-runtime@0.14.1 OK for: @babel/runtime@7.26.9 want: ^0.14.0
822 timing idealTree:node_modules/@babel/runtime Completed in 1ms
823 silly placeDep ROOT @emotion/hash@0.9.2 OK for: @emotion/babel-plugin@11.13.5 want: ^0.9.2
824 silly placeDep ROOT @emotion/memoize@0.9.0 OK for: @emotion/babel-plugin@11.13.5 want: ^0.9.0
825 silly placeDep ROOT babel-plugin-macros@3.1.0 OK for: @emotion/babel-plugin@11.13.5 want: ^3.1.0
826 silly fetch manifest cosmiconfig@^7.0.0
827 silly fetch manifest resolve@^1.19.0
828 silly placeDep node_modules/@emotion/babel-plugin convert-source-map@1.9.0 OK for: @emotion/babel-plugin@11.13.5 want: ^1.5.0
829 silly placeDep ROOT escape-string-regexp@4.0.0 OK for: @emotion/babel-plugin@11.13.5 want: ^4.0.0
830 silly placeDep ROOT find-root@1.1.0 OK for: @emotion/babel-plugin@11.13.5 want: ^1.1.0
831 silly placeDep ROOT source-map@0.5.7 OK for: @emotion/babel-plugin@11.13.5 want: ^0.5.7
832 silly placeDep ROOT stylis@4.2.0 OK for: @emotion/babel-plugin@11.13.5 want: 4.2.0
833 http fetch GET 200 https://registry.npmjs.org/cosmiconfig 37ms (cache miss)
834 http fetch GET 200 https://registry.npmjs.org/resolve 47ms (cache miss)
835 timing idealTree:node_modules/@emotion/babel-plugin Completed in 53ms
836 silly placeDep ROOT @emotion/sheet@1.4.0 OK for: @emotion/cache@11.14.0 want: ^1.4.0
837 timing idealTree:node_modules/@emotion/cache Completed in 1ms
838 timing idealTree:node_modules/@emotion/hash Completed in 0ms
839 timing idealTree:node_modules/@emotion/memoize Completed in 0ms
840 silly placeDep ROOT @emotion/unitless@0.10.0 OK for: @emotion/serialize@1.3.3 want: ^0.10.0
841 silly placeDep ROOT csstype@3.1.3 OK for: @emotion/serialize@1.3.3 want: ^3.0.2
842 timing idealTree:node_modules/@emotion/serialize Completed in 2ms
843 timing idealTree:node_modules/@emotion/sheet Completed in 0ms
844 silly placeDep ROOT @emotion/is-prop-valid@1.3.1 OK for: @emotion/styled@11.14.0 want: ^1.3.0
845 timing idealTree:node_modules/@emotion/styled Completed in 1ms
846 timing idealTree:node_modules/@emotion/is-prop-valid Completed in 0ms
847 timing idealTree:node_modules/@emotion/unitless Completed in 0ms
848 timing idealTree:node_modules/@emotion/use-insertion-effect-with-fallbacks Completed in 0ms
849 timing idealTree:node_modules/@emotion/utils Completed in 0ms
850 timing idealTree:node_modules/@emotion/weak-memoize Completed in 0ms
851 silly placeDep ROOT @jridgewell/set-array@1.2.1 OK for: @jridgewell/gen-mapping@0.3.8 want: ^1.2.1
852 silly placeDep ROOT @jridgewell/sourcemap-codec@1.5.0 OK for: @jridgewell/gen-mapping@0.3.8 want: ^1.4.10
853 timing idealTree:node_modules/@jridgewell/gen-mapping Completed in 2ms
854 timing idealTree:node_modules/@jridgewell/set-array Completed in 0ms
855 timing idealTree:node_modules/@jridgewell/sourcemap-codec Completed in 0ms
856 silly placeDep ROOT @jridgewell/resolve-uri@3.1.2 OK for: @jridgewell/trace-mapping@0.3.25 want: ^3.1.0
857 timing idealTree:node_modules/@jridgewell/trace-mapping Completed in 1ms
858 timing idealTree:node_modules/@jridgewell/resolve-uri Completed in 0ms
859 silly fetch manifest react@^17.0.0 || ^18.0.0 || ^19.0.0
860 silly fetch manifest @emotion/react@^11.5.0
861 silly fetch manifest @emotion/styled@^11.3.0
862 silly fetch manifest react-dom@^17.0.0 || ^18.0.0 || ^19.0.0
863 silly placeDep ROOT @mui/core-downloads-tracker@5.16.14 OK for: @mui/material@5.16.14 want: ^5.16.14
864 silly placeDep ROOT @mui/system@5.16.14 OK for: @mui/material@5.16.14 want: ^5.16.14
865 silly fetch manifest @mui/styled-engine@^5.16.14
866 silly fetch manifest @mui/private-theming@^5.16.14
867 silly placeDep ROOT @mui/types@7.2.21 OK for: @mui/material@5.16.14 want: ^7.2.15
868 silly placeDep ROOT @mui/utils@5.16.14 OK for: @mui/material@5.16.14 want: ^5.16.14
869 silly fetch manifest clsx@^2.1.1
870 silly fetch manifest @types/prop-types@^15.7.12
871 silly placeDep ROOT @popperjs/core@2.11.8 OK for: @mui/material@5.16.14 want: ^2.11.8
872 silly placeDep ROOT @types/react-transition-group@4.4.12 OK for: @mui/material@5.16.14 want: ^4.4.10
873 silly placeDep ROOT @types/react@19.0.10 OK for: @types/react-transition-group@4.4.12 want: *
874 silly placeDep ROOT clsx@2.1.1 OK for: @mui/material@5.16.14 want: ^2.1.0
875 silly placeDep ROOT prop-types@15.8.1 OK for: @mui/material@5.16.14 want: ^15.8.1
876 silly fetch manifest loose-envify@^1.4.0
877 silly fetch manifest object-assign@^4.1.1
878 silly fetch manifest react-is@^16.13.1
879 silly placeDep ROOT react-is@19.0.0 OK for: @mui/material@5.16.14 want: ^19.0.0
880 silly placeDep ROOT react-transition-group@4.4.5 OK for: @mui/material@5.16.14 want: ^4.4.5
881 silly fetch manifest dom-helpers@^5.0.1
882 http fetch GET 200 https://registry.npmjs.org/dom-helpers 56ms (cache miss)
883 http fetch GET 200 https://registry.npmjs.org/@types%2fprop-types 65ms (cache miss)
884 http fetch GET 200 https://registry.npmjs.org/object-assign 62ms (cache miss)
885 http fetch GET 200 https://registry.npmjs.org/@mui%2fstyled-engine 138ms (cache miss)
886 http fetch GET 200 https://registry.npmjs.org/@mui%2fprivate-theming 178ms (cache miss)
887 timing idealTree:node_modules/@mui/material Completed in 194ms
888 timing idealTree:node_modules/@mui/core-downloads-tracker Completed in 0ms
889 silly placeDep ROOT @mui/private-theming@5.16.14 OK for: @mui/system@5.16.14 want: ^5.16.14
890 silly placeDep ROOT @mui/styled-engine@5.16.14 OK for: @mui/system@5.16.14 want: ^5.16.14
891 timing idealTree:node_modules/@mui/system Completed in 9ms
892 timing idealTree:node_modules/@mui/private-theming Completed in 0ms
893 timing idealTree:node_modules/@mui/styled-engine Completed in 0ms
894 timing idealTree:node_modules/@mui/types Completed in 0ms
895 silly placeDep ROOT @types/prop-types@15.7.14 OK for: @mui/utils@5.16.14 want: ^15.7.12
896 timing idealTree:node_modules/@mui/utils Completed in 1ms
897 timing idealTree:node_modules/@popperjs/core Completed in 0ms
898 timing idealTree:node_modules/@types/prop-types Completed in 0ms
899 timing idealTree:node_modules/@types/react Completed in 0ms
900 timing idealTree:node_modules/@types/react-transition-group Completed in 0ms
901 silly placeDep ROOT find-cache-dir@4.0.0 OK for: babel-loader@9.2.1 want: ^4.0.0
902 silly fetch manifest common-path-prefix@^3.0.0
903 silly fetch manifest pkg-dir@^7.0.0
904 silly placeDep ROOT schema-utils@4.3.0 OK for: babel-loader@9.2.1 want: ^4.0.0
905 silly fetch manifest @types/json-schema@^7.0.9
906 silly fetch manifest ajv@^8.9.0
907 silly fetch manifest ajv-formats@^2.1.1
908 silly fetch manifest ajv-keywords@^5.1.0
909 http fetch GET 200 https://registry.npmjs.org/ajv-formats 51ms (cache miss)
910 http fetch GET 200 https://registry.npmjs.org/pkg-dir 56ms (cache miss)
911 http fetch GET 200 https://registry.npmjs.org/ajv 55ms (cache miss)
912 http fetch GET 200 https://registry.npmjs.org/@types%2fjson-schema 64ms (cache miss)
913 http fetch GET 200 https://registry.npmjs.org/ajv-keywords 64ms (cache miss)
914 http fetch GET 200 https://registry.npmjs.org/common-path-prefix 80ms (cache miss)
915 timing idealTree:node_modules/babel-loader Completed in 82ms
916 silly placeDep ROOT cosmiconfig@7.1.0 OK for: babel-plugin-macros@3.1.0 want: ^7.0.0
917 silly fetch manifest @types/parse-json@^4.0.0
918 silly fetch manifest import-fresh@^3.2.1
919 silly fetch manifest parse-json@^5.0.0
920 silly fetch manifest path-type@^4.0.0
921 silly fetch manifest yaml@^1.10.0
922 silly placeDep ROOT resolve@1.22.10 OK for: babel-plugin-macros@3.1.0 want: ^1.19.0
923 silly fetch manifest is-core-module@^2.16.0
924 silly fetch manifest path-parse@^1.0.7
925 silly fetch manifest supports-preserve-symlinks-flag@^1.0.0
926 http fetch GET 200 https://registry.npmjs.org/@types%2fparse-json 53ms (cache miss)
927 http fetch GET 200 https://registry.npmjs.org/import-fresh 53ms (cache miss)
928 http fetch GET 200 https://registry.npmjs.org/path-type 53ms (cache miss)
929 http fetch GET 200 https://registry.npmjs.org/path-parse 51ms (cache miss)
930 http fetch GET 200 https://registry.npmjs.org/yaml 53ms (cache miss)
931 http fetch GET 200 https://registry.npmjs.org/is-core-module 58ms (cache miss)
932 http fetch GET 200 https://registry.npmjs.org/parse-json 60ms (cache miss)
933 http fetch GET 200 https://registry.npmjs.org/supports-preserve-symlinks-flag 59ms (cache miss)
934 timing idealTree:node_modules/babel-plugin-macros Completed in 65ms
935 silly fetch manifest @babel/core@^7.4.0 || ^8.0.0-0 <8.0.0
936 silly placeDep ROOT @babel/helper-define-polyfill-provider@0.6.3 OK for: babel-plugin-polyfill-corejs2@0.4.12 want: ^0.6.3
937 silly fetch manifest lodash.debounce@^4.0.8
938 http fetch GET 200 https://registry.npmjs.org/lodash.debounce 34ms (cache miss)
939 timing idealTree:node_modules/babel-plugin-polyfill-corejs2 Completed in 38ms
940 silly placeDep ROOT lodash.debounce@4.0.8 OK for: @babel/helper-define-polyfill-provider@0.6.3 want: ^4.0.8
941 timing idealTree:node_modules/@babel/helper-define-polyfill-provider Completed in 1ms
942 timing idealTree:node_modules/babel-plugin-polyfill-corejs3 Completed in 0ms
943 timing idealTree:node_modules/babel-plugin-polyfill-regenerator Completed in 0ms
944 silly fetch manifest browserslist@>= 4.21.0
945 silly placeDep ROOT caniuse-lite@1.0.30001701 OK for: browserslist@4.24.4 want: ^1.0.30001688
946 silly placeDep ROOT electron-to-chromium@1.5.107 OK for: browserslist@4.24.4 want: ^1.5.73
947 silly placeDep ROOT node-releases@2.0.19 OK for: browserslist@4.24.4 want: ^2.0.19
948 silly placeDep ROOT update-browserslist-db@1.1.3 OK for: browserslist@4.24.4 want: ^1.1.1
949 silly fetch manifest escalade@^3.2.0
950 http fetch GET 200 https://registry.npmjs.org/escalade 36ms (cache miss)
951 timing idealTree:node_modules/browserslist Completed in 41ms
952 timing idealTree:node_modules/caniuse-lite Completed in 0ms
953 timing idealTree:node_modules/clsx Completed in 0ms
954 timing idealTree:node_modules/convert-source-map Completed in 0ms
955 timing idealTree:node_modules/core-js-compat Completed in 0ms
956 silly placeDep ROOT @types/parse-json@4.0.2 OK for: cosmiconfig@7.1.0 want: ^4.0.0
957 silly placeDep ROOT import-fresh@3.3.1 OK for: cosmiconfig@7.1.0 want: ^3.2.1
958 silly fetch manifest parent-module@^1.0.0
959 silly fetch manifest resolve-from@^4.0.0
960 silly placeDep ROOT parse-json@5.2.0 OK for: cosmiconfig@7.1.0 want: ^5.0.0
961 silly fetch manifest error-ex@^1.3.1
962 silly fetch manifest json-parse-even-better-errors@^2.3.0
963 silly fetch manifest lines-and-columns@^1.1.6
964 silly placeDep ROOT path-type@4.0.0 OK for: cosmiconfig@7.1.0 want: ^4.0.0
965 silly placeDep ROOT yaml@1.10.2 OK for: cosmiconfig@7.1.0 want: ^1.10.0
966 http fetch GET 200 https://registry.npmjs.org/parent-module 35ms (cache miss)
967 http fetch GET 200 https://registry.npmjs.org/lines-and-columns 43ms (cache miss)
968 http fetch GET 200 https://registry.npmjs.org/resolve-from 49ms (cache miss)
969 http fetch GET 200 https://registry.npmjs.org/error-ex 49ms (cache miss)
970 timing idealTree:node_modules/cosmiconfig Completed in 54ms
971 timing idealTree:node_modules/@types/parse-json Completed in 0ms
972 silly placeDep ROOT icss-utils@5.1.0 OK for: css-loader@6.11.0 want: ^5.1.0
973 silly placeDep ROOT postcss@8.5.3 OK for: icss-utils@5.1.0 want: ^8.1.0
974 silly fetch manifest nanoid@^3.3.8
975 silly fetch manifest source-map-js@^1.2.1
976 silly placeDep ROOT postcss-modules-extract-imports@3.1.0 OK for: css-loader@6.11.0 want: ^3.1.0
977 silly placeDep ROOT postcss-modules-local-by-default@4.2.0 OK for: css-loader@6.11.0 want: ^4.0.5
978 silly fetch manifest postcss-selector-parser@^7.0.0
979 silly fetch manifest postcss-value-parser@^4.1.0
980 silly placeDep ROOT postcss-modules-scope@3.2.1 OK for: css-loader@6.11.0 want: ^3.2.0
981 silly placeDep ROOT postcss-modules-values@4.0.0 OK for: css-loader@6.11.0 want: ^4.0.0
982 silly placeDep ROOT postcss-value-parser@4.2.0 OK for: css-loader@6.11.0 want: ^4.2.0
983 silly placeDep node_modules/css-loader semver@7.7.1 OK for: css-loader@6.11.0 want: ^7.5.4
984 http fetch GET 200 https://registry.npmjs.org/nanoid 50ms (cache miss)
985 http fetch GET 200 https://registry.npmjs.org/source-map-js 77ms (cache miss)
986 http fetch GET 200 https://registry.npmjs.org/postcss-selector-parser 76ms (cache miss)
987 timing idealTree:node_modules/css-loader Completed in 86ms
988 timing idealTree:node_modules/csstype Completed in 0ms
989 silly placeDep ROOT ms@2.1.3 OK for: debug@4.4.0 want: ^2.1.3
990 timing idealTree:node_modules/debug Completed in 2ms
991 timing idealTree:node_modules/electron-to-chromium Completed in 0ms
992 timing idealTree:node_modules/escape-string-regexp Completed in 0ms
993 timing idealTree:node_modules/esutils Completed in 0ms
994 silly placeDep ROOT common-path-prefix@3.0.0 OK for: find-cache-dir@4.0.0 want: ^3.0.0
995 silly placeDep ROOT pkg-dir@7.0.0 OK for: find-cache-dir@4.0.0 want: ^7.0.0
996 silly fetch manifest find-up@^6.3.0
997 http fetch GET 200 https://registry.npmjs.org/find-up 37ms (cache miss)
998 timing idealTree:node_modules/find-cache-dir Completed in 41ms
999 timing idealTree:node_modules/common-path-prefix Completed in 0ms
1000 timing idealTree:node_modules/find-root Completed in 0ms
1001 timing idealTree:node_modules/gensync Completed in 0ms
1002 timing idealTree:node_modules/globals Completed in 0ms
1003 silly placeDep node_modules/hoist-non-react-statics react-is@16.13.1 OK for: hoist-non-react-statics@3.3.2 want: ^16.7.0
1004 timing idealTree:node_modules/hoist-non-react-statics Completed in 1ms
1005 silly placeDep ROOT @types/html-minifier-terser@6.1.0 OK for: html-webpack-plugin@5.6.3 want: ^6.0.0
1006 silly placeDep ROOT html-minifier-terser@6.1.0 OK for: html-webpack-plugin@5.6.3 want: ^6.0.2
1007 silly fetch manifest camel-case@^4.1.2
1008 silly fetch manifest clean-css@^5.2.2
1009 silly fetch manifest commander@^8.3.0
1010 silly fetch manifest he@^1.2.0
1011 silly fetch manifest param-case@^3.0.4
1012 silly fetch manifest relateurl@^0.2.7
1013 silly fetch manifest terser@^5.10.0
1014 silly placeDep ROOT lodash@4.17.21 OK for: html-webpack-plugin@5.6.3 want: ^4.17.21
1015 silly placeDep ROOT pretty-error@4.0.0 OK for: html-webpack-plugin@5.6.3 want: ^4.0.0
1016 silly fetch manifest renderkid@^3.0.0
1017 silly placeDep ROOT tapable@2.2.1 OK for: html-webpack-plugin@5.6.3 want: ^2.0.0
1018 http fetch GET 200 https://registry.npmjs.org/clean-css 49ms (cache miss)
1019 http fetch GET 200 https://registry.npmjs.org/terser 51ms (cache miss)
1020 http fetch GET 200 https://registry.npmjs.org/camel-case 58ms (cache miss)
1021 http fetch GET 200 https://registry.npmjs.org/param-case 57ms (cache miss)
1022 http fetch GET 200 https://registry.npmjs.org/relateurl 66ms (cache miss)
1023 http fetch GET 200 https://registry.npmjs.org/renderkid 80ms (cache miss)
1024 http fetch GET 200 https://registry.npmjs.org/he 85ms (cache miss)
1025 timing idealTree:node_modules/html-webpack-plugin Completed in 91ms
1026 timing idealTree:node_modules/@types/html-minifier-terser Completed in 0ms
1027 silly placeDep ROOT camel-case@4.1.2 OK for: html-minifier-terser@6.1.0 want: ^4.1.2
1028 silly fetch manifest pascal-case@^3.1.2
1029 silly fetch manifest tslib@^2.0.3
1030 silly placeDep ROOT clean-css@5.3.3 OK for: html-minifier-terser@6.1.0 want: ^5.2.2
1031 silly fetch manifest source-map@~0.6.0
1032 silly placeDep ROOT commander@8.3.0 OK for: html-minifier-terser@6.1.0 want: ^8.3.0
1033 silly placeDep ROOT he@1.2.0 OK for: html-minifier-terser@6.1.0 want: ^1.2.0
1034 silly placeDep ROOT param-case@3.0.4 OK for: html-minifier-terser@6.1.0 want: ^3.0.4
1035 silly fetch manifest dot-case@^3.0.4
1036 silly placeDep ROOT relateurl@0.2.7 OK for: html-minifier-terser@6.1.0 want: ^0.2.7
1037 silly placeDep ROOT terser@5.39.0 OK for: html-minifier-terser@6.1.0 want: ^5.10.0
1038 silly fetch manifest @jridgewell/source-map@^0.3.3
1039 silly fetch manifest acorn@^8.8.2
1040 silly fetch manifest commander@^2.20.0
1041 silly fetch manifest source-map-support@~0.5.20
1042 http fetch GET 200 https://registry.npmjs.org/pascal-case 42ms (cache miss)
1043 http fetch GET 200 https://registry.npmjs.org/dot-case 44ms (cache miss)
1044 http fetch GET 200 https://registry.npmjs.org/source-map-support 51ms (cache miss)
1045 http fetch GET 200 https://registry.npmjs.org/@jridgewell%2fsource-map 64ms (cache miss)
1046 timing idealTree:node_modules/html-minifier-terser Completed in 75ms
1047 silly placeDep ROOT pascal-case@3.1.2 OK for: camel-case@4.1.2 want: ^3.1.2
1048 silly fetch manifest no-case@^3.0.4
1049 silly placeDep ROOT tslib@2.8.1 OK for: camel-case@4.1.2 want: ^2.0.3
1050 http fetch GET 200 https://registry.npmjs.org/no-case 42ms (cache miss)
1051 timing idealTree:node_modules/camel-case Completed in 44ms
1052 silly placeDep node_modules/clean-css source-map@0.6.1 OK for: clean-css@5.3.3 want: ~0.6.0
1053 timing idealTree:node_modules/clean-css Completed in 2ms
1054 timing idealTree:node_modules/commander Completed in 0ms
1055 timing idealTree:node_modules/he Completed in 0ms
1056 timing idealTree:node_modules/icss-utils Completed in 0ms
1057 silly placeDep ROOT parent-module@1.0.1 OK for: import-fresh@3.3.1 want: ^1.0.0
1058 silly fetch manifest callsites@^3.0.0
1059 silly placeDep ROOT resolve-from@4.0.0 OK for: import-fresh@3.3.1 want: ^4.0.0
1060 http fetch GET 200 https://registry.npmjs.org/callsites 37ms (cache miss)
1061 timing idealTree:node_modules/import-fresh Completed in 40ms
1062 timing idealTree:node_modules/js-tokens Completed in 0ms
1063 timing idealTree:node_modules/jsesc Completed in 0ms
1064 timing idealTree:node_modules/json5 Completed in 0ms
1065 timing idealTree:node_modules/lodash Completed in 0ms
1066 timing idealTree:node_modules/lodash.debounce Completed in 0ms
1067 silly placeDep ROOT yallist@3.1.1 OK for: lru-cache@5.1.1 want: ^3.0.2
1068 timing idealTree:node_modules/lru-cache Completed in 1ms
1069 timing idealTree:node_modules/ms Completed in 0ms
1070 timing idealTree:node_modules/node-releases Completed in 0ms
1071 silly placeDep ROOT dot-case@3.0.4 OK for: param-case@3.0.4 want: ^3.0.4
1072 timing idealTree:node_modules/param-case Completed in 1ms
1073 silly placeDep ROOT no-case@3.0.4 OK for: dot-case@3.0.4 want: ^3.0.4
1074 silly fetch manifest lower-case@^2.0.2
1075 http fetch GET 200 https://registry.npmjs.org/lower-case 31ms (cache miss)
1076 timing idealTree:node_modules/dot-case Completed in 32ms
1077 silly placeDep ROOT lower-case@2.0.2 OK for: no-case@3.0.4 want: ^2.0.2
1078 timing idealTree:node_modules/no-case Completed in 2ms
1079 timing idealTree:node_modules/lower-case Completed in 0ms
1080 silly placeDep ROOT callsites@3.1.0 OK for: parent-module@1.0.1 want: ^3.0.0
1081 timing idealTree:node_modules/parent-module Completed in 1ms
1082 timing idealTree:node_modules/callsites Completed in 0ms
1083 silly placeDep ROOT error-ex@1.3.2 OK for: parse-json@5.2.0 want: ^1.3.1
1084 silly fetch manifest is-arrayish@^0.2.1
1085 silly placeDep ROOT json-parse-even-better-errors@2.3.1 OK for: parse-json@5.2.0 want: ^2.3.0
1086 silly placeDep ROOT lines-and-columns@1.2.4 OK for: parse-json@5.2.0 want: ^1.1.6
1087 http fetch GET 200 https://registry.npmjs.org/is-arrayish 37ms (cache miss)
1088 timing idealTree:node_modules/parse-json Completed in 39ms
1089 silly placeDep ROOT is-arrayish@0.2.1 OK for: error-ex@1.3.2 want: ^0.2.1
1090 timing idealTree:node_modules/error-ex Completed in 1ms
1091 timing idealTree:node_modules/is-arrayish Completed in 0ms
1092 timing idealTree:node_modules/json-parse-even-better-errors Completed in 0ms
1093 timing idealTree:node_modules/lines-and-columns Completed in 0ms
1094 timing idealTree:node_modules/pascal-case Completed in 0ms
1095 timing idealTree:node_modules/path-type Completed in 0ms
1096 timing idealTree:node_modules/picocolors Completed in 0ms
1097 silly placeDep ROOT find-up@6.3.0 OK for: pkg-dir@7.0.0 want: ^6.3.0
1098 silly fetch manifest locate-path@^7.1.0
1099 silly fetch manifest path-exists@^5.0.0
1100 http fetch GET 200 https://registry.npmjs.org/locate-path 38ms (cache miss)
1101 http fetch GET 200 https://registry.npmjs.org/path-exists 38ms (cache miss)
1102 timing idealTree:node_modules/pkg-dir Completed in 41ms
1103 silly placeDep ROOT locate-path@7.2.0 OK for: find-up@6.3.0 want: ^7.1.0
1104 silly fetch manifest p-locate@^6.0.0
1105 silly placeDep ROOT path-exists@5.0.0 OK for: find-up@6.3.0 want: ^5.0.0
1106 http fetch GET 200 https://registry.npmjs.org/p-locate 36ms (cache miss)
1107 timing idealTree:node_modules/find-up Completed in 37ms
1108 silly placeDep ROOT p-locate@6.0.0 OK for: locate-path@7.2.0 want: ^6.0.0
1109 silly fetch manifest p-limit@^4.0.0
1110 http fetch GET 200 https://registry.npmjs.org/p-limit 40ms (cache miss)
1111 timing idealTree:node_modules/locate-path Completed in 43ms
1112 silly placeDep ROOT p-limit@4.0.0 OK for: p-locate@6.0.0 want: ^4.0.0
1113 silly fetch manifest yocto-queue@^1.0.0
1114 http fetch GET 200 https://registry.npmjs.org/yocto-queue 35ms (cache miss)
1115 timing idealTree:node_modules/p-locate Completed in 37ms
1116 silly placeDep ROOT yocto-queue@1.1.1 OK for: p-limit@4.0.0 want: ^1.0.0
1117 timing idealTree:node_modules/p-limit Completed in 1ms
1118 timing idealTree:node_modules/path-exists Completed in 0ms
1119 silly placeDep ROOT nanoid@3.3.8 OK for: postcss@8.5.3 want: ^3.3.8
1120 silly placeDep ROOT source-map-js@1.2.1 OK for: postcss@8.5.3 want: ^1.2.1
1121 timing idealTree:node_modules/postcss Completed in 2ms
1122 timing idealTree:node_modules/nanoid Completed in 0ms
1123 timing idealTree:node_modules/postcss-modules-extract-imports Completed in 0ms
1124 silly placeDep ROOT postcss-selector-parser@7.1.0 OK for: postcss-modules-local-by-default@4.2.0 want: ^7.0.0
1125 silly fetch manifest cssesc@^3.0.0
1126 silly fetch manifest util-deprecate@^1.0.2
1127 http fetch GET 200 https://registry.npmjs.org/util-deprecate 46ms (cache miss)
1128 http fetch GET 200 https://registry.npmjs.org/cssesc 68ms (cache miss)
1129 timing idealTree:node_modules/postcss-modules-local-by-default Completed in 71ms
1130 timing idealTree:node_modules/postcss-modules-scope Completed in 0ms
1131 timing idealTree:node_modules/postcss-modules-values Completed in 0ms
1132 silly placeDep ROOT cssesc@3.0.0 OK for: postcss-selector-parser@7.1.0 want: ^3.0.0
1133 silly placeDep ROOT util-deprecate@1.0.2 OK for: postcss-selector-parser@7.1.0 want: ^1.0.2
1134 timing idealTree:node_modules/postcss-selector-parser Completed in 3ms
1135 timing idealTree:node_modules/cssesc Completed in 0ms
1136 timing idealTree:node_modules/postcss-value-parser Completed in 0ms
1137 silly placeDep ROOT renderkid@3.0.0 OK for: pretty-error@4.0.0 want: ^3.0.0
1138 silly fetch manifest css-select@^4.1.3
1139 silly fetch manifest dom-converter@^0.2.0
1140 silly fetch manifest htmlparser2@^6.1.0
1141 silly fetch manifest strip-ansi@^6.0.1
1142 http fetch GET 200 https://registry.npmjs.org/css-select 38ms (cache miss)
1143 http fetch GET 200 https://registry.npmjs.org/strip-ansi 43ms (cache miss)
1144 http fetch GET 200 https://registry.npmjs.org/htmlparser2 46ms (cache miss)
1145 http fetch GET 200 https://registry.npmjs.org/dom-converter 83ms (cache miss)
1146 timing idealTree:node_modules/pretty-error Completed in 86ms
1147 silly placeDep ROOT loose-envify@1.4.0 OK for: prop-types@15.8.1 want: ^1.4.0
1148 silly placeDep ROOT object-assign@4.1.1 OK for: prop-types@15.8.1 want: ^4.1.1
1149 silly placeDep node_modules/prop-types react-is@16.13.1 OK for: prop-types@15.8.1 want: ^16.13.1
1150 timing idealTree:node_modules/prop-types Completed in 4ms
1151 timing idealTree:node_modules/loose-envify Completed in 0ms
1152 timing idealTree:node_modules/object-assign Completed in 0ms
1153 timing idealTree:node_modules/react Completed in 0ms
1154 silly placeDep ROOT scheduler@0.23.2 OK for: react-dom@18.3.1 want: ^0.23.2
1155 timing idealTree:node_modules/react-dom Completed in 1ms
1156 timing idealTree:node_modules/react-is Completed in 0ms
1157 silly fetch manifest react@>=16.8
1158 silly placeDep ROOT @remix-run/router@1.22.0 OK for: react-router-dom@6.29.0 want: 1.22.0
1159 silly placeDep ROOT react-router@6.29.0 OK for: react-router-dom@6.29.0 want: 6.29.0
1160 timing idealTree:node_modules/react-router-dom Completed in 3ms
1161 timing idealTree:node_modules/@remix-run/router Completed in 0ms
1162 timing idealTree:node_modules/react-router Completed in 0ms
1163 silly placeDep ROOT dom-helpers@5.2.1 OK for: react-transition-group@4.4.5 want: ^5.0.1
1164 timing idealTree:node_modules/react-transition-group Completed in 1ms
1165 timing idealTree:node_modules/dom-helpers Completed in 0ms
1166 timing idealTree:node_modules/regenerator-runtime Completed in 0ms
1167 timing idealTree:node_modules/regenerator-transform Completed in 0ms
1168 silly placeDep ROOT regenerate@1.4.2 OK for: regexpu-core@6.2.0 want: ^1.4.2
1169 silly placeDep ROOT regenerate-unicode-properties@10.2.0 OK for: regexpu-core@6.2.0 want: ^10.2.0
1170 silly placeDep ROOT regjsgen@0.8.0 OK for: regexpu-core@6.2.0 want: ^0.8.0
1171 silly placeDep ROOT regjsparser@0.12.0 OK for: regexpu-core@6.2.0 want: ^0.12.0
1172 silly fetch manifest jsesc@~3.0.2
1173 silly placeDep ROOT unicode-match-property-ecmascript@2.0.0 OK for: regexpu-core@6.2.0 want: ^2.0.0
1174 silly fetch manifest unicode-canonical-property-names-ecmascript@^2.0.0
1175 silly fetch manifest unicode-property-aliases-ecmascript@^2.0.0
1176 silly placeDep ROOT unicode-match-property-value-ecmascript@2.2.0 OK for: regexpu-core@6.2.0 want: ^2.1.0
1177 http fetch GET 200 https://registry.npmjs.org/unicode-canonical-property-names-ecmascript 64ms (cache miss)
1178 http fetch GET 200 https://registry.npmjs.org/unicode-property-aliases-ecmascript 66ms (cache miss)
1179 timing idealTree:node_modules/regexpu-core Completed in 74ms
1180 timing idealTree:node_modules/regenerate Completed in 0ms
1181 timing idealTree:node_modules/regenerate-unicode-properties Completed in 0ms
1182 timing idealTree:node_modules/regjsgen Completed in 0ms
1183 silly placeDep node_modules/regjsparser jsesc@3.0.2 OK for: regjsparser@0.12.0 want: ~3.0.2
1184 timing idealTree:node_modules/regjsparser Completed in 1ms
1185 timing idealTree:node_modules/relateurl Completed in 0ms
1186 silly placeDep ROOT css-select@4.3.0 OK for: renderkid@3.0.0 want: ^4.1.3
1187 silly fetch manifest boolbase@^1.0.0
1188 silly fetch manifest css-what@^6.0.1
1189 silly fetch manifest domhandler@^4.3.1
1190 silly fetch manifest domutils@^2.8.0
1191 silly fetch manifest nth-check@^2.0.1
1192 silly placeDep ROOT dom-converter@0.2.0 OK for: renderkid@3.0.0 want: ^0.2.0
1193 silly fetch manifest utila@~0.4
1194 silly placeDep ROOT htmlparser2@6.1.0 OK for: renderkid@3.0.0 want: ^6.1.0
1195 silly fetch manifest domutils@^2.5.2
1196 silly fetch manifest entities@^2.0.0
1197 silly fetch manifest domhandler@^4.0.0
1198 silly fetch manifest domelementtype@^2.0.1
1199 silly placeDep ROOT strip-ansi@6.0.1 OK for: renderkid@3.0.0 want: ^6.0.1
1200 silly fetch manifest ansi-regex@^5.0.1
1201 http fetch GET 200 https://registry.npmjs.org/boolbase 39ms (cache miss)
1202 http fetch GET 200 https://registry.npmjs.org/nth-check 60ms (cache miss)
1203 http fetch GET 200 https://registry.npmjs.org/entities 57ms (cache miss)
1204 http fetch GET 200 https://registry.npmjs.org/domelementtype 58ms (cache miss)
1205 http fetch GET 200 https://registry.npmjs.org/domhandler 62ms (cache miss)
1206 http fetch GET 200 https://registry.npmjs.org/ansi-regex 58ms (cache miss)
1207 http fetch GET 200 https://registry.npmjs.org/css-what 63ms (cache miss)
1208 http fetch GET 200 https://registry.npmjs.org/domutils 64ms (cache miss)
1209 http fetch GET 200 https://registry.npmjs.org/domutils 61ms (cache miss)
1210 http fetch GET 200 https://registry.npmjs.org/domhandler 61ms (cache miss)
1211 http fetch GET 200 https://registry.npmjs.org/utila 72ms (cache miss)
1212 timing idealTree:node_modules/renderkid Completed in 77ms
1213 silly placeDep ROOT boolbase@1.0.0 OK for: css-select@4.3.0 want: ^1.0.0
1214 silly placeDep ROOT css-what@6.1.0 OK for: css-select@4.3.0 want: ^6.0.1
1215 silly placeDep ROOT domhandler@4.3.1 OK for: css-select@4.3.0 want: ^4.3.1
1216 silly fetch manifest domelementtype@^2.2.0
1217 silly placeDep ROOT domutils@2.8.0 OK for: css-select@4.3.0 want: ^2.8.0
1218 silly fetch manifest dom-serializer@^1.0.1
1219 silly placeDep ROOT nth-check@2.1.1 OK for: css-select@4.3.0 want: ^2.0.1
1220 http fetch GET 200 https://registry.npmjs.org/dom-serializer 40ms (cache miss)
1221 timing idealTree:node_modules/css-select Completed in 46ms
1222 timing idealTree:node_modules/boolbase Completed in 0ms
1223 timing idealTree:node_modules/css-what Completed in 0ms
1224 silly placeDep ROOT utila@0.4.0 OK for: dom-converter@0.2.0 want: ~0.4
1225 timing idealTree:node_modules/dom-converter Completed in 1ms
1226 silly placeDep ROOT domelementtype@2.3.0 OK for: domhandler@4.3.1 want: ^2.2.0
1227 timing idealTree:node_modules/domhandler Completed in 1ms
1228 timing idealTree:node_modules/domelementtype Completed in 0ms
1229 silly placeDep ROOT dom-serializer@1.4.1 OK for: domutils@2.8.0 want: ^1.0.1
1230 timing idealTree:node_modules/domutils Completed in 1ms
1231 silly placeDep ROOT entities@2.2.0 OK for: dom-serializer@1.4.1 want: ^2.0.0
1232 timing idealTree:node_modules/dom-serializer Completed in 1ms
1233 timing idealTree:node_modules/entities Completed in 0ms
1234 timing idealTree:node_modules/htmlparser2 Completed in 0ms
1235 timing idealTree:node_modules/nth-check Completed in 0ms
1236 silly placeDep ROOT is-core-module@2.16.1 OK for: resolve@1.22.10 want: ^2.16.0
1237 silly fetch manifest hasown@^2.0.2
1238 silly placeDep ROOT path-parse@1.0.7 OK for: resolve@1.22.10 want: ^1.0.7
1239 silly placeDep ROOT supports-preserve-symlinks-flag@1.0.0 OK for: resolve@1.22.10 want: ^1.0.0
1240 http fetch GET 200 https://registry.npmjs.org/hasown 37ms (cache miss)
1241 timing idealTree:node_modules/resolve Completed in 39ms
1242 silly placeDep ROOT hasown@2.0.2 OK for: is-core-module@2.16.1 want: ^2.0.2
1243 silly fetch manifest function-bind@^1.1.2
1244 http fetch GET 200 https://registry.npmjs.org/function-bind 35ms (cache miss)
1245 timing idealTree:node_modules/is-core-module Completed in 36ms
1246 silly placeDep ROOT function-bind@1.1.2 OK for: hasown@2.0.2 want: ^1.1.2
1247 timing idealTree:node_modules/hasown Completed in 2ms
1248 timing idealTree:node_modules/function-bind Completed in 0ms
1249 timing idealTree:node_modules/path-parse Completed in 0ms
1250 timing idealTree:node_modules/resolve-from Completed in 0ms
1251 timing idealTree:node_modules/scheduler Completed in 0ms
1252 silly placeDep ROOT @types/json-schema@7.0.15 OK for: schema-utils@4.3.0 want: ^7.0.9
1253 silly placeDep ROOT ajv@8.17.1 OK for: schema-utils@4.3.0 want: ^8.9.0
1254 silly fetch manifest fast-deep-equal@^3.1.3
1255 silly fetch manifest fast-uri@^3.0.1
1256 silly fetch manifest json-schema-traverse@^1.0.0
1257 silly fetch manifest require-from-string@^2.0.2
1258 silly placeDep ROOT ajv-formats@2.1.1 OK for: schema-utils@4.3.0 want: ^2.1.1
1259 silly placeDep ROOT ajv-keywords@5.1.0 OK for: schema-utils@4.3.0 want: ^5.1.0
1260 http fetch GET 200 https://registry.npmjs.org/fast-deep-equal 38ms (cache miss)
1261 http fetch GET 200 https://registry.npmjs.org/require-from-string 46ms (cache miss)
1262 http fetch GET 200 https://registry.npmjs.org/fast-uri 46ms (cache miss)
1263 http fetch GET 200 https://registry.npmjs.org/json-schema-traverse 46ms (cache miss)
1264 timing idealTree:node_modules/schema-utils Completed in 51ms
1265 timing idealTree:node_modules/@types/json-schema Completed in 0ms
1266 silly placeDep ROOT fast-deep-equal@3.1.3 OK for: ajv@8.17.1 want: ^3.1.3
1267 silly placeDep ROOT fast-uri@3.0.6 OK for: ajv@8.17.1 want: ^3.0.1
1268 silly placeDep ROOT json-schema-traverse@1.0.0 OK for: ajv@8.17.1 want: ^1.0.0
1269 silly placeDep ROOT require-from-string@2.0.2 OK for: ajv@8.17.1 want: ^2.0.2
1270 timing idealTree:node_modules/ajv Completed in 2ms
1271 timing idealTree:node_modules/ajv-formats Completed in 0ms
1272 timing idealTree:node_modules/ajv-keywords Completed in 0ms
1273 timing idealTree:node_modules/fast-deep-equal Completed in 0ms
1274 timing idealTree:node_modules/fast-uri Completed in 0ms
1275 timing idealTree:node_modules/json-schema-traverse Completed in 0ms
1276 timing idealTree:node_modules/require-from-string Completed in 0ms
1277 timing idealTree:node_modules/semver Completed in 0ms
1278 timing idealTree:node_modules/source-map Completed in 0ms
1279 timing idealTree:node_modules/source-map-js Completed in 0ms
1280 silly placeDep ROOT ansi-regex@5.0.1 OK for: strip-ansi@6.0.1 want: ^5.0.1
1281 timing idealTree:node_modules/strip-ansi Completed in 0ms
1282 timing idealTree:node_modules/ansi-regex Completed in 0ms
1283 timing idealTree:node_modules/style-loader Completed in 0ms
1284 silly placeDep node_modules/styled-components @emotion/is-prop-valid@1.2.2 OK for: styled-components@6.1.15 want: 1.2.2
1285 silly fetch manifest @emotion/memoize@^0.8.1
1286 silly placeDep node_modules/styled-components @emotion/unitless@0.8.1 OK for: styled-components@6.1.15 want: 0.8.1
1287 silly placeDep ROOT @types/stylis@4.2.5 OK for: styled-components@6.1.15 want: 4.2.5
1288 silly placeDep ROOT css-to-react-native@3.2.0 OK for: styled-components@6.1.15 want: 3.2.0
1289 silly fetch manifest camelize@^1.0.0
1290 silly fetch manifest css-color-keywords@^1.0.0
1291 silly placeDep node_modules/styled-components postcss@8.4.49 OK for: styled-components@6.1.15 want: 8.4.49
1292 silly placeDep ROOT shallowequal@1.1.0 OK for: styled-components@6.1.15 want: 1.1.0
1293 silly placeDep node_modules/styled-components stylis@4.3.2 OK for: styled-components@6.1.15 want: 4.3.2
1294 silly placeDep node_modules/styled-components tslib@2.6.2 OK for: styled-components@6.1.15 want: 2.6.2
1295 http fetch GET 200 https://registry.npmjs.org/css-color-keywords 42ms (cache miss)
1296 http fetch GET 200 https://registry.npmjs.org/camelize 43ms (cache miss)
1297 timing idealTree:node_modules/styled-components Completed in 48ms
1298 timing idealTree:node_modules/@types/stylis Completed in 0ms
1299 silly placeDep ROOT camelize@1.0.1 OK for: css-to-react-native@3.2.0 want: ^1.0.0
1300 silly placeDep ROOT css-color-keywords@1.0.0 OK for: css-to-react-native@3.2.0 want: ^1.0.0
1301 timing idealTree:node_modules/css-to-react-native Completed in 2ms
1302 timing idealTree:node_modules/camelize Completed in 0ms
1303 timing idealTree:node_modules/css-color-keywords Completed in 0ms
1304 timing idealTree:node_modules/shallowequal Completed in 0ms
1305 timing idealTree:node_modules/stylis Completed in 0ms
1306 timing idealTree:node_modules/supports-preserve-symlinks-flag Completed in 0ms
1307 timing idealTree:node_modules/tapable Completed in 0ms
1308 silly placeDep ROOT @jridgewell/source-map@0.3.6 OK for: terser@5.39.0 want: ^0.3.3
1309 silly placeDep ROOT acorn@8.14.0 OK for: terser@5.39.0 want: ^8.8.2
1310 silly placeDep node_modules/terser commander@2.20.3 OK for: terser@5.39.0 want: ^2.20.0
1311 silly placeDep ROOT source-map-support@0.5.21 OK for: terser@5.39.0 want: ~0.5.20
1312 silly fetch manifest buffer-from@^1.0.0
1313 silly fetch manifest source-map@^0.6.0
1314 http fetch GET 200 https://registry.npmjs.org/buffer-from 42ms (cache miss)
1315 timing idealTree:node_modules/terser Completed in 46ms
1316 timing idealTree:node_modules/@jridgewell/source-map Completed in 0ms
1317 timing idealTree:node_modules/acorn Completed in 0ms
1318 silly placeDep ROOT buffer-from@1.1.2 OK for: source-map-support@0.5.21 want: ^1.0.0
1319 silly placeDep node_modules/source-map-support source-map@0.6.1 OK for: source-map-support@0.5.21 want: ^0.6.0
1320 timing idealTree:node_modules/source-map-support Completed in 1ms
1321 timing idealTree:node_modules/buffer-from Completed in 0ms
1322 timing idealTree:node_modules/tslib Completed in 0ms
1323 silly placeDep ROOT unicode-canonical-property-names-ecmascript@2.0.1 OK for: unicode-match-property-ecmascript@2.0.0 want: ^2.0.0
1324 silly placeDep ROOT unicode-property-aliases-ecmascript@2.1.0 OK for: unicode-match-property-ecmascript@2.0.0 want: ^2.0.0
1325 timing idealTree:node_modules/unicode-match-property-ecmascript Completed in 1ms
1326 timing idealTree:node_modules/unicode-canonical-property-names-ecmascript Completed in 0ms
1327 timing idealTree:node_modules/unicode-match-property-value-ecmascript Completed in 0ms
1328 timing idealTree:node_modules/unicode-property-aliases-ecmascript Completed in 0ms
1329 silly placeDep ROOT escalade@3.2.0 OK for: update-browserslist-db@1.1.3 want: ^3.2.0
1330 timing idealTree:node_modules/update-browserslist-db Completed in 1ms
1331 timing idealTree:node_modules/escalade Completed in 0ms
1332 timing idealTree:node_modules/util-deprecate Completed in 0ms
1333 timing idealTree:node_modules/utila Completed in 0ms
1334 silly fetch manifest webpack@^5.1.0
1335 silly placeDep ROOT @types/eslint-scope@3.7.7 OK for: webpack@5.98.0 want: ^3.7.7
1336 silly fetch manifest @types/eslint@*
1337 silly fetch manifest @types/estree@*
1338 silly placeDep ROOT @types/estree@1.0.6 OK for: webpack@5.98.0 want: ^1.0.6
1339 silly placeDep ROOT @webassemblyjs/ast@1.14.1 OK for: webpack@5.98.0 want: ^1.14.1
1340 silly fetch manifest @webassemblyjs/helper-numbers@1.13.2
1341 silly fetch manifest @webassemblyjs/helper-wasm-bytecode@1.13.2
1342 silly placeDep ROOT @webassemblyjs/wasm-edit@1.14.1 OK for: webpack@5.98.0 want: ^1.14.1
1343 silly fetch manifest @webassemblyjs/helper-buffer@1.14.1
1344 silly fetch manifest @webassemblyjs/helper-wasm-section@1.14.1
1345 silly fetch manifest @webassemblyjs/wasm-gen@1.14.1
1346 silly fetch manifest @webassemblyjs/wasm-opt@1.14.1
1347 silly fetch manifest @webassemblyjs/wasm-parser@1.14.1
1348 silly fetch manifest @webassemblyjs/wast-printer@1.14.1
1349 silly placeDep ROOT @webassemblyjs/wasm-parser@1.14.1 OK for: webpack@5.98.0 want: ^1.14.1
1350 silly fetch manifest @webassemblyjs/helper-api-error@1.13.2
1351 silly fetch manifest @webassemblyjs/ieee754@1.13.2
1352 silly fetch manifest @webassemblyjs/leb128@1.13.2
1353 silly fetch manifest @webassemblyjs/utf8@1.13.2
1354 silly placeDep ROOT chrome-trace-event@1.0.4 OK for: webpack@5.98.0 want: ^1.0.2
1355 silly placeDep ROOT enhanced-resolve@5.18.1 OK for: webpack@5.98.0 want: ^5.17.1
1356 silly fetch manifest graceful-fs@^4.2.4
1357 silly placeDep ROOT es-module-lexer@1.6.0 OK for: webpack@5.98.0 want: ^1.2.1
1358 silly placeDep ROOT eslint-scope@5.1.1 OK for: webpack@5.98.0 want: 5.1.1
1359 silly fetch manifest esrecurse@^4.3.0
1360 silly fetch manifest estraverse@^4.1.1
1361 silly placeDep ROOT events@3.3.0 OK for: webpack@5.98.0 want: ^3.2.0
1362 silly placeDep ROOT glob-to-regexp@0.4.1 OK for: webpack@5.98.0 want: ^0.4.1
1363 silly placeDep ROOT graceful-fs@4.2.11 OK for: webpack@5.98.0 want: ^4.2.11
1364 silly placeDep ROOT loader-runner@4.3.0 OK for: webpack@5.98.0 want: ^4.2.0
1365 silly placeDep ROOT mime-types@2.1.35 OK for: webpack@5.98.0 want: ^2.1.27
1366 silly fetch manifest mime-db@1.52.0
1367 silly placeDep ROOT neo-async@2.6.2 OK for: webpack@5.98.0 want: ^2.6.2
1368 silly placeDep ROOT terser-webpack-plugin@5.3.11 OK for: webpack@5.98.0 want: ^5.3.11
1369 silly fetch manifest jest-worker@^27.4.5
1370 silly fetch manifest serialize-javascript@^6.0.2
1371 silly placeDep ROOT watchpack@2.4.2 OK for: webpack@5.98.0 want: ^2.4.1
1372 silly placeDep ROOT webpack-sources@3.2.3 OK for: webpack@5.98.0 want: ^3.2.3
1373 http fetch GET 200 https://registry.npmjs.org/@webassemblyjs%2fhelper-numbers 95ms (cache miss)
1374 http fetch GET 200 https://registry.npmjs.org/@webassemblyjs%2fwasm-opt 95ms (cache miss)
1375 http fetch GET 200 https://registry.npmjs.org/@webassemblyjs%2fieee754 93ms (cache miss)
1376 http fetch GET 200 https://registry.npmjs.org/@webassemblyjs%2fwast-printer 96ms (cache miss)
1377 http fetch GET 200 https://registry.npmjs.org/@webassemblyjs%2fhelper-buffer 102ms (cache miss)
1378 http fetch GET 200 https://registry.npmjs.org/@webassemblyjs%2fhelper-wasm-section 106ms (cache miss)
1379 http fetch GET 200 https://registry.npmjs.org/@types%2feslint 111ms (cache miss)
1380 http fetch GET 200 https://registry.npmjs.org/@webassemblyjs%2fhelper-api-error 104ms (cache miss)
1381 http fetch GET 200 https://registry.npmjs.org/@webassemblyjs%2fhelper-wasm-bytecode 111ms (cache miss)
1382 http fetch GET 200 https://registry.npmjs.org/@webassemblyjs%2fwasm-gen 109ms (cache miss)
1383 http fetch GET 200 https://registry.npmjs.org/@webassemblyjs%2fleb128 106ms (cache miss)
1384 http fetch GET 200 https://registry.npmjs.org/@webassemblyjs%2futf8 109ms (cache miss)
1385 http fetch GET 200 https://registry.npmjs.org/estraverse 108ms (cache miss)
1386 http fetch GET 200 https://registry.npmjs.org/mime-db 126ms (cache miss)
1387 http fetch GET 200 https://registry.npmjs.org/jest-worker 170ms (cache miss)
1388 http fetch GET 200 https://registry.npmjs.org/serialize-javascript 176ms (cache miss)
1389 http fetch GET 200 https://registry.npmjs.org/esrecurse 185ms (cache miss)
1390 timing idealTree:node_modules/webpack Completed in 204ms
1391 silly placeDep ROOT @types/eslint@9.6.1 OK for: @types/eslint-scope@3.7.7 want: *
1392 timing idealTree:node_modules/@types/eslint-scope Completed in 1ms
1393 timing idealTree:node_modules/@types/eslint Completed in 0ms
1394 timing idealTree:node_modules/@types/estree Completed in 0ms
1395 silly placeDep ROOT @webassemblyjs/helper-numbers@1.13.2 OK for: @webassemblyjs/ast@1.14.1 want: 1.13.2
1396 silly fetch manifest @xtuc/long@4.2.2
1397 silly fetch manifest @webassemblyjs/floating-point-hex-parser@1.13.2
1398 silly placeDep ROOT @webassemblyjs/helper-wasm-bytecode@1.13.2 OK for: @webassemblyjs/ast@1.14.1 want: 1.13.2
1399 http fetch GET 200 https://registry.npmjs.org/@xtuc%2flong 49ms (cache miss)
1400 http fetch GET 200 https://registry.npmjs.org/@webassemblyjs%2ffloating-point-hex-parser 51ms (cache miss)
1401 timing idealTree:node_modules/@webassemblyjs/ast Completed in 53ms
1402 silly placeDep ROOT @webassemblyjs/floating-point-hex-parser@1.13.2 OK for: @webassemblyjs/helper-numbers@1.13.2 want: 1.13.2
1403 silly placeDep ROOT @webassemblyjs/helper-api-error@1.13.2 OK for: @webassemblyjs/helper-numbers@1.13.2 want: 1.13.2
1404 silly placeDep ROOT @xtuc/long@4.2.2 OK for: @webassemblyjs/helper-numbers@1.13.2 want: 4.2.2
1405 timing idealTree:node_modules/@webassemblyjs/helper-numbers Completed in 2ms
1406 timing idealTree:node_modules/@webassemblyjs/floating-point-hex-parser Completed in 0ms
1407 timing idealTree:node_modules/@webassemblyjs/helper-api-error Completed in 0ms
1408 timing idealTree:node_modules/@webassemblyjs/helper-wasm-bytecode Completed in 0ms
1409 silly placeDep ROOT @webassemblyjs/helper-buffer@1.14.1 OK for: @webassemblyjs/wasm-edit@1.14.1 want: 1.14.1
1410 silly placeDep ROOT @webassemblyjs/helper-wasm-section@1.14.1 OK for: @webassemblyjs/wasm-edit@1.14.1 want: 1.14.1
1411 silly placeDep ROOT @webassemblyjs/wasm-gen@1.14.1 OK for: @webassemblyjs/wasm-edit@1.14.1 want: 1.14.1
1412 silly placeDep ROOT @webassemblyjs/wasm-opt@1.14.1 OK for: @webassemblyjs/wasm-edit@1.14.1 want: 1.14.1
1413 silly placeDep ROOT @webassemblyjs/wast-printer@1.14.1 OK for: @webassemblyjs/wasm-edit@1.14.1 want: 1.14.1
1414 timing idealTree:node_modules/@webassemblyjs/wasm-edit Completed in 4ms
1415 timing idealTree:node_modules/@webassemblyjs/helper-buffer Completed in 0ms
1416 timing idealTree:node_modules/@webassemblyjs/helper-wasm-section Completed in 0ms
1417 silly placeDep ROOT @webassemblyjs/ieee754@1.13.2 OK for: @webassemblyjs/wasm-gen@1.14.1 want: 1.13.2
1418 silly fetch manifest @xtuc/ieee754@^1.2.0
1419 silly placeDep ROOT @webassemblyjs/leb128@1.13.2 OK for: @webassemblyjs/wasm-gen@1.14.1 want: 1.13.2
1420 silly placeDep ROOT @webassemblyjs/utf8@1.13.2 OK for: @webassemblyjs/wasm-gen@1.14.1 want: 1.13.2
1421 http fetch GET 200 https://registry.npmjs.org/@xtuc%2fieee754 55ms (cache miss)
1422 timing idealTree:node_modules/@webassemblyjs/wasm-gen Completed in 56ms
1423 silly placeDep ROOT @xtuc/ieee754@1.2.0 OK for: @webassemblyjs/ieee754@1.13.2 want: ^1.2.0
1424 timing idealTree:node_modules/@webassemblyjs/ieee754 Completed in 1ms
1425 timing idealTree:node_modules/@webassemblyjs/leb128 Completed in 0ms
1426 timing idealTree:node_modules/@webassemblyjs/utf8 Completed in 0ms
1427 timing idealTree:node_modules/@webassemblyjs/wasm-opt Completed in 0ms
1428 timing idealTree:node_modules/@webassemblyjs/wasm-parser Completed in 0ms
1429 timing idealTree:node_modules/@webassemblyjs/wast-printer Completed in 0ms
1430 timing idealTree:node_modules/@xtuc/ieee754 Completed in 0ms
1431 timing idealTree:node_modules/@xtuc/long Completed in 0ms
1432 timing idealTree:node_modules/chrome-trace-event Completed in 0ms
1433 timing idealTree:node_modules/enhanced-resolve Completed in 0ms
1434 timing idealTree:node_modules/es-module-lexer Completed in 0ms
1435 silly placeDep ROOT esrecurse@4.3.0 OK for: eslint-scope@5.1.1 want: ^4.3.0
1436 silly fetch manifest estraverse@^5.2.0
1437 silly placeDep ROOT estraverse@4.3.0 OK for: eslint-scope@5.1.1 want: ^4.1.1
1438 timing idealTree:node_modules/eslint-scope Completed in 2ms
1439 silly placeDep node_modules/esrecurse estraverse@5.3.0 OK for: esrecurse@4.3.0 want: ^5.2.0
1440 timing idealTree:node_modules/esrecurse Completed in 1ms
1441 timing idealTree:node_modules/estraverse Completed in 0ms
1442 timing idealTree:node_modules/events Completed in 0ms
1443 timing idealTree:node_modules/glob-to-regexp Completed in 0ms
1444 timing idealTree:node_modules/graceful-fs Completed in 0ms
1445 timing idealTree:node_modules/loader-runner Completed in 0ms
1446 silly placeDep ROOT mime-db@1.52.0 OK for: mime-types@2.1.35 want: 1.52.0
1447 timing idealTree:node_modules/mime-types Completed in 1ms
1448 timing idealTree:node_modules/mime-db Completed in 0ms
1449 timing idealTree:node_modules/neo-async Completed in 0ms
1450 silly placeDep ROOT jest-worker@27.5.1 OK for: terser-webpack-plugin@5.3.11 want: ^27.4.5
1451 silly fetch manifest @types/node@*
1452 silly fetch manifest merge-stream@^2.0.0
1453 silly fetch manifest supports-color@^8.0.0
1454 silly placeDep ROOT serialize-javascript@6.0.2 OK for: terser-webpack-plugin@5.3.11 want: ^6.0.2
1455 silly fetch manifest randombytes@^2.1.0
1456 http fetch GET 200 https://registry.npmjs.org/supports-color 44ms (cache miss)
1457 http fetch GET 200 https://registry.npmjs.org/randombytes 46ms (cache miss)
1458 http fetch GET 200 https://registry.npmjs.org/merge-stream 50ms (cache miss)
1459 http fetch GET 200 https://registry.npmjs.org/@types%2fnode 92ms (cache miss)
1460 timing idealTree:node_modules/terser-webpack-plugin Completed in 100ms
1461 silly placeDep ROOT @types/node@22.13.5 OK for: jest-worker@27.5.1 want: *
1462 silly fetch manifest undici-types@~6.20.0
1463 silly placeDep ROOT merge-stream@2.0.0 OK for: jest-worker@27.5.1 want: ^2.0.0
1464 silly placeDep ROOT supports-color@8.1.1 OK for: jest-worker@27.5.1 want: ^8.0.0
1465 silly fetch manifest has-flag@^4.0.0
1466 http fetch GET 200 https://registry.npmjs.org/undici-types 43ms (cache miss)
1467 http fetch GET 200 https://registry.npmjs.org/has-flag 47ms (cache miss)
1468 timing idealTree:node_modules/jest-worker Completed in 51ms
1469 silly placeDep ROOT undici-types@6.20.0 OK for: @types/node@22.13.5 want: ~6.20.0
1470 timing idealTree:node_modules/@types/node Completed in 1ms
1471 timing idealTree:node_modules/merge-stream Completed in 0ms
1472 silly placeDep ROOT randombytes@2.1.0 OK for: serialize-javascript@6.0.2 want: ^2.1.0
1473 silly fetch manifest safe-buffer@^5.1.0
1474 http fetch GET 200 https://registry.npmjs.org/safe-buffer 33ms (cache miss)
1475 timing idealTree:node_modules/serialize-javascript Completed in 34ms
1476 silly placeDep ROOT safe-buffer@5.2.1 OK for: randombytes@2.1.0 want: ^5.1.0
1477 timing idealTree:node_modules/randombytes Completed in 1ms
1478 timing idealTree:node_modules/safe-buffer Completed in 0ms
1479 silly placeDep ROOT has-flag@4.0.0 OK for: supports-color@8.1.1 want: ^4.0.0
1480 timing idealTree:node_modules/supports-color Completed in 1ms
1481 timing idealTree:node_modules/has-flag Completed in 0ms
1482 timing idealTree:node_modules/undici-types Completed in 0ms
1483 timing idealTree:node_modules/watchpack Completed in 0ms
1484 silly fetch manifest webpack@5.x.x
1485 silly fetch manifest webpack-cli@5.x.x
1486 silly placeDep ROOT @discoveryjs/json-ext@0.5.7 OK for: webpack-cli@5.1.4 want: ^0.5.0
1487 silly placeDep ROOT @webpack-cli/configtest@2.1.1 OK for: webpack-cli@5.1.4 want: ^2.1.1
1488 silly placeDep ROOT @webpack-cli/info@2.0.2 OK for: webpack-cli@5.1.4 want: ^2.0.2
1489 silly placeDep ROOT @webpack-cli/serve@2.0.5 OK for: webpack-cli@5.1.4 want: ^2.0.5
1490 silly placeDep ROOT colorette@2.0.20 OK for: webpack-cli@5.1.4 want: ^2.0.14
1491 silly placeDep node_modules/webpack-cli commander@10.0.1 OK for: webpack-cli@5.1.4 want: ^10.0.1
1492 silly placeDep ROOT cross-spawn@7.0.6 OK for: webpack-cli@5.1.4 want: ^7.0.3
1493 silly fetch manifest which@^2.0.1
1494 silly fetch manifest path-key@^3.1.0
1495 silly fetch manifest shebang-command@^2.0.0
1496 silly placeDep ROOT envinfo@7.14.0 OK for: webpack-cli@5.1.4 want: ^7.7.3
1497 silly placeDep ROOT fastest-levenshtein@1.0.16 OK for: webpack-cli@5.1.4 want: ^1.0.12
1498 silly placeDep ROOT import-local@3.2.0 OK for: webpack-cli@5.1.4 want: ^3.0.2
1499 silly fetch manifest pkg-dir@^4.2.0
1500 silly fetch manifest resolve-cwd@^3.0.0
1501 silly placeDep ROOT interpret@3.1.1 OK for: webpack-cli@5.1.4 want: ^3.1.1
1502 silly placeDep ROOT rechoir@0.8.0 OK for: webpack-cli@5.1.4 want: ^0.8.0
1503 silly placeDep ROOT webpack-merge@5.10.0 OK for: webpack-cli@5.1.4 want: ^5.7.3
1504 silly fetch manifest flat@^5.0.2
1505 silly fetch manifest wildcard@^2.0.0
1506 silly fetch manifest clone-deep@^4.0.1
1507 http fetch GET 200 https://registry.npmjs.org/path-key 43ms (cache miss)
1508 http fetch GET 200 https://registry.npmjs.org/which 51ms (cache miss)
1509 http fetch GET 200 https://registry.npmjs.org/shebang-command 56ms (cache miss)
1510 http fetch GET 200 https://registry.npmjs.org/flat 52ms (cache miss)
1511 http fetch GET 200 https://registry.npmjs.org/wildcard 67ms (cache miss)
1512 http fetch GET 200 https://registry.npmjs.org/clone-deep 115ms (cache miss)
1513 http fetch GET 200 https://registry.npmjs.org/resolve-cwd 151ms (cache miss)
1514 timing idealTree:node_modules/webpack-cli Completed in 168ms
1515 timing idealTree:node_modules/@discoveryjs/json-ext Completed in 0ms
1516 timing idealTree:node_modules/@webpack-cli/configtest Completed in 0ms
1517 timing idealTree:node_modules/@webpack-cli/info Completed in 0ms
1518 timing idealTree:node_modules/@webpack-cli/serve Completed in 0ms
1519 timing idealTree:node_modules/colorette Completed in 0ms
1520 silly placeDep ROOT path-key@3.1.1 OK for: cross-spawn@7.0.6 want: ^3.1.0
1521 silly placeDep ROOT shebang-command@2.0.0 OK for: cross-spawn@7.0.6 want: ^2.0.0
1522 silly fetch manifest shebang-regex@^3.0.0
1523 silly placeDep ROOT which@2.0.2 OK for: cross-spawn@7.0.6 want: ^2.0.1
1524 silly fetch manifest isexe@^2.0.0
1525 http fetch GET 200 https://registry.npmjs.org/shebang-regex 35ms (cache miss)
1526 http fetch GET 200 https://registry.npmjs.org/isexe 41ms (cache miss)
1527 timing idealTree:node_modules/cross-spawn Completed in 45ms
1528 timing idealTree:node_modules/envinfo Completed in 0ms
1529 timing idealTree:node_modules/fastest-levenshtein Completed in 0ms
1530 silly placeDep node_modules/import-local pkg-dir@4.2.0 OK for: import-local@3.2.0 want: ^4.2.0
1531 silly fetch manifest find-up@^4.0.0
1532 silly placeDep ROOT resolve-cwd@3.0.0 OK for: import-local@3.2.0 want: ^3.0.0
1533 silly fetch manifest resolve-from@^5.0.0
1534 timing idealTree:node_modules/import-local Completed in 2ms
1535 timing idealTree:node_modules/interpret Completed in 0ms
1536 timing idealTree:node_modules/path-key Completed in 0ms
1537 timing idealTree:node_modules/rechoir Completed in 0ms
1538 silly placeDep node_modules/resolve-cwd resolve-from@5.0.0 OK for: resolve-cwd@3.0.0 want: ^5.0.0
1539 timing idealTree:node_modules/resolve-cwd Completed in 1ms
1540 silly placeDep ROOT shebang-regex@3.0.0 OK for: shebang-command@2.0.0 want: ^3.0.0
1541 timing idealTree:node_modules/shebang-command Completed in 1ms
1542 timing idealTree:node_modules/shebang-regex Completed in 0ms
1543 silly fetch manifest bufferutil@^4.0.1
1544 http fetch GET 200 https://registry.npmjs.org/bufferutil 37ms (cache miss)
1545 silly fetch manifest utf-8-validate@>=5.0.2
1546 http fetch GET 200 https://registry.npmjs.org/utf-8-validate 31ms (cache miss)
1547 silly fetch manifest webpack@^5.0.0
1548 silly placeDep ROOT @types/bonjour@3.5.13 OK for: webpack-dev-server@5.2.0 want: ^3.5.13
1549 silly placeDep ROOT @types/connect-history-api-fallback@1.5.4 OK for: webpack-dev-server@5.2.0 want: ^1.5.4
1550 silly fetch manifest @types/express-serve-static-core@*
1551 silly placeDep ROOT @types/express@4.17.21 OK for: webpack-dev-server@5.2.0 want: ^4.17.21
1552 silly fetch manifest @types/qs@*
1553 silly fetch manifest @types/body-parser@*
1554 silly fetch manifest @types/serve-static@*
1555 silly fetch manifest @types/express-serve-static-core@^4.17.33
1556 silly placeDep ROOT @types/serve-index@1.9.4 OK for: webpack-dev-server@5.2.0 want: ^1.9.4
1557 silly placeDep ROOT @types/serve-static@1.15.7 OK for: webpack-dev-server@5.2.0 want: ^1.15.5
1558 silly fetch manifest @types/send@*
1559 silly fetch manifest @types/http-errors@*
1560 silly placeDep ROOT @types/sockjs@0.3.36 OK for: webpack-dev-server@5.2.0 want: ^0.3.36
1561 silly placeDep ROOT @types/ws@8.5.14 OK for: webpack-dev-server@5.2.0 want: ^8.5.10
1562 silly placeDep ROOT ansi-html-community@0.0.8 OK for: webpack-dev-server@5.2.0 want: ^0.0.8
1563 silly placeDep ROOT bonjour-service@1.3.0 OK for: webpack-dev-server@5.2.0 want: ^1.2.1
1564 silly fetch manifest multicast-dns@^7.2.5
1565 silly placeDep ROOT chokidar@3.6.0 OK for: webpack-dev-server@5.2.0 want: ^3.6.0
1566 silly fetch manifest braces@~3.0.2
1567 silly fetch manifest is-glob@~4.0.1
1568 silly fetch manifest anymatch@~3.1.2
1569 silly fetch manifest readdirp@~3.6.0
1570 silly fetch manifest glob-parent@~5.1.2
1571 silly fetch manifest is-binary-path@~2.1.0
1572 silly fetch manifest normalize-path@~3.0.0
1573 silly fetch manifest fsevents@~2.3.2
1574 silly placeDep ROOT compression@1.8.0 OK for: webpack-dev-server@5.2.0 want: ^1.7.4
1575 silly fetch manifest bytes@3.1.2
1576 silly fetch manifest compressible@~2.0.18
1577 silly fetch manifest debug@2.6.9
1578 silly fetch manifest negotiator@~0.6.4
1579 silly fetch manifest on-headers@~1.0.2
1580 silly fetch manifest vary@~1.1.2
1581 silly placeDep ROOT connect-history-api-fallback@2.0.0 OK for: webpack-dev-server@5.2.0 want: ^2.0.0
1582 silly placeDep ROOT express@4.21.2 OK for: webpack-dev-server@5.2.0 want: ^4.21.2
1583 silly fetch manifest qs@6.13.0
1584 silly fetch manifest depd@2.0.0
1585 silly fetch manifest etag@~1.8.1
1586 silly fetch manifest send@0.19.0
1587 silly fetch manifest fresh@0.5.2
1588 silly fetch manifest cookie@0.7.1
1589 silly fetch manifest accepts@~1.3.8
1590 silly fetch manifest methods@~1.1.2
1591 silly fetch manifest type-is@~1.6.18
1592 silly fetch manifest parseurl@~1.3.3
1593 silly fetch manifest statuses@2.0.1
1594 silly fetch manifest encodeurl@~2.0.0
1595 silly fetch manifest proxy-addr@~2.0.7
1596 silly fetch manifest body-parser@1.20.3
1597 silly fetch manifest escape-html@~1.0.3
1598 silly fetch manifest http-errors@2.0.0
1599 silly fetch manifest on-finished@2.4.1
1600 silly fetch manifest utils-merge@1.0.1
1601 silly fetch manifest content-type@~1.0.4
1602 silly fetch manifest finalhandler@1.3.1
1603 silly fetch manifest range-parser@~1.2.1
1604 silly fetch manifest serve-static@1.16.2
1605 silly fetch manifest array-flatten@1.1.1
1606 silly fetch manifest path-to-regexp@0.1.12
1607 silly fetch manifest setprototypeof@1.2.0
1608 silly fetch manifest cookie-signature@1.0.6
1609 silly fetch manifest merge-descriptors@1.0.3
1610 silly fetch manifest content-disposition@0.5.4
1611 silly placeDep ROOT http-proxy-middleware@2.0.7 OK for: webpack-dev-server@5.2.0 want: ^2.0.7
1612 silly fetch manifest is-glob@^4.0.1
1613 silly fetch manifest http-proxy@^1.18.1
1614 silly fetch manifest micromatch@^4.0.2
1615 silly fetch manifest is-plain-obj@^3.0.0
1616 silly fetch manifest @types/http-proxy@^1.17.8
1617 silly placeDep ROOT ipaddr.js@2.2.0 OK for: webpack-dev-server@5.2.0 want: ^2.1.0
1618 silly placeDep ROOT launch-editor@2.10.0 OK for: webpack-dev-server@5.2.0 want: ^2.6.1
1619 silly fetch manifest shell-quote@^1.8.1
1620 silly placeDep ROOT open@10.1.0 OK for: webpack-dev-server@5.2.0 want: ^10.0.3
1621 silly fetch manifest default-browser@^5.2.1
1622 silly fetch manifest define-lazy-prop@^3.0.0
1623 silly fetch manifest is-inside-container@^1.0.0
1624 silly fetch manifest is-wsl@^3.1.0
1625 silly placeDep ROOT p-retry@6.2.1 OK for: webpack-dev-server@5.2.0 want: ^6.2.0
1626 silly fetch manifest @types/retry@0.12.2
1627 silly fetch manifest is-network-error@^1.0.0
1628 silly fetch manifest retry@^0.13.1
1629 silly placeDep ROOT selfsigned@2.4.1 OK for: webpack-dev-server@5.2.0 want: ^2.4.1
1630 silly fetch manifest @types/node-forge@^1.3.0
1631 silly fetch manifest node-forge@^1
1632 silly placeDep ROOT serve-index@1.9.1 OK for: webpack-dev-server@5.2.0 want: ^1.9.1
1633 silly fetch manifest batch@0.6.1
1634 silly fetch manifest accepts@~1.3.4
1635 silly fetch manifest parseurl@~1.3.2
1636 silly fetch manifest http-errors@~1.6.2
1637 silly placeDep ROOT sockjs@0.3.24 OK for: webpack-dev-server@5.2.0 want: ^0.3.24
1638 silly fetch manifest faye-websocket@^0.11.3
1639 silly fetch manifest uuid@^8.3.2
1640 silly fetch manifest websocket-driver@^0.7.4
1641 silly placeDep ROOT spdy@4.0.2 OK for: webpack-dev-server@5.2.0 want: ^4.0.2
1642 silly fetch manifest handle-thing@^2.0.0
1643 silly fetch manifest http-deceiver@^1.2.7
1644 silly fetch manifest select-hose@^2.0.0
1645 silly fetch manifest spdy-transport@^3.0.0
1646 silly placeDep ROOT webpack-dev-middleware@7.4.2 OK for: webpack-dev-server@5.2.0 want: ^7.4.2
1647 silly fetch manifest memfs@^4.6.0
1648 silly fetch manifest on-finished@^2.4.1
1649 silly fetch manifest range-parser@^1.2.1
1650 silly placeDep ROOT ws@8.18.1 OK for: webpack-dev-server@5.2.0 want: ^8.18.0
1651 http fetch GET 200 https://registry.npmjs.org/normalize-path 111ms (cache miss)
1652 http fetch GET 200 https://registry.npmjs.org/glob-parent 112ms (cache miss)
1653 http fetch GET 200 https://registry.npmjs.org/fsevents 112ms (cache miss)
1654 http fetch GET 200 https://registry.npmjs.org/@types%2fsend 120ms (cache miss)
1655 http fetch GET 200 https://registry.npmjs.org/anymatch 115ms (cache miss)
1656 http fetch GET 200 https://registry.npmjs.org/is-binary-path 115ms (cache miss)
1657 http fetch GET 200 https://registry.npmjs.org/is-glob 117ms (cache miss)
1658 http fetch GET 200 https://registry.npmjs.org/@types%2fqs 129ms (cache miss)
1659 http fetch GET 200 https://registry.npmjs.org/@types%2fexpress-serve-static-core 131ms (cache miss)
1660 http fetch GET 200 https://registry.npmjs.org/braces 121ms (cache miss)
1661 http fetch GET 200 https://registry.npmjs.org/@types%2fexpress-serve-static-core 128ms (cache miss)
1662 http fetch GET 200 https://registry.npmjs.org/@types%2fhttp-errors 130ms (cache miss)
1663 http fetch GET 200 https://registry.npmjs.org/@types%2fbody-parser 132ms (cache miss)
1664 http fetch GET 200 https://registry.npmjs.org/readdirp 126ms (cache miss)
1665 http fetch GET 200 https://registry.npmjs.org/vary 126ms (cache miss)
1666 http fetch GET 200 https://registry.npmjs.org/multicast-dns 133ms (cache miss)
1667 http fetch GET 200 https://registry.npmjs.org/on-headers 129ms (cache miss)
1668 http fetch GET 200 https://registry.npmjs.org/fresh 138ms (cache miss)
1669 http fetch GET 200 https://registry.npmjs.org/qs 141ms (cache miss)
1670 http fetch GET 200 https://registry.npmjs.org/etag 145ms (cache miss)
1671 http fetch GET 200 https://registry.npmjs.org/depd 145ms (cache miss)
1672 http fetch GET 200 https://registry.npmjs.org/bytes 150ms (cache miss)
1673 http fetch GET 200 https://registry.npmjs.org/send 148ms (cache miss)
1674 http fetch GET 200 https://registry.npmjs.org/negotiator 153ms (cache miss)
1675 http fetch GET 200 https://registry.npmjs.org/methods 148ms (cache miss)
1676 http fetch GET 200 https://registry.npmjs.org/accepts 149ms (cache miss)
1677 http fetch GET 200 https://registry.npmjs.org/cookie 150ms (cache miss)
1678 http fetch GET 200 https://registry.npmjs.org/statuses 150ms (cache miss)
1679 http fetch GET 200 https://registry.npmjs.org/compressible 158ms (cache miss)
1680 http fetch GET 200 https://registry.npmjs.org/encodeurl 162ms (cache miss)
1681 http fetch GET 200 https://registry.npmjs.org/on-finished 163ms (cache miss)
1682 http fetch GET 200 https://registry.npmjs.org/escape-html 167ms (cache miss)
1683 http fetch GET 200 https://registry.npmjs.org/http-errors 167ms (cache miss)
1684 http fetch GET 200 https://registry.npmjs.org/proxy-addr 177ms (cache miss)
1685 http fetch GET 200 https://registry.npmjs.org/content-type 172ms (cache miss)
1686 http fetch GET 200 https://registry.npmjs.org/utils-merge 173ms (cache miss)
1687 http fetch GET 200 https://registry.npmjs.org/path-to-regexp 183ms (cache miss)
1688 http fetch GET 200 https://registry.npmjs.org/array-flatten 184ms (cache miss)
1689 http fetch GET 200 https://registry.npmjs.org/parseurl 196ms (cache miss)
1690 http fetch GET 200 https://registry.npmjs.org/serve-static 188ms (cache miss)
1691 http fetch GET 200 https://registry.npmjs.org/finalhandler 188ms (cache miss)
1692 http fetch GET 200 https://registry.npmjs.org/setprototypeof 188ms (cache miss)
1693 http fetch GET 200 https://registry.npmjs.org/type-is 200ms (cache miss)
1694 http fetch GET 200 https://registry.npmjs.org/cookie-signature 195ms (cache miss)
1695 http fetch GET 200 https://registry.npmjs.org/body-parser 205ms (cache miss)
1696 http fetch GET 200 https://registry.npmjs.org/merge-descriptors 202ms (cache miss)
1697 http fetch GET 200 https://registry.npmjs.org/is-glob 200ms (cache miss)
1698 http fetch GET 200 https://registry.npmjs.org/range-parser 207ms (cache miss)
1699 http fetch GET 200 https://registry.npmjs.org/micromatch 210ms (cache miss)
1700 http fetch GET 200 https://registry.npmjs.org/shell-quote 213ms (cache miss)
1701 http fetch GET 200 https://registry.npmjs.org/is-wsl 226ms (cache miss)
1702 http fetch GET 200 https://registry.npmjs.org/content-disposition 237ms (cache miss)
1703 http fetch GET 200 https://registry.npmjs.org/is-inside-container 247ms (cache miss)
1704 http fetch GET 200 https://registry.npmjs.org/@types%2fnode-forge 245ms (cache miss)
1705 http fetch GET 200 https://registry.npmjs.org/http-proxy 254ms (cache miss)
1706 http fetch GET 200 https://registry.npmjs.org/is-plain-obj 254ms (cache miss)
1707 http fetch GET 200 https://registry.npmjs.org/accepts 245ms (cache miss)
1708 http fetch GET 200 https://registry.npmjs.org/default-browser 255ms (cache miss)
1709 http fetch GET 200 https://registry.npmjs.org/define-lazy-prop 260ms (cache miss)
1710 http fetch GET 200 https://registry.npmjs.org/parseurl 253ms (cache miss)
1711 http fetch GET 200 https://registry.npmjs.org/is-network-error 261ms (cache miss)
1712 http fetch GET 200 https://registry.npmjs.org/http-errors 256ms (cache miss)
1713 http fetch GET 200 https://registry.npmjs.org/retry 269ms (cache miss)
1714 http fetch GET 200 https://registry.npmjs.org/websocket-driver 268ms (cache miss)
1715 http fetch GET 200 https://registry.npmjs.org/uuid 269ms (cache miss)
1716 http fetch GET 200 https://registry.npmjs.org/node-forge 282ms (cache miss)
1717 http fetch GET 200 https://registry.npmjs.org/batch 281ms (cache miss)
1718 http fetch GET 200 https://registry.npmjs.org/@types%2fhttp-proxy 295ms (cache miss)
1719 http fetch GET 200 https://registry.npmjs.org/on-finished 286ms (cache miss)
1720 http fetch GET 200 https://registry.npmjs.org/range-parser 285ms (cache miss)
1721 http fetch GET 200 https://registry.npmjs.org/faye-websocket 293ms (cache miss)
1722 http fetch GET 200 https://registry.npmjs.org/@types%2fretry 303ms (cache miss)
1723 http fetch GET 200 https://registry.npmjs.org/http-deceiver 300ms (cache miss)
1724 http fetch GET 200 https://registry.npmjs.org/spdy-transport 320ms (cache miss)
1725 http fetch GET 200 https://registry.npmjs.org/memfs 320ms (cache miss)
1726 http fetch GET 200 https://registry.npmjs.org/select-hose 383ms (cache miss)
1727 http fetch GET 200 https://registry.npmjs.org/handle-thing 426ms (cache miss)
1728 timing idealTree:node_modules/webpack-dev-server Completed in 557ms
1729 timing idealTree:node_modules/@types/bonjour Completed in 0ms
1730 silly placeDep ROOT @types/express-serve-static-core@5.0.6 OK for: @types/connect-history-api-fallback@1.5.4 want: *
1731 silly fetch manifest @types/range-parser@*
1732 http fetch GET 200 https://registry.npmjs.org/@types%2frange-parser 45ms (cache miss)
1733 timing idealTree:node_modules/@types/connect-history-api-fallback Completed in 47ms
1734 silly placeDep ROOT @types/body-parser@1.19.5 OK for: @types/express@4.17.21 want: *
1735 silly fetch manifest @types/connect@*
1736 silly placeDep node_modules/@types/express @types/express-serve-static-core@4.19.6 OK for: @types/express@4.17.21 want: ^4.17.33
1737 silly placeDep ROOT @types/qs@6.9.18 OK for: @types/express@4.17.21 want: *
1738 http fetch GET 200 https://registry.npmjs.org/@types%2fconnect 45ms (cache miss)
1739 timing idealTree:node_modules/@types/express Completed in 47ms
1740 silly placeDep ROOT @types/connect@3.4.38 OK for: @types/body-parser@1.19.5 want: *
1741 timing idealTree:node_modules/@types/body-parser Completed in 1ms
1742 timing idealTree:node_modules/@types/connect Completed in 0ms
1743 silly placeDep ROOT @types/range-parser@1.2.7 OK for: @types/express-serve-static-core@5.0.6 want: *
1744 silly placeDep ROOT @types/send@0.17.4 OK for: @types/express-serve-static-core@5.0.6 want: *
1745 silly fetch manifest @types/mime@^1
1746 http fetch GET 200 https://registry.npmjs.org/@types%2fmime 43ms (cache miss)
1747 timing idealTree:node_modules/@types/express-serve-static-core Completed in 45ms
1748 timing idealTree:node_modules/@types/qs Completed in 0ms
1749 timing idealTree:node_modules/@types/range-parser Completed in 0ms
1750 silly placeDep ROOT @types/mime@1.3.5 OK for: @types/send@0.17.4 want: ^1
1751 timing idealTree:node_modules/@types/send Completed in 1ms
1752 timing idealTree:node_modules/@types/mime Completed in 0ms
1753 timing idealTree:node_modules/@types/serve-index Completed in 0ms
1754 silly placeDep ROOT @types/http-errors@2.0.4 OK for: @types/serve-static@1.15.7 want: *
1755 timing idealTree:node_modules/@types/serve-static Completed in 1ms
1756 timing idealTree:node_modules/@types/http-errors Completed in 0ms
1757 timing idealTree:node_modules/@types/sockjs Completed in 0ms
1758 timing idealTree:node_modules/@types/ws Completed in 0ms
1759 timing idealTree:node_modules/ansi-html-community Completed in 0ms
1760 silly placeDep ROOT multicast-dns@7.2.5 OK for: bonjour-service@1.3.0 want: ^7.2.5
1761 silly fetch manifest dns-packet@^5.2.2
1762 silly fetch manifest thunky@^1.0.2
1763 http fetch GET 200 https://registry.npmjs.org/dns-packet 59ms (cache miss)
1764 http fetch GET 200 https://registry.npmjs.org/thunky 68ms (cache miss)
1765 timing idealTree:node_modules/bonjour-service Completed in 70ms
1766 silly placeDep ROOT anymatch@3.1.3 OK for: chokidar@3.6.0 want: ~3.1.2
1767 silly fetch manifest picomatch@^2.0.4
1768 silly fetch manifest normalize-path@^3.0.0
1769 silly placeDep ROOT braces@3.0.3 OK for: chokidar@3.6.0 want: ~3.0.2
1770 silly fetch manifest fill-range@^7.1.1
1771 silly placeDep ROOT fsevents@2.3.3 OK for: chokidar@3.6.0 want: ~2.3.2
1772 silly placeDep ROOT glob-parent@5.1.2 OK for: chokidar@3.6.0 want: ~5.1.2
1773 silly placeDep ROOT is-binary-path@2.1.0 OK for: chokidar@3.6.0 want: ~2.1.0
1774 silly fetch manifest binary-extensions@^2.0.0
1775 silly placeDep ROOT is-glob@4.0.3 OK for: chokidar@3.6.0 want: ~4.0.1
1776 silly fetch manifest is-extglob@^2.1.1
1777 silly placeDep ROOT normalize-path@3.0.0 OK for: chokidar@3.6.0 want: ~3.0.0
1778 silly placeDep ROOT readdirp@3.6.0 OK for: chokidar@3.6.0 want: ~3.6.0
1779 silly fetch manifest picomatch@^2.2.1
1780 http fetch GET 200 https://registry.npmjs.org/picomatch 41ms (cache miss)
1781 http fetch GET 200 https://registry.npmjs.org/is-extglob 46ms (cache miss)
1782 http fetch GET 200 https://registry.npmjs.org/fill-range 51ms (cache miss)
1783 http fetch GET 200 https://registry.npmjs.org/binary-extensions 51ms (cache miss)
1784 http fetch GET 200 https://registry.npmjs.org/picomatch 52ms (cache miss)
1785 timing idealTree:node_modules/chokidar Completed in 63ms
1786 silly placeDep ROOT picomatch@2.3.1 OK for: anymatch@3.1.3 want: ^2.0.4
1787 timing idealTree:node_modules/anymatch Completed in 1ms
1788 silly placeDep ROOT fill-range@7.1.1 OK for: braces@3.0.3 want: ^7.1.1
1789 silly fetch manifest to-regex-range@^5.0.1
1790 http fetch GET 200 https://registry.npmjs.org/to-regex-range 36ms (cache miss)
1791 timing idealTree:node_modules/braces Completed in 37ms
1792 silly placeDep ROOT bytes@3.1.2 OK for: compression@1.8.0 want: 3.1.2
1793 silly placeDep ROOT compressible@2.0.18 OK for: compression@1.8.0 want: ~2.0.18
1794 silly placeDep node_modules/compression debug@2.6.9 OK for: compression@1.8.0 want: 2.6.9
1795 silly fetch manifest ms@2.0.0
1796 silly placeDep ROOT negotiator@0.6.4 OK for: compression@1.8.0 want: ~0.6.4
1797 silly placeDep ROOT on-headers@1.0.2 OK for: compression@1.8.0 want: ~1.0.2
1798 silly placeDep ROOT vary@1.1.2 OK for: compression@1.8.0 want: ~1.1.2
1799 timing idealTree:node_modules/compression Completed in 5ms
1800 timing idealTree:node_modules/bytes Completed in 0ms
1801 timing idealTree:node_modules/compressible Completed in 0ms
1802 timing idealTree:node_modules/connect-history-api-fallback Completed in 0ms
1803 silly placeDep ROOT accepts@1.3.8 OK for: express@4.21.2 want: ~1.3.8
1804 silly fetch manifest negotiator@0.6.3
1805 silly placeDep ROOT array-flatten@1.1.1 OK for: express@4.21.2 want: 1.1.1
1806 silly placeDep ROOT body-parser@1.20.3 OK for: express@4.21.2 want: 1.20.3
1807 silly fetch manifest unpipe@1.0.0
1808 silly fetch manifest destroy@1.2.0
1809 silly fetch manifest raw-body@2.5.2
1810 silly fetch manifest iconv-lite@0.4.24
1811 silly fetch manifest content-type@~1.0.5
1812 silly placeDep ROOT content-disposition@0.5.4 OK for: express@4.21.2 want: 0.5.4
1813 silly placeDep ROOT content-type@1.0.5 OK for: express@4.21.2 want: ~1.0.4
1814 silly placeDep ROOT cookie@0.7.1 OK for: express@4.21.2 want: 0.7.1
1815 silly placeDep ROOT cookie-signature@1.0.6 OK for: express@4.21.2 want: 1.0.6
1816 silly placeDep node_modules/express debug@2.6.9 OK for: express@4.21.2 want: 2.6.9
1817 silly placeDep ROOT depd@2.0.0 OK for: express@4.21.2 want: 2.0.0
1818 silly placeDep ROOT encodeurl@2.0.0 OK for: express@4.21.2 want: ~2.0.0
1819 silly placeDep ROOT escape-html@1.0.3 OK for: express@4.21.2 want: ~1.0.3
1820 silly placeDep ROOT etag@1.8.1 OK for: express@4.21.2 want: ~1.8.1
1821 silly placeDep ROOT finalhandler@1.3.1 OK for: express@4.21.2 want: 1.3.1
1822 silly fetch manifest unpipe@~1.0.0
1823 silly placeDep ROOT fresh@0.5.2 OK for: express@4.21.2 want: 0.5.2
1824 silly placeDep ROOT http-errors@2.0.0 OK for: express@4.21.2 want: 2.0.0
1825 silly fetch manifest inherits@2.0.4
1826 silly fetch manifest toidentifier@1.0.1
1827 silly placeDep ROOT merge-descriptors@1.0.3 OK for: express@4.21.2 want: 1.0.3
1828 silly placeDep ROOT methods@1.1.2 OK for: express@4.21.2 want: ~1.1.2
1829 silly placeDep ROOT on-finished@2.4.1 OK for: express@4.21.2 want: 2.4.1
1830 silly fetch manifest ee-first@1.1.1
1831 silly placeDep ROOT parseurl@1.3.3 OK for: express@4.21.2 want: ~1.3.3
1832 silly placeDep ROOT path-to-regexp@0.1.12 OK for: express@4.21.2 want: 0.1.12
1833 silly placeDep ROOT proxy-addr@2.0.7 OK for: express@4.21.2 want: ~2.0.7
1834 silly fetch manifest forwarded@0.2.0
1835 silly fetch manifest ipaddr.js@1.9.1
1836 silly placeDep ROOT qs@6.13.0 OK for: express@4.21.2 want: 6.13.0
1837 silly fetch manifest side-channel@^1.0.6
1838 silly placeDep ROOT range-parser@1.2.1 OK for: express@4.21.2 want: ~1.2.1
1839 silly placeDep ROOT send@0.19.0 OK for: express@4.21.2 want: 0.19.0
1840 silly fetch manifest mime@1.6.0
1841 silly fetch manifest encodeurl@~1.0.2
1842 silly placeDep ROOT serve-static@1.16.2 OK for: express@4.21.2 want: 1.16.2
1843 silly placeDep ROOT setprototypeof@1.2.0 OK for: express@4.21.2 want: 1.2.0
1844 silly placeDep ROOT statuses@2.0.1 OK for: express@4.21.2 want: 2.0.1
1845 silly placeDep ROOT type-is@1.6.18 OK for: express@4.21.2 want: ~1.6.18
1846 silly fetch manifest media-typer@0.3.0
1847 silly placeDep ROOT utils-merge@1.0.1 OK for: express@4.21.2 want: 1.0.1
1848 http fetch GET 200 https://registry.npmjs.org/side-channel 49ms (cache miss)
1849 http fetch GET 200 https://registry.npmjs.org/toidentifier 60ms (cache miss)
1850 http fetch GET 200 https://registry.npmjs.org/mime 54ms (cache miss)
1851 http fetch GET 200 https://registry.npmjs.org/inherits 62ms (cache miss)
1852 http fetch GET 200 https://registry.npmjs.org/ee-first 60ms (cache miss)
1853 http fetch GET 200 https://registry.npmjs.org/raw-body 73ms (cache miss)
1854 http fetch GET 200 https://registry.npmjs.org/unpipe 75ms (cache miss)
1855 http fetch GET 200 https://registry.npmjs.org/unpipe 65ms (cache miss)
1856 http fetch GET 200 https://registry.npmjs.org/iconv-lite 72ms (cache miss)
1857 http fetch GET 200 https://registry.npmjs.org/media-typer 68ms (cache miss)
1858 http fetch GET 200 https://registry.npmjs.org/destroy 90ms (cache miss)
1859 http fetch GET 200 https://registry.npmjs.org/forwarded 75ms (cache miss)
1860 timing idealTree:node_modules/express Completed in 97ms
1861 silly placeDep node_modules/accepts negotiator@0.6.3 OK for: accepts@1.3.8 want: 0.6.3
1862 timing idealTree:node_modules/accepts Completed in 1ms
1863 timing idealTree:node_modules/array-flatten Completed in 0ms
1864 silly placeDep node_modules/body-parser debug@2.6.9 OK for: body-parser@1.20.3 want: 2.6.9
1865 silly placeDep ROOT destroy@1.2.0 OK for: body-parser@1.20.3 want: 1.2.0
1866 silly placeDep ROOT iconv-lite@0.4.24 OK for: body-parser@1.20.3 want: 0.4.24
1867 silly fetch manifest safer-buffer@>= 2.1.2 < 3
1868 silly placeDep ROOT raw-body@2.5.2 OK for: body-parser@1.20.3 want: 2.5.2
1869 silly placeDep ROOT unpipe@1.0.0 OK for: body-parser@1.20.3 want: 1.0.0
1870 http fetch GET 200 https://registry.npmjs.org/safer-buffer 34ms (cache miss)
1871 timing idealTree:node_modules/body-parser Completed in 37ms
1872 timing idealTree:node_modules/content-disposition Completed in 0ms
1873 timing idealTree:node_modules/content-type Completed in 0ms
1874 timing idealTree:node_modules/cookie Completed in 0ms
1875 timing idealTree:node_modules/cookie-signature Completed in 0ms
1876 timing idealTree:node_modules/depd Completed in 0ms
1877 timing idealTree:node_modules/destroy Completed in 0ms
1878 timing idealTree:node_modules/encodeurl Completed in 0ms
1879 timing idealTree:node_modules/escape-html Completed in 0ms
1880 timing idealTree:node_modules/etag Completed in 0ms
1881 silly placeDep ROOT to-regex-range@5.0.1 OK for: fill-range@7.1.1 want: ^5.0.1
1882 silly fetch manifest is-number@^7.0.0
1883 http fetch GET 200 https://registry.npmjs.org/is-number 35ms (cache miss)
1884 timing idealTree:node_modules/fill-range Completed in 37ms
1885 silly placeDep node_modules/finalhandler debug@2.6.9 OK for: finalhandler@1.3.1 want: 2.6.9
1886 timing idealTree:node_modules/finalhandler Completed in 1ms
1887 timing idealTree:node_modules/fresh Completed in 0ms
1888 timing idealTree:node_modules/fsevents Completed in 0ms
1889 timing idealTree:node_modules/glob-parent Completed in 0ms
1890 silly placeDep ROOT inherits@2.0.4 OK for: http-errors@2.0.0 want: 2.0.4
1891 silly placeDep ROOT toidentifier@1.0.1 OK for: http-errors@2.0.0 want: 1.0.1
1892 timing idealTree:node_modules/http-errors Completed in 2ms
1893 silly placeDep ROOT @types/http-proxy@1.17.16 OK for: http-proxy-middleware@2.0.7 want: ^1.17.8
1894 silly placeDep ROOT http-proxy@1.18.1 OK for: http-proxy-middleware@2.0.7 want: ^1.18.1
1895 silly fetch manifest eventemitter3@^4.0.0
1896 silly fetch manifest requires-port@^1.0.0
1897 silly fetch manifest follow-redirects@^1.0.0
1898 silly placeDep ROOT is-plain-obj@3.0.0 OK for: http-proxy-middleware@2.0.7 want: ^3.0.0
1899 silly placeDep ROOT micromatch@4.0.8 OK for: http-proxy-middleware@2.0.7 want: ^4.0.2
1900 http fetch GET 200 https://registry.npmjs.org/requires-port 47ms (cache miss)
1901 http fetch GET 200 https://registry.npmjs.org/follow-redirects 49ms (cache miss)
1902 http fetch GET 200 https://registry.npmjs.org/eventemitter3 81ms (cache miss)
1903 timing idealTree:node_modules/http-proxy-middleware Completed in 84ms
1904 timing idealTree:node_modules/@types/http-proxy Completed in 0ms
1905 silly placeDep ROOT eventemitter3@4.0.7 OK for: http-proxy@1.18.1 want: ^4.0.0
1906 silly placeDep ROOT follow-redirects@1.15.9 OK for: http-proxy@1.18.1 want: ^1.0.0
1907 silly placeDep ROOT requires-port@1.0.0 OK for: http-proxy@1.18.1 want: ^1.0.0
1908 timing idealTree:node_modules/http-proxy Completed in 2ms
1909 timing idealTree:node_modules/eventemitter3 Completed in 0ms
1910 timing idealTree:node_modules/follow-redirects Completed in 0ms
1911 silly placeDep ROOT safer-buffer@2.1.2 OK for: iconv-lite@0.4.24 want: >= 2.1.2 < 3
1912 timing idealTree:node_modules/iconv-lite Completed in 1ms
1913 timing idealTree:node_modules/inherits Completed in 0ms
1914 timing idealTree:node_modules/ipaddr.js Completed in 0ms
1915 silly placeDep ROOT binary-extensions@2.3.0 OK for: is-binary-path@2.1.0 want: ^2.0.0
1916 timing idealTree:node_modules/is-binary-path Completed in 1ms
1917 timing idealTree:node_modules/binary-extensions Completed in 0ms
1918 silly placeDep ROOT is-extglob@2.1.1 OK for: is-glob@4.0.3 want: ^2.1.1
1919 timing idealTree:node_modules/is-glob Completed in 0ms
1920 timing idealTree:node_modules/is-extglob Completed in 0ms
1921 timing idealTree:node_modules/is-plain-obj Completed in 0ms
1922 silly placeDep ROOT shell-quote@1.8.2 OK for: launch-editor@2.10.0 want: ^1.8.1
1923 timing idealTree:node_modules/launch-editor Completed in 1ms
1924 timing idealTree:node_modules/merge-descriptors Completed in 0ms
1925 timing idealTree:node_modules/methods Completed in 0ms
1926 timing idealTree:node_modules/micromatch Completed in 0ms
1927 silly placeDep ROOT dns-packet@5.6.1 OK for: multicast-dns@7.2.5 want: ^5.2.2
1928 silly fetch manifest @leichtgewicht/ip-codec@^2.0.1
1929 silly placeDep ROOT thunky@1.1.0 OK for: multicast-dns@7.2.5 want: ^1.0.2
1930 http fetch GET 200 https://registry.npmjs.org/@leichtgewicht%2fip-codec 156ms (cache miss)
1931 timing idealTree:node_modules/multicast-dns Completed in 159ms
1932 silly placeDep ROOT @leichtgewicht/ip-codec@2.0.5 OK for: dns-packet@5.6.1 want: ^2.0.1
1933 timing idealTree:node_modules/dns-packet Completed in 2ms
1934 timing idealTree:node_modules/@leichtgewicht/ip-codec Completed in 0ms
1935 timing idealTree:node_modules/negotiator Completed in 0ms
1936 timing idealTree:node_modules/normalize-path Completed in 0ms
1937 silly placeDep ROOT ee-first@1.1.1 OK for: on-finished@2.4.1 want: 1.1.1
1938 timing idealTree:node_modules/on-finished Completed in 1ms
1939 timing idealTree:node_modules/ee-first Completed in 0ms
1940 timing idealTree:node_modules/on-headers Completed in 0ms
1941 silly placeDep ROOT default-browser@5.2.1 OK for: open@10.1.0 want: ^5.2.1
1942 silly fetch manifest bundle-name@^4.1.0
1943 silly fetch manifest default-browser-id@^5.0.0
1944 silly placeDep ROOT define-lazy-prop@3.0.0 OK for: open@10.1.0 want: ^3.0.0
1945 silly placeDep ROOT is-inside-container@1.0.0 OK for: open@10.1.0 want: ^1.0.0
1946 silly fetch manifest is-docker@^3.0.0
1947 silly placeDep ROOT is-wsl@3.1.0 OK for: open@10.1.0 want: ^3.1.0
1948 http fetch GET 200 https://registry.npmjs.org/is-docker 52ms (cache miss)
1949 http fetch GET 200 https://registry.npmjs.org/bundle-name 76ms (cache miss)
1950 http fetch GET 200 https://registry.npmjs.org/default-browser-id 91ms (cache miss)
1951 timing idealTree:node_modules/open Completed in 96ms
1952 silly placeDep ROOT bundle-name@4.1.0 OK for: default-browser@5.2.1 want: ^4.1.0
1953 silly fetch manifest run-applescript@^7.0.0
1954 silly placeDep ROOT default-browser-id@5.0.0 OK for: default-browser@5.2.1 want: ^5.0.0
1955 http fetch GET 200 https://registry.npmjs.org/run-applescript 107ms (cache miss)
1956 timing idealTree:node_modules/default-browser Completed in 110ms
1957 silly placeDep ROOT run-applescript@7.0.0 OK for: bundle-name@4.1.0 want: ^7.0.0
1958 timing idealTree:node_modules/bundle-name Completed in 1ms
1959 timing idealTree:node_modules/default-browser-id Completed in 0ms
1960 timing idealTree:node_modules/define-lazy-prop Completed in 0ms
1961 silly placeDep ROOT is-docker@3.0.0 OK for: is-inside-container@1.0.0 want: ^3.0.0
1962 timing idealTree:node_modules/is-inside-container Completed in 1ms
1963 timing idealTree:node_modules/is-docker Completed in 0ms
1964 timing idealTree:node_modules/is-wsl Completed in 0ms
1965 silly placeDep ROOT @types/retry@0.12.2 OK for: p-retry@6.2.1 want: 0.12.2
1966 silly placeDep ROOT is-network-error@1.1.0 OK for: p-retry@6.2.1 want: ^1.0.0
1967 silly placeDep ROOT retry@0.13.1 OK for: p-retry@6.2.1 want: ^0.13.1
1968 timing idealTree:node_modules/p-retry Completed in 3ms
1969 timing idealTree:node_modules/@types/retry Completed in 0ms
1970 timing idealTree:node_modules/is-network-error Completed in 0ms
1971 timing idealTree:node_modules/parseurl Completed in 0ms
1972 timing idealTree:node_modules/path-to-regexp Completed in 0ms
1973 timing idealTree:node_modules/picomatch Completed in 0ms
1974 silly placeDep ROOT forwarded@0.2.0 OK for: proxy-addr@2.0.7 want: 0.2.0
1975 silly placeDep node_modules/proxy-addr ipaddr.js@1.9.1 OK for: proxy-addr@2.0.7 want: 1.9.1
1976 timing idealTree:node_modules/proxy-addr Completed in 1ms
1977 timing idealTree:node_modules/forwarded Completed in 0ms
1978 silly placeDep ROOT side-channel@1.1.0 OK for: qs@6.13.0 want: ^1.0.6
1979 silly fetch manifest es-errors@^1.3.0
1980 silly fetch manifest object-inspect@^1.13.3
1981 silly fetch manifest side-channel-list@^1.0.0
1982 silly fetch manifest side-channel-map@^1.0.1
1983 silly fetch manifest side-channel-weakmap@^1.0.2
1984 http fetch GET 200 https://registry.npmjs.org/es-errors 38ms (cache miss)
1985 http fetch GET 200 https://registry.npmjs.org/side-channel-list 42ms (cache miss)
1986 http fetch GET 200 https://registry.npmjs.org/side-channel-map 43ms (cache miss)
1987 http fetch GET 200 https://registry.npmjs.org/object-inspect 47ms (cache miss)
1988 http fetch GET 200 https://registry.npmjs.org/side-channel-weakmap 54ms (cache miss)
1989 timing idealTree:node_modules/qs Completed in 57ms
1990 timing idealTree:node_modules/range-parser Completed in 0ms
1991 timing idealTree:node_modules/raw-body Completed in 0ms
1992 timing idealTree:node_modules/readdirp Completed in 0ms
1993 timing idealTree:node_modules/requires-port Completed in 0ms
1994 timing idealTree:node_modules/retry Completed in 0ms
1995 timing idealTree:node_modules/run-applescript Completed in 0ms
1996 timing idealTree:node_modules/safer-buffer Completed in 0ms
1997 silly placeDep ROOT @types/node-forge@1.3.11 OK for: selfsigned@2.4.1 want: ^1.3.0
1998 silly placeDep ROOT node-forge@1.3.1 OK for: selfsigned@2.4.1 want: ^1
1999 timing idealTree:node_modules/selfsigned Completed in 2ms
2000 timing idealTree:node_modules/@types/node-forge Completed in 0ms
2001 timing idealTree:node_modules/node-forge Completed in 0ms
2002 silly placeDep node_modules/send debug@2.6.9 OK for: send@0.19.0 want: 2.6.9
2003 silly placeDep node_modules/send encodeurl@1.0.2 OK for: send@0.19.0 want: ~1.0.2
2004 silly placeDep ROOT mime@1.6.0 OK for: send@0.19.0 want: 1.6.0
2005 timing idealTree:node_modules/send Completed in 3ms
2006 timing idealTree:node_modules/mime Completed in 0ms
2007 silly placeDep ROOT batch@0.6.1 OK for: serve-index@1.9.1 want: 0.6.1
2008 silly placeDep node_modules/serve-index debug@2.6.9 OK for: serve-index@1.9.1 want: 2.6.9
2009 silly placeDep node_modules/serve-index http-errors@1.6.3 OK for: serve-index@1.9.1 want: ~1.6.2
2010 silly fetch manifest depd@~1.1.2
2011 silly fetch manifest inherits@2.0.3
2012 silly fetch manifest setprototypeof@1.1.0
2013 silly fetch manifest statuses@>= 1.4.0 < 2
2014 timing idealTree:node_modules/serve-index Completed in 4ms
2015 timing idealTree:node_modules/batch Completed in 0ms
2016 timing idealTree:node_modules/serve-static Completed in 0ms
2017 timing idealTree:node_modules/setprototypeof Completed in 0ms
2018 timing idealTree:node_modules/shell-quote Completed in 0ms
2019 silly placeDep ROOT es-errors@1.3.0 OK for: side-channel@1.1.0 want: ^1.3.0
2020 silly placeDep ROOT object-inspect@1.13.4 OK for: side-channel@1.1.0 want: ^1.13.3
2021 silly placeDep ROOT side-channel-list@1.0.0 OK for: side-channel@1.1.0 want: ^1.0.0
2022 silly placeDep ROOT side-channel-map@1.0.1 OK for: side-channel@1.1.0 want: ^1.0.1
2023 silly fetch manifest call-bound@^1.0.2
2024 silly fetch manifest get-intrinsic@^1.2.5
2025 silly placeDep ROOT side-channel-weakmap@1.0.2 OK for: side-channel@1.1.0 want: ^1.0.2
2026 http fetch GET 200 https://registry.npmjs.org/call-bound 36ms (cache miss)
2027 http fetch GET 200 https://registry.npmjs.org/get-intrinsic 45ms (cache miss)
2028 timing idealTree:node_modules/side-channel Completed in 50ms
2029 timing idealTree:node_modules/es-errors Completed in 0ms
2030 timing idealTree:node_modules/object-inspect Completed in 0ms
2031 timing idealTree:node_modules/side-channel-list Completed in 0ms
2032 silly placeDep ROOT call-bound@1.0.3 OK for: side-channel-map@1.0.1 want: ^1.0.2
2033 silly fetch manifest call-bind-apply-helpers@^1.0.1
2034 silly fetch manifest get-intrinsic@^1.2.6
2035 silly placeDep ROOT get-intrinsic@1.3.0 OK for: side-channel-map@1.0.1 want: ^1.2.5
2036 silly fetch manifest call-bind-apply-helpers@^1.0.2
2037 silly fetch manifest es-define-property@^1.0.1
2038 silly fetch manifest es-object-atoms@^1.1.1
2039 silly fetch manifest get-proto@^1.0.1
2040 silly fetch manifest gopd@^1.2.0
2041 silly fetch manifest has-symbols@^1.1.0
2042 silly fetch manifest math-intrinsics@^1.1.0
2043 http fetch GET 200 https://registry.npmjs.org/call-bind-apply-helpers 35ms (cache miss)
2044 http fetch GET 200 https://registry.npmjs.org/gopd 48ms (cache miss)
2045 http fetch GET 200 https://registry.npmjs.org/es-define-property 50ms (cache miss)
2046 http fetch GET 200 https://registry.npmjs.org/es-object-atoms 50ms (cache miss)
2047 http fetch GET 200 https://registry.npmjs.org/get-proto 52ms (cache miss)
2048 http fetch GET 200 https://registry.npmjs.org/math-intrinsics 51ms (cache miss)
2049 http fetch GET 200 https://registry.npmjs.org/has-symbols 59ms (cache miss)
2050 http fetch GET 200 https://registry.npmjs.org/call-bind-apply-helpers 93ms (cache miss)
2051 timing idealTree:node_modules/side-channel-map Completed in 97ms
2052 silly placeDep ROOT call-bind-apply-helpers@1.0.2 OK for: call-bound@1.0.3 want: ^1.0.1
2053 timing idealTree:node_modules/call-bound Completed in 2ms
2054 timing idealTree:node_modules/call-bind-apply-helpers Completed in 0ms
2055 silly placeDep ROOT es-define-property@1.0.1 OK for: get-intrinsic@1.3.0 want: ^1.0.1
2056 silly placeDep ROOT es-object-atoms@1.1.1 OK for: get-intrinsic@1.3.0 want: ^1.1.1
2057 silly placeDep ROOT get-proto@1.0.1 OK for: get-intrinsic@1.3.0 want: ^1.0.1
2058 silly fetch manifest dunder-proto@^1.0.1
2059 silly placeDep ROOT gopd@1.2.0 OK for: get-intrinsic@1.3.0 want: ^1.2.0
2060 silly placeDep ROOT has-symbols@1.1.0 OK for: get-intrinsic@1.3.0 want: ^1.1.0
2061 silly placeDep ROOT math-intrinsics@1.1.0 OK for: get-intrinsic@1.3.0 want: ^1.1.0
2062 http fetch GET 200 https://registry.npmjs.org/dunder-proto 42ms (cache miss)
2063 timing idealTree:node_modules/get-intrinsic Completed in 45ms
2064 timing idealTree:node_modules/es-define-property Completed in 0ms
2065 timing idealTree:node_modules/es-object-atoms Completed in 0ms
2066 silly placeDep ROOT dunder-proto@1.0.1 OK for: get-proto@1.0.1 want: ^1.0.1
2067 timing idealTree:node_modules/get-proto Completed in 2ms
2068 timing idealTree:node_modules/dunder-proto Completed in 0ms
2069 timing idealTree:node_modules/gopd Completed in 0ms
2070 timing idealTree:node_modules/has-symbols Completed in 0ms
2071 timing idealTree:node_modules/math-intrinsics Completed in 0ms
2072 timing idealTree:node_modules/side-channel-weakmap Completed in 0ms
2073 silly placeDep ROOT faye-websocket@0.11.4 OK for: sockjs@0.3.24 want: ^0.11.3
2074 silly fetch manifest websocket-driver@>=0.5.1
2075 silly placeDep ROOT uuid@8.3.2 OK for: sockjs@0.3.24 want: ^8.3.2
2076 silly placeDep ROOT websocket-driver@0.7.4 OK for: sockjs@0.3.24 want: ^0.7.4
2077 silly fetch manifest http-parser-js@>=0.5.1
2078 silly fetch manifest websocket-extensions@>=0.1.1
2079 http fetch GET 200 https://registry.npmjs.org/http-parser-js 31ms (cache miss)
2080 http fetch GET 200 https://registry.npmjs.org/websocket-extensions 44ms (cache miss)
2081 timing idealTree:node_modules/sockjs Completed in 49ms
2082 timing idealTree:node_modules/faye-websocket Completed in 0ms
2083 silly placeDep ROOT handle-thing@2.0.1 OK for: spdy@4.0.2 want: ^2.0.0
2084 silly placeDep ROOT http-deceiver@1.2.7 OK for: spdy@4.0.2 want: ^1.2.7
2085 silly placeDep ROOT select-hose@2.0.0 OK for: spdy@4.0.2 want: ^2.0.0
2086 silly placeDep ROOT spdy-transport@3.0.0 OK for: spdy@4.0.2 want: ^3.0.0
2087 silly fetch manifest detect-node@^2.0.4
2088 silly fetch manifest hpack.js@^2.1.6
2089 silly fetch manifest obuf@^1.1.2
2090 silly fetch manifest readable-stream@^3.0.6
2091 silly fetch manifest wbuf@^1.7.3
2092 http fetch GET 200 https://registry.npmjs.org/obuf 45ms (cache miss)
2093 http fetch GET 200 https://registry.npmjs.org/readable-stream 45ms (cache miss)
2094 http fetch GET 200 https://registry.npmjs.org/wbuf 58ms (cache miss)
2095 http fetch GET 200 https://registry.npmjs.org/detect-node 75ms (cache miss)
2096 http fetch GET 200 https://registry.npmjs.org/hpack.js 79ms (cache miss)
2097 timing idealTree:node_modules/spdy Completed in 83ms
2098 timing idealTree:node_modules/handle-thing Completed in 0ms
2099 timing idealTree:node_modules/http-deceiver Completed in 0ms
2100 timing idealTree:node_modules/select-hose Completed in 0ms
2101 silly placeDep ROOT detect-node@2.1.0 OK for: spdy-transport@3.0.0 want: ^2.0.4
2102 silly placeDep ROOT hpack.js@2.1.6 OK for: spdy-transport@3.0.0 want: ^2.1.6
2103 silly fetch manifest obuf@^1.0.0
2104 silly fetch manifest readable-stream@^2.0.1
2105 silly fetch manifest wbuf@^1.1.0
2106 silly placeDep ROOT obuf@1.1.2 OK for: spdy-transport@3.0.0 want: ^1.1.2
2107 silly placeDep ROOT readable-stream@3.6.2 OK for: spdy-transport@3.0.0 want: ^3.0.6
2108 silly fetch manifest string_decoder@^1.1.1
2109 silly placeDep ROOT wbuf@1.7.3 OK for: spdy-transport@3.0.0 want: ^1.7.3
2110 silly fetch manifest minimalistic-assert@^1.0.0
2111 http fetch GET 200 https://registry.npmjs.org/string_decoder 38ms (cache miss)
2112 http fetch GET 200 https://registry.npmjs.org/minimalistic-assert 79ms (cache miss)
2113 timing idealTree:node_modules/spdy-transport Completed in 87ms
2114 timing idealTree:node_modules/detect-node Completed in 0ms
2115 silly placeDep node_modules/hpack.js readable-stream@2.3.8 OK for: hpack.js@2.1.6 want: ^2.0.1
2116 silly fetch manifest isarray@~1.0.0
2117 silly fetch manifest safe-buffer@~5.1.1
2118 silly fetch manifest core-util-is@~1.0.0
2119 silly fetch manifest string_decoder@~1.1.1
2120 silly fetch manifest process-nextick-args@~2.0.0
2121 http fetch GET 200 https://registry.npmjs.org/isarray 47ms (cache miss)
2122 http fetch GET 200 https://registry.npmjs.org/core-util-is 48ms (cache miss)
2123 http fetch GET 200 https://registry.npmjs.org/process-nextick-args 50ms (cache miss)
2124 timing idealTree:node_modules/hpack.js Completed in 55ms
2125 timing idealTree:node_modules/obuf Completed in 0ms
2126 silly placeDep ROOT string_decoder@1.3.0 OK for: readable-stream@3.6.2 want: ^1.1.1
2127 timing idealTree:node_modules/readable-stream Completed in 1ms
2128 timing idealTree:node_modules/statuses Completed in 0ms
2129 timing idealTree:node_modules/string_decoder Completed in 0ms
2130 timing idealTree:node_modules/thunky Completed in 0ms
2131 silly placeDep ROOT is-number@7.0.0 OK for: to-regex-range@5.0.1 want: ^7.0.0
2132 timing idealTree:node_modules/to-regex-range Completed in 1ms
2133 timing idealTree:node_modules/is-number Completed in 0ms
2134 timing idealTree:node_modules/toidentifier Completed in 0ms
2135 silly placeDep ROOT media-typer@0.3.0 OK for: type-is@1.6.18 want: 0.3.0
2136 timing idealTree:node_modules/type-is Completed in 1ms
2137 timing idealTree:node_modules/media-typer Completed in 0ms
2138 timing idealTree:node_modules/unpipe Completed in 0ms
2139 timing idealTree:node_modules/utils-merge Completed in 0ms
2140 timing idealTree:node_modules/uuid Completed in 0ms
2141 timing idealTree:node_modules/vary Completed in 0ms
2142 silly placeDep ROOT minimalistic-assert@1.0.1 OK for: wbuf@1.7.3 want: ^1.0.0
2143 timing idealTree:node_modules/wbuf Completed in 1ms
2144 timing idealTree:node_modules/minimalistic-assert Completed in 0ms
2145 silly placeDep ROOT memfs@4.17.0 OK for: webpack-dev-middleware@7.4.2 want: ^4.6.0
2146 silly fetch manifest @jsonjoy.com/json-pack@^1.0.3
2147 silly fetch manifest @jsonjoy.com/util@^1.3.0
2148 silly fetch manifest tree-dump@^1.0.1
2149 http fetch GET 200 https://registry.npmjs.org/tree-dump 82ms (cache miss)
2150 http fetch GET 200 https://registry.npmjs.org/@jsonjoy.com%2fjson-pack 156ms (cache miss)
2151 http fetch GET 200 https://registry.npmjs.org/@jsonjoy.com%2futil 634ms (cache miss)
2152 timing idealTree:node_modules/webpack-dev-middleware Completed in 637ms
2153 silly fetch manifest tslib@^2.0.0
2154 silly placeDep ROOT @jsonjoy.com/json-pack@1.1.1 OK for: memfs@4.17.0 want: ^1.0.3
2155 silly fetch manifest @jsonjoy.com/base64@^1.1.1
2156 silly fetch manifest @jsonjoy.com/util@^1.1.2
2157 silly fetch manifest hyperdyperid@^1.2.0
2158 silly fetch manifest thingies@^1.20.0
2159 silly placeDep ROOT @jsonjoy.com/util@1.5.0 OK for: memfs@4.17.0 want: ^1.3.0
2160 silly placeDep ROOT tree-dump@1.0.2 OK for: memfs@4.17.0 want: ^1.0.1
2161 http fetch GET 200 https://registry.npmjs.org/thingies 83ms (cache miss)
2162 http fetch GET 200 https://registry.npmjs.org/hyperdyperid 87ms (cache miss)
2163 http fetch GET 200 https://registry.npmjs.org/@jsonjoy.com%2fbase64 194ms (cache miss)
2164 timing idealTree:node_modules/memfs Completed in 199ms
2165 silly fetch manifest tslib@2
2166 silly placeDep ROOT @jsonjoy.com/base64@1.1.2 OK for: @jsonjoy.com/json-pack@1.1.1 want: ^1.1.1
2167 silly placeDep ROOT hyperdyperid@1.2.0 OK for: @jsonjoy.com/json-pack@1.1.1 want: ^1.2.0
2168 silly placeDep ROOT thingies@1.21.0 OK for: @jsonjoy.com/json-pack@1.1.1 want: ^1.20.0
2169 timing idealTree:node_modules/@jsonjoy.com/json-pack Completed in 5ms
2170 timing idealTree:node_modules/@jsonjoy.com/base64 Completed in 0ms
2171 timing idealTree:node_modules/@jsonjoy.com/util Completed in 0ms
2172 timing idealTree:node_modules/hyperdyperid Completed in 0ms
2173 timing idealTree:node_modules/thingies Completed in 0ms
2174 timing idealTree:node_modules/tree-dump Completed in 0ms
2175 silly placeDep ROOT clone-deep@4.0.1 OK for: webpack-merge@5.10.0 want: ^4.0.1
2176 silly fetch manifest is-plain-object@^2.0.4
2177 silly fetch manifest kind-of@^6.0.2
2178 silly fetch manifest shallow-clone@^3.0.0
2179 silly placeDep ROOT flat@5.0.2 OK for: webpack-merge@5.10.0 want: ^5.0.2
2180 silly placeDep ROOT wildcard@2.0.1 OK for: webpack-merge@5.10.0 want: ^2.0.0
2181 http fetch GET 200 https://registry.npmjs.org/is-plain-object 41ms (cache miss)
2182 http fetch GET 200 https://registry.npmjs.org/kind-of 45ms (cache miss)
2183 http fetch GET 200 https://registry.npmjs.org/shallow-clone 72ms (cache miss)
2184 timing idealTree:node_modules/webpack-merge Completed in 76ms
2185 silly placeDep ROOT is-plain-object@2.0.4 OK for: clone-deep@4.0.1 want: ^2.0.4
2186 silly fetch manifest isobject@^3.0.1
2187 silly placeDep ROOT kind-of@6.0.3 OK for: clone-deep@4.0.1 want: ^6.0.2
2188 silly placeDep ROOT shallow-clone@3.0.1 OK for: clone-deep@4.0.1 want: ^3.0.0
2189 http fetch GET 200 https://registry.npmjs.org/isobject 50ms (cache miss)
2190 timing idealTree:node_modules/clone-deep Completed in 53ms
2191 timing idealTree:node_modules/flat Completed in 0ms
2192 silly placeDep ROOT isobject@3.0.1 OK for: is-plain-object@2.0.4 want: ^3.0.1
2193 timing idealTree:node_modules/is-plain-object Completed in 1ms
2194 timing idealTree:node_modules/isobject Completed in 0ms
2195 timing idealTree:node_modules/kind-of Completed in 0ms
2196 timing idealTree:node_modules/shallow-clone Completed in 0ms
2197 timing idealTree:node_modules/webpack-sources Completed in 0ms
2198 silly placeDep ROOT http-parser-js@0.5.9 OK for: websocket-driver@0.7.4 want: >=0.5.1
2199 silly placeDep ROOT websocket-extensions@0.1.4 OK for: websocket-driver@0.7.4 want: >=0.1.1
2200 timing idealTree:node_modules/websocket-driver Completed in 2ms
2201 timing idealTree:node_modules/http-parser-js Completed in 0ms
2202 timing idealTree:node_modules/websocket-extensions Completed in 0ms
2203 silly placeDep ROOT isexe@2.0.0 OK for: which@2.0.2 want: ^2.0.0
2204 timing idealTree:node_modules/which Completed in 1ms
2205 timing idealTree:node_modules/isexe Completed in 0ms
2206 timing idealTree:node_modules/wildcard Completed in 0ms
2207 timing idealTree:node_modules/ws Completed in 0ms
2208 timing idealTree:node_modules/yallist Completed in 0ms
2209 timing idealTree:node_modules/yaml Completed in 0ms
2210 timing idealTree:node_modules/yocto-queue Completed in 0ms
2211 timing idealTree:node_modules/@emotion/babel-plugin/node_modules/convert-source-map Completed in 0ms
2212 timing idealTree:node_modules/@types/express/node_modules/@types/express-serve-static-core Completed in 0ms
2213 timing idealTree:node_modules/accepts/node_modules/negotiator Completed in 0ms
2214 silly placeDep node_modules/body-parser ms@2.0.0 OK for: debug@2.6.9 want: 2.0.0
2215 timing idealTree:node_modules/body-parser/node_modules/debug Completed in 1ms
2216 timing idealTree:node_modules/body-parser/node_modules/ms Completed in 0ms
2217 timing idealTree:node_modules/clean-css/node_modules/source-map Completed in 0ms
2218 silly placeDep node_modules/compression ms@2.0.0 OK for: debug@2.6.9 want: 2.0.0
2219 timing idealTree:node_modules/compression/node_modules/debug Completed in 1ms
2220 timing idealTree:node_modules/compression/node_modules/ms Completed in 0ms
2221 timing idealTree:node_modules/css-loader/node_modules/semver Completed in 0ms
2222 timing idealTree:node_modules/esrecurse/node_modules/estraverse Completed in 0ms
2223 silly placeDep node_modules/express ms@2.0.0 OK for: debug@2.6.9 want: 2.0.0
2224 timing idealTree:node_modules/express/node_modules/debug Completed in 1ms
2225 timing idealTree:node_modules/express/node_modules/ms Completed in 0ms
2226 silly placeDep node_modules/finalhandler ms@2.0.0 OK for: debug@2.6.9 want: 2.0.0
2227 timing idealTree:node_modules/finalhandler/node_modules/debug Completed in 0ms
2228 timing idealTree:node_modules/finalhandler/node_modules/ms Completed in 0ms
2229 timing idealTree:node_modules/hoist-non-react-statics/node_modules/react-is Completed in 0ms
2230 silly placeDep ROOT core-util-is@1.0.3 OK for: readable-stream@2.3.8 want: ~1.0.0
2231 silly placeDep ROOT isarray@1.0.0 OK for: readable-stream@2.3.8 want: ~1.0.0
2232 silly placeDep ROOT process-nextick-args@2.0.1 OK for: readable-stream@2.3.8 want: ~2.0.0
2233 silly placeDep node_modules/hpack.js safe-buffer@5.1.2 OK for: readable-stream@2.3.8 want: ~5.1.1
2234 silly placeDep node_modules/hpack.js string_decoder@1.1.1 OK for: readable-stream@2.3.8 want: ~1.1.1
2235 timing idealTree:node_modules/hpack.js/node_modules/readable-stream Completed in 5ms
2236 timing idealTree:node_modules/core-util-is Completed in 0ms
2237 timing idealTree:node_modules/isarray Completed in 0ms
2238 timing idealTree:node_modules/process-nextick-args Completed in 0ms
2239 timing idealTree:node_modules/hpack.js/node_modules/safe-buffer Completed in 0ms
2240 timing idealTree:node_modules/hpack.js/node_modules/string_decoder Completed in 0ms
2241 silly placeDep node_modules/import-local find-up@4.1.0 OK for: pkg-dir@4.2.0 want: ^4.0.0
2242 silly fetch manifest locate-path@^5.0.0
2243 silly fetch manifest path-exists@^4.0.0
2244 timing idealTree:node_modules/import-local/node_modules/pkg-dir Completed in 1ms
2245 silly placeDep node_modules/import-local locate-path@5.0.0 OK for: find-up@4.1.0 want: ^5.0.0
2246 silly fetch manifest p-locate@^4.1.0
2247 silly placeDep node_modules/import-local path-exists@4.0.0 OK for: find-up@4.1.0 want: ^4.0.0
2248 timing idealTree:node_modules/import-local/node_modules/find-up Completed in 2ms
2249 silly placeDep node_modules/import-local p-locate@4.1.0 OK for: locate-path@5.0.0 want: ^4.1.0
2250 silly fetch manifest p-limit@^2.2.0
2251 timing idealTree:node_modules/import-local/node_modules/locate-path Completed in 1ms
2252 silly placeDep node_modules/import-local p-limit@2.3.0 OK for: p-locate@4.1.0 want: ^2.2.0
2253 silly fetch manifest p-try@^2.0.0
2254 http fetch GET 200 https://registry.npmjs.org/p-try 42ms (cache miss)
2255 timing idealTree:node_modules/import-local/node_modules/p-locate Completed in 44ms
2256 silly placeDep ROOT p-try@2.2.0 OK for: p-limit@2.3.0 want: ^2.0.0
2257 timing idealTree:node_modules/import-local/node_modules/p-limit Completed in 1ms
2258 timing idealTree:node_modules/p-try Completed in 0ms
2259 timing idealTree:node_modules/import-local/node_modules/path-exists Completed in 0ms
2260 timing idealTree:node_modules/prop-types/node_modules/react-is Completed in 0ms
2261 timing idealTree:node_modules/proxy-addr/node_modules/ipaddr.js Completed in 0ms
2262 timing idealTree:node_modules/regjsparser/node_modules/jsesc Completed in 0ms
2263 timing idealTree:node_modules/resolve-cwd/node_modules/resolve-from Completed in 0ms
2264 silly placeDep node_modules/send/node_modules/debug ms@2.0.0 OK for: debug@2.6.9 want: 2.0.0
2265 timing idealTree:node_modules/send/node_modules/debug Completed in 1ms
2266 timing idealTree:node_modules/send/node_modules/encodeurl Completed in 0ms
2267 silly placeDep node_modules/serve-index ms@2.0.0 OK for: debug@2.6.9 want: 2.0.0
2268 timing idealTree:node_modules/serve-index/node_modules/debug Completed in 1ms
2269 silly placeDep node_modules/serve-index depd@1.1.2 OK for: http-errors@1.6.3 want: ~1.1.2
2270 silly placeDep node_modules/serve-index inherits@2.0.3 OK for: http-errors@1.6.3 want: 2.0.3
2271 silly placeDep node_modules/serve-index setprototypeof@1.1.0 OK for: http-errors@1.6.3 want: 1.1.0
2272 silly placeDep node_modules/serve-index statuses@1.5.0 OK for: http-errors@1.6.3 want: >= 1.4.0 < 2
2273 timing idealTree:node_modules/serve-index/node_modules/http-errors Completed in 4ms
2274 timing idealTree:node_modules/serve-index/node_modules/depd Completed in 0ms
2275 timing idealTree:node_modules/serve-index/node_modules/inherits Completed in 0ms
2276 timing idealTree:node_modules/serve-index/node_modules/ms Completed in 0ms
2277 timing idealTree:node_modules/serve-index/node_modules/setprototypeof Completed in 0ms
2278 timing idealTree:node_modules/serve-index/node_modules/statuses Completed in 0ms
2279 timing idealTree:node_modules/source-map-support/node_modules/source-map Completed in 0ms
2280 silly placeDep node_modules/styled-components @emotion/memoize@0.8.1 OK for: @emotion/is-prop-valid@1.2.2 want: ^0.8.1
2281 timing idealTree:node_modules/styled-components/node_modules/@emotion/is-prop-valid Completed in 1ms
2282 timing idealTree:node_modules/styled-components/node_modules/@emotion/memoize Completed in 0ms
2283 timing idealTree:node_modules/styled-components/node_modules/@emotion/unitless Completed in 0ms
2284 timing idealTree:node_modules/styled-components/node_modules/postcss Completed in 0ms
2285 timing idealTree:node_modules/styled-components/node_modules/stylis Completed in 0ms
2286 timing idealTree:node_modules/styled-components/node_modules/tslib Completed in 0ms
2287 timing idealTree:node_modules/terser/node_modules/commander Completed in 0ms
2288 timing idealTree:node_modules/webpack-cli/node_modules/commander Completed in 0ms
2289 timing idealTree:node_modules/send/node_modules/debug/node_modules/ms Completed in 0ms
2290 timing idealTree:buildDeps Completed in 10878ms
2291 timing idealTree:fixDepFlags Completed in 4ms
2292 timing idealTree Completed in 10896ms
2293 timing reify:loadTrees Completed in 10896ms
2294 timing reify:diffTrees Completed in 5ms
2295 silly reify moves {}
2296 timing reify:retireShallow Completed in 1ms
2297 timing reify:createSparse Completed in 211ms
2298 timing reify:loadBundles Completed in 0ms
2299 silly audit bulk request {
2299 silly audit   '@babel/core': [ '7.26.9' ],
2299 silly audit   '@babel/preset-env': [ '7.26.9' ],
2299 silly audit   '@babel/preset-react': [ '7.26.3' ],
2299 silly audit   '@emotion/react': [ '11.14.0' ],
2299 silly audit   react: [ '18.3.1' ],
2299 silly audit   '@emotion/styled': [ '11.14.0' ],
2299 silly audit   '@mui/material': [ '5.16.14' ],
2299 silly audit   'react-dom': [ '18.3.1' ],
2299 silly audit   'babel-loader': [ '9.2.1' ],
2299 silly audit   webpack: [ '5.98.0' ],
2299 silly audit   'css-loader': [ '6.11.0' ],
2299 silly audit   'html-webpack-plugin': [ '5.6.3' ],
2299 silly audit   'react-router-dom': [ '6.29.0' ],
2299 silly audit   'style-loader': [ '3.3.4' ],
2299 silly audit   'styled-components': [ '6.1.15' ],
2299 silly audit   'webpack-cli': [ '5.1.4' ],
2299 silly audit   'webpack-dev-server': [ '5.2.0' ],
2299 silly audit   '@ampproject/remapping': [ '2.3.0' ],
2299 silly audit   '@babel/code-frame': [ '7.26.2' ],
2299 silly audit   '@babel/generator': [ '7.26.9' ],
2299 silly audit   '@babel/helper-compilation-targets': [ '7.26.5' ],
2299 silly audit   '@babel/helper-module-transforms': [ '7.26.0' ],
2299 silly audit   '@babel/helpers': [ '7.26.9' ],
2299 silly audit   '@babel/parser': [ '7.26.9' ],
2299 silly audit   '@babel/template': [ '7.26.9' ],
2299 silly audit   '@babel/traverse': [ '7.26.9' ],
2299 silly audit   '@babel/types': [ '7.26.9' ],
2299 silly audit   'convert-source-map': [ '2.0.0', '1.9.0' ],
2299 silly audit   debug: [ '4.4.0', '2.6.9' ],
2299 silly audit   gensync: [ '1.0.0-beta.2' ],
2299 silly audit   json5: [ '2.2.3' ],
2299 silly audit   semver: [ '6.3.1', '7.7.1' ],
2299 silly audit   '@jridgewell/gen-mapping': [ '0.3.8' ],
2299 silly audit   '@jridgewell/trace-mapping': [ '0.3.25' ],
2299 silly audit   '@babel/helper-validator-identifier': [ '7.25.9' ],
2299 silly audit   'js-tokens': [ '4.0.0' ],
2299 silly audit   picocolors: [ '1.1.1' ],
2299 silly audit   jsesc: [ '3.1.0', '3.0.2' ],
2299 silly audit   '@babel/compat-data': [ '7.26.8' ],
2299 silly audit   '@babel/helper-validator-option': [ '7.25.9' ],
2299 silly audit   browserslist: [ '4.24.4' ],
2299 silly audit   'lru-cache': [ '5.1.1' ],
2299 silly audit   '@babel/helper-module-imports': [ '7.25.9' ],
2299 silly audit   '@babel/helper-plugin-utils': [ '7.26.5' ],
2299 silly audit   '@babel/plugin-bugfix-firefox-class-in-computed-class-key': [ '7.25.9' ],
2299 silly audit   '@babel/plugin-bugfix-safari-class-field-initializer-scope': [ '7.25.9' ],
2299 silly audit   '@babel/plugin-bugfix-safari-id-destructuring-collision-in-function-expression': [ '7.25.9' ],
2299 silly audit   '@babel/plugin-bugfix-v8-spread-parameters-in-optional-chaining': [ '7.25.9' ],
2299 silly audit   '@babel/plugin-bugfix-v8-static-class-fields-redefine-readonly': [ '7.25.9' ],
2299 silly audit   '@babel/plugin-proposal-private-property-in-object': [ '7.21.0-placeholder-for-preset-env.2' ],
2299 silly audit   '@babel/plugin-syntax-import-assertions': [ '7.26.0' ],
2299 silly audit   '@babel/plugin-syntax-import-attributes': [ '7.26.0' ],
2299 silly audit   '@babel/plugin-syntax-unicode-sets-regex': [ '7.18.6' ],
2299 silly audit   '@babel/plugin-transform-arrow-functions': [ '7.25.9' ],
2299 silly audit   '@babel/plugin-transform-async-generator-functions': [ '7.26.8' ],
2299 silly audit   '@babel/plugin-transform-async-to-generator': [ '7.25.9' ],
2299 silly audit   '@babel/plugin-transform-block-scoped-functions': [ '7.26.5' ],
2299 silly audit   '@babel/plugin-transform-block-scoping': [ '7.25.9' ],
2299 silly audit   '@babel/plugin-transform-class-properties': [ '7.25.9' ],
2299 silly audit   '@babel/plugin-transform-class-static-block': [ '7.26.0' ],
2299 silly audit   '@babel/plugin-transform-classes': [ '7.25.9' ],
2299 silly audit   '@babel/plugin-transform-computed-properties': [ '7.25.9' ],
2299 silly audit   '@babel/plugin-transform-destructuring': [ '7.25.9' ],
2299 silly audit   '@babel/plugin-transform-dotall-regex': [ '7.25.9' ],
2299 silly audit   '@babel/plugin-transform-duplicate-keys': [ '7.25.9' ],
2299 silly audit   '@babel/plugin-transform-duplicate-named-capturing-groups-regex': [ '7.25.9' ],
2299 silly audit   '@babel/plugin-transform-dynamic-import': [ '7.25.9' ],
2299 silly audit   '@babel/plugin-transform-exponentiation-operator': [ '7.26.3' ],
2299 silly audit   '@babel/plugin-transform-export-namespace-from': [ '7.25.9' ],
2299 silly audit   '@babel/plugin-transform-for-of': [ '7.26.9' ],
2299 silly audit   '@babel/plugin-transform-function-name': [ '7.25.9' ],
2299 silly audit   '@babel/plugin-transform-json-strings': [ '7.25.9' ],
2299 silly audit   '@babel/plugin-transform-literals': [ '7.25.9' ],
2299 silly audit   '@babel/plugin-transform-logical-assignment-operators': [ '7.25.9' ],
2299 silly audit   '@babel/plugin-transform-member-expression-literals': [ '7.25.9' ],
2299 silly audit   '@babel/plugin-transform-modules-amd': [ '7.25.9' ],
2299 silly audit   '@babel/plugin-transform-modules-commonjs': [ '7.26.3' ],
2299 silly audit   '@babel/plugin-transform-modules-systemjs': [ '7.25.9' ],
2299 silly audit   '@babel/plugin-transform-modules-umd': [ '7.25.9' ],
2299 silly audit   '@babel/plugin-transform-named-capturing-groups-regex': [ '7.25.9' ],
2299 silly audit   '@babel/plugin-transform-new-target': [ '7.25.9' ],
2299 silly audit   '@babel/plugin-transform-nullish-coalescing-operator': [ '7.26.6' ],
2299 silly audit   '@babel/plugin-transform-numeric-separator': [ '7.25.9' ],
2299 silly audit   '@babel/plugin-transform-object-rest-spread': [ '7.25.9' ],
2299 silly audit   '@babel/plugin-transform-object-super': [ '7.25.9' ],
2299 silly audit   '@babel/plugin-transform-optional-catch-binding': [ '7.25.9' ],
2299 silly audit   '@babel/plugin-transform-optional-chaining': [ '7.25.9' ],
2299 silly audit   '@babel/plugin-transform-parameters': [ '7.25.9' ],
2299 silly audit   '@babel/plugin-transform-private-methods': [ '7.25.9' ],
2299 silly audit   '@babel/plugin-transform-private-property-in-object': [ '7.25.9' ],
2299 silly audit   '@babel/plugin-transform-property-literals': [ '7.25.9' ],
2299 silly audit   '@babel/plugin-transform-regenerator': [ '7.25.9' ],
2299 silly audit   '@babel/plugin-transform-regexp-modifiers': [ '7.26.0' ],
2299 silly audit   '@babel/plugin-transform-reserved-words': [ '7.25.9' ],
2299 silly audit   '@babel/plugin-transform-shorthand-properties': [ '7.25.9' ],
2299 silly audit   '@babel/plugin-transform-spread': [ '7.25.9' ],
2299 silly audit   '@babel/plugin-transform-sticky-regex': [ '7.25.9' ],
2299 silly audit   '@babel/plugin-transform-template-literals': [ '7.26.8' ],
2299 silly audit   '@babel/plugin-transform-typeof-symbol': [ '7.26.7' ],
2299 silly audit   '@babel/plugin-transform-unicode-escapes': [ '7.25.9' ],
2299 silly audit   '@babel/plugin-transform-unicode-property-regex': [ '7.25.9' ],
2299 silly audit   '@babel/plugin-transform-unicode-regex': [ '7.25.9' ],
2299 silly audit   '@babel/plugin-transform-unicode-sets-regex': [ '7.25.9' ],
2299 silly audit   '@babel/preset-modules': [ '0.1.6-no-external-plugins' ],
2299 silly audit   'babel-plugin-polyfill-corejs2': [ '0.4.12' ],
2299 silly audit   'babel-plugin-polyfill-corejs3': [ '0.11.1' ],
2299 silly audit   'babel-plugin-polyfill-regenerator': [ '0.6.3' ],
2299 silly audit   'core-js-compat': [ '3.40.0' ],
2299 silly audit   '@babel/helper-skip-transparent-expression-wrappers': [ '7.25.9' ],
2299 silly audit   '@babel/helper-create-regexp-features-plugin': [ '7.26.3' ],
2299 silly audit   '@babel/helper-annotate-as-pure': [ '7.25.9' ],
2299 silly audit   'regexpu-core': [ '6.2.0' ],
2299 silly audit   '@babel/helper-remap-async-to-generator': [ '7.25.9' ],
2299 silly audit   '@babel/helper-wrap-function': [ '7.25.9' ],
2299 silly audit   '@babel/helper-create-class-features-plugin': [ '7.26.9' ],
2299 silly audit   '@babel/helper-member-expression-to-functions': [ '7.25.9' ],
2299 silly audit   '@babel/helper-optimise-call-expression': [ '7.25.9' ],
2299 silly audit   '@babel/helper-replace-supers': [ '7.26.5' ],
2299 silly audit   globals: [ '11.12.0' ],
2299 silly audit   'regenerator-transform': [ '0.15.2' ],
2299 silly audit   esutils: [ '2.0.3' ],
2299 silly audit   '@babel/plugin-transform-react-display-name': [ '7.25.9' ],
2299 silly audit   '@babel/plugin-transform-react-jsx': [ '7.25.9' ],
2299 silly audit   '@babel/plugin-transform-react-jsx-development': [ '7.25.9' ],
2299 silly audit   '@babel/plugin-transform-react-pure-annotations': [ '7.25.9' ],
2299 silly audit   '@babel/plugin-syntax-jsx': [ '7.25.9' ],
2299 silly audit   '@babel/helper-string-parser': [ '7.25.9' ],
2299 silly audit   '@babel/runtime': [ '7.26.9' ],
2299 silly audit   '@emotion/babel-plugin': [ '11.13.5' ],
2299 silly audit   '@emotion/cache': [ '11.14.0' ],
2299 silly audit   '@emotion/serialize': [ '1.3.3' ],
2299 silly audit   '@emotion/use-insertion-effect-with-fallbacks': [ '1.2.0' ],
2299 silly audit   '@emotion/utils': [ '1.4.2' ],
2299 silly audit   '@emotion/weak-memoize': [ '0.4.0' ],
2299 silly audit   'hoist-non-react-statics': [ '3.3.2' ],
2299 silly audit   'regenerator-runtime': [ '0.14.1' ],
2299 silly audit   '@emotion/hash': [ '0.9.2' ],
2299 silly audit   '@emotion/memoize': [ '0.9.0', '0.8.1' ],
2299 silly audit   'babel-plugin-macros': [ '3.1.0' ],
2299 silly audit   'escape-string-regexp': [ '4.0.0' ],
2299 silly audit   'find-root': [ '1.1.0' ],
2299 silly audit   'source-map': [ '0.5.7', '0.6.1' ],
2299 silly audit   stylis: [ '4.2.0', '4.3.2' ],
2299 silly audit   '@emotion/sheet': [ '1.4.0' ],
2299 silly audit   '@emotion/unitless': [ '0.10.0', '0.8.1' ],
2299 silly audit   csstype: [ '3.1.3' ],
2299 silly audit   '@emotion/is-prop-valid': [ '1.3.1', '1.2.2' ],
2299 silly audit   '@jridgewell/set-array': [ '1.2.1' ],
2299 silly audit   '@jridgewell/sourcemap-codec': [ '1.5.0' ],
2299 silly audit   '@jridgewell/resolve-uri': [ '3.1.2' ],
2299 silly audit   '@mui/core-downloads-tracker': [ '5.16.14' ],
2299 silly audit   '@mui/system': [ '5.16.14' ],
2299 silly audit   '@mui/types': [ '7.2.21' ],
2299 silly audit   '@mui/utils': [ '5.16.14' ],
2299 silly audit   '@popperjs/core': [ '2.11.8' ],
2299 silly audit   '@types/react-transition-group': [ '4.4.12' ],
2299 silly audit   '@types/react': [ '19.0.10' ],
2299 silly audit   clsx: [ '2.1.1' ],
2299 silly audit   'prop-types': [ '15.8.1' ],
2299 silly audit   'react-is': [ '19.0.0', '16.13.1' ],
2299 silly audit   'react-transition-group': [ '4.4.5' ],
2299 silly audit   '@mui/private-theming': [ '5.16.14' ],
2299 silly audit   '@mui/styled-engine': [ '5.16.14' ],
2299 silly audit   '@types/prop-types': [ '15.7.14' ],
2299 silly audit   'find-cache-dir': [ '4.0.0' ],
2299 silly audit   'schema-utils': [ '4.3.0' ],
2299 silly audit   cosmiconfig: [ '7.1.0' ],
2299 silly audit   resolve: [ '1.22.10' ],
2299 silly audit   '@babel/helper-define-polyfill-provider': [ '0.6.3' ],
2299 silly audit   'lodash.debounce': [ '4.0.8' ],
2299 silly audit   'caniuse-lite': [ '1.0.30001701' ],
2299 silly audit   'electron-to-chromium': [ '1.5.107' ],
2299 silly audit   'node-releases': [ '2.0.19' ],
2299 silly audit   'update-browserslist-db': [ '1.1.3' ],
2299 silly audit   '@types/parse-json': [ '4.0.2' ],
2299 silly audit   'import-fresh': [ '3.3.1' ],
2299 silly audit   'parse-json': [ '5.2.0' ],
2299 silly audit   'path-type': [ '4.0.0' ],
2299 silly audit   yaml: [ '1.10.2' ],
2299 silly audit   'icss-utils': [ '5.1.0' ],
2299 silly audit   postcss: [ '8.5.3', '8.4.49' ],
2299 silly audit   'postcss-modules-extract-imports': [ '3.1.0' ],
2299 silly audit   'postcss-modules-local-by-default': [ '4.2.0' ],
2299 silly audit   'postcss-modules-scope': [ '3.2.1' ],
2299 silly audit   'postcss-modules-values': [ '4.0.0' ],
2299 silly audit   'postcss-value-parser': [ '4.2.0' ],
2299 silly audit   ms: [ '2.1.3', '2.0.0' ],
2299 silly audit   'common-path-prefix': [ '3.0.0' ],
2299 silly audit   'pkg-dir': [ '7.0.0', '4.2.0' ],
2299 silly audit   '@types/html-minifier-terser': [ '6.1.0' ],
2299 silly audit   'html-minifier-terser': [ '6.1.0' ],
2299 silly audit   lodash: [ '4.17.21' ],
2299 silly audit   'pretty-error': [ '4.0.0' ],
2299 silly audit   tapable: [ '2.2.1' ],
2299 silly audit   'camel-case': [ '4.1.2' ],
2299 silly audit   'clean-css': [ '5.3.3' ],
2299 silly audit   commander: [ '8.3.0', '2.20.3', '10.0.1' ],
2299 silly audit   he: [ '1.2.0' ],
2299 silly audit   'param-case': [ '3.0.4' ],
2299 silly audit   relateurl: [ '0.2.7' ],
2299 silly audit   terser: [ '5.39.0' ],
2299 silly audit   'pascal-case': [ '3.1.2' ],
2299 silly audit   tslib: [ '2.8.1', '2.6.2' ],
2299 silly audit   'parent-module': [ '1.0.1' ],
2299 silly audit   'resolve-from': [ '4.0.0', '5.0.0' ],
2299 silly audit   yallist: [ '3.1.1' ],
2299 silly audit   'dot-case': [ '3.0.4' ],
2299 silly audit   'no-case': [ '3.0.4' ],
2299 silly audit   'lower-case': [ '2.0.2' ],
2299 silly audit   callsites: [ '3.1.0' ],
2299 silly audit   'error-ex': [ '1.3.2' ],
2299 silly audit   'json-parse-even-better-errors': [ '2.3.1' ],
2299 silly audit   'lines-and-columns': [ '1.2.4' ],
2299 silly audit   'is-arrayish': [ '0.2.1' ],
2299 silly audit   'find-up': [ '6.3.0', '4.1.0' ],
2299 silly audit   'locate-path': [ '7.2.0', '5.0.0' ],
2299 silly audit   'path-exists': [ '5.0.0', '4.0.0' ],
2299 silly audit   'p-locate': [ '6.0.0', '4.1.0' ],
2299 silly audit   'p-limit': [ '4.0.0', '2.3.0' ],
2299 silly audit   'yocto-queue': [ '1.1.1' ],
2299 silly audit   nanoid: [ '3.3.8' ],
2299 silly audit   'source-map-js': [ '1.2.1' ],
2299 silly audit   'postcss-selector-parser': [ '7.1.0' ],
2299 silly audit   cssesc: [ '3.0.0' ],
2299 silly audit   'util-deprecate': [ '1.0.2' ],
2299 silly audit   renderkid: [ '3.0.0' ],
2299 silly audit   'loose-envify': [ '1.4.0' ],
2299 silly audit   'object-assign': [ '4.1.1' ],
2299 silly audit   scheduler: [ '0.23.2' ],
2299 silly audit   '@remix-run/router': [ '1.22.0' ],
2299 silly audit   'react-router': [ '6.29.0' ],
2299 silly audit   'dom-helpers': [ '5.2.1' ],
2299 silly audit   regenerate: [ '1.4.2' ],
2299 silly audit   'regenerate-unicode-properties': [ '10.2.0' ],
2299 silly audit   regjsgen: [ '0.8.0' ],
2299 silly audit   regjsparser: [ '0.12.0' ],
2299 silly audit   'unicode-match-property-ecmascript': [ '2.0.0' ],
2299 silly audit   'unicode-match-property-value-ecmascript': [ '2.2.0' ],
2299 silly audit   'css-select': [ '4.3.0' ],
2299 silly audit   'dom-converter': [ '0.2.0' ],
2299 silly audit   htmlparser2: [ '6.1.0' ],
2299 silly audit   'strip-ansi': [ '6.0.1' ],
2299 silly audit   boolbase: [ '1.0.0' ],
2299 silly audit   'css-what': [ '6.1.0' ],
2299 silly audit   domhandler: [ '4.3.1' ],
2299 silly audit   domutils: [ '2.8.0' ],
2299 silly audit   'nth-check': [ '2.1.1' ],
2299 silly audit   utila: [ '0.4.0' ],
2299 silly audit   domelementtype: [ '2.3.0' ],
2299 silly audit   'dom-serializer': [ '1.4.1' ],
2299 silly audit   entities: [ '2.2.0' ],
2299 silly audit   'is-core-module': [ '2.16.1' ],
2299 silly audit   'path-parse': [ '1.0.7' ],
2299 silly audit   'supports-preserve-symlinks-flag': [ '1.0.0' ],
2299 silly audit   hasown: [ '2.0.2' ],
2299 silly audit   'function-bind': [ '1.1.2' ],
2299 silly audit   '@types/json-schema': [ '7.0.15' ],
2299 silly audit   ajv: [ '8.17.1' ],
2299 silly audit   'ajv-formats': [ '2.1.1' ],
2299 silly audit   'ajv-keywords': [ '5.1.0' ],
2299 silly audit   'fast-deep-equal': [ '3.1.3' ],
2299 silly audit   'fast-uri': [ '3.0.6' ],
2299 silly audit   'json-schema-traverse': [ '1.0.0' ],
2299 silly audit   'require-from-string': [ '2.0.2' ],
2299 silly audit   'ansi-regex': [ '5.0.1' ],
2299 silly audit   '@types/stylis': [ '4.2.5' ],
2299 silly audit   'css-to-react-native': [ '3.2.0' ],
2299 silly audit   shallowequal: [ '1.1.0' ],
2299 silly audit   camelize: [ '1.0.1' ],
2299 silly audit   'css-color-keywords': [ '1.0.0' ],
2299 silly audit   '@jridgewell/source-map': [ '0.3.6' ],
2299 silly audit   acorn: [ '8.14.0' ],
2299 silly audit   'source-map-support': [ '0.5.21' ],
2299 silly audit   'buffer-from': [ '1.1.2' ],
2299 silly audit   'unicode-canonical-property-names-ecmascript': [ '2.0.1' ],
2299 silly audit   'unicode-property-aliases-ecmascript': [ '2.1.0' ],
2299 silly audit   escalade: [ '3.2.0' ],
2299 silly audit   '@types/eslint-scope': [ '3.7.7' ],
2299 silly audit   '@types/estree': [ '1.0.6' ],
2299 silly audit   '@webassemblyjs/ast': [ '1.14.1' ],
2299 silly audit   '@webassemblyjs/wasm-edit': [ '1.14.1' ],
2299 silly audit   '@webassemblyjs/wasm-parser': [ '1.14.1' ],
2299 silly audit   'chrome-trace-event': [ '1.0.4' ],
2299 silly audit   'enhanced-resolve': [ '5.18.1' ],
2299 silly audit   'es-module-lexer': [ '1.6.0' ],
2299 silly audit   'eslint-scope': [ '5.1.1' ],
2299 silly audit   events: [ '3.3.0' ],
2299 silly audit   'glob-to-regexp': [ '0.4.1' ],
2299 silly audit   'graceful-fs': [ '4.2.11' ],
2299 silly audit   'loader-runner': [ '4.3.0' ],
2299 silly audit   'mime-types': [ '2.1.35' ],
2299 silly audit   'neo-async': [ '2.6.2' ],
2299 silly audit   'terser-webpack-plugin': [ '5.3.11' ],
2299 silly audit   watchpack: [ '2.4.2' ],
2299 silly audit   'webpack-sources': [ '3.2.3' ],
2299 silly audit   '@types/eslint': [ '9.6.1' ],
2299 silly audit   '@webassemblyjs/helper-numbers': [ '1.13.2' ],
2299 silly audit   '@webassemblyjs/helper-wasm-bytecode': [ '1.13.2' ],
2299 silly audit   '@webassemblyjs/floating-point-hex-parser': [ '1.13.2' ],
2299 silly audit   '@webassemblyjs/helper-api-error': [ '1.13.2' ],
2299 silly audit   '@xtuc/long': [ '4.2.2' ],
2299 silly audit   '@webassemblyjs/helper-buffer': [ '1.14.1' ],
2299 silly audit   '@webassemblyjs/helper-wasm-section': [ '1.14.1' ],
2299 silly audit   '@webassemblyjs/wasm-gen': [ '1.14.1' ],
2299 silly audit   '@webassemblyjs/wasm-opt': [ '1.14.1' ],
2299 silly audit   '@webassemblyjs/wast-printer': [ '1.14.1' ],
2299 silly audit   '@webassemblyjs/ieee754': [ '1.13.2' ],
2299 silly audit   '@webassemblyjs/leb128': [ '1.13.2' ],
2299 silly audit   '@webassemblyjs/utf8': [ '1.13.2' ],
2299 silly audit   '@xtuc/ieee754': [ '1.2.0' ],
2299 silly audit   esrecurse: [ '4.3.0' ],
2299 silly audit   estraverse: [ '4.3.0', '5.3.0' ],
2299 silly audit   'mime-db': [ '1.52.0' ],
2299 silly audit   'jest-worker': [ '27.5.1' ],
2299 silly audit   'serialize-javascript': [ '6.0.2' ],
2299 silly audit   '@types/node': [ '22.13.5' ],
2299 silly audit   'merge-stream': [ '2.0.0' ],
2299 silly audit   'supports-color': [ '8.1.1' ],
2299 silly audit   'undici-types': [ '6.20.0' ],
2299 silly audit   randombytes: [ '2.1.0' ],
2299 silly audit   'safe-buffer': [ '5.2.1', '5.1.2' ],
2299 silly audit   'has-flag': [ '4.0.0' ],
2299 silly audit   '@discoveryjs/json-ext': [ '0.5.7' ],
2299 silly audit   '@webpack-cli/configtest': [ '2.1.1' ],
2299 silly audit   '@webpack-cli/info': [ '2.0.2' ],
2299 silly audit   '@webpack-cli/serve': [ '2.0.5' ],
2299 silly audit   colorette: [ '2.0.20' ],
2299 silly audit   'cross-spawn': [ '7.0.6' ],
2299 silly audit   envinfo: [ '7.14.0' ],
2299 silly audit   'fastest-levenshtein': [ '1.0.16' ],
2299 silly audit   'import-local': [ '3.2.0' ],
2299 silly audit   interpret: [ '3.1.1' ],
2299 silly audit   rechoir: [ '0.8.0' ],
2299 silly audit   'webpack-merge': [ '5.10.0' ],
2299 silly audit   'path-key': [ '3.1.1' ],
2299 silly audit   'shebang-command': [ '2.0.0' ],
2299 silly audit   which: [ '2.0.2' ],
2299 silly audit   'resolve-cwd': [ '3.0.0' ],
2299 silly audit   'shebang-regex': [ '3.0.0' ],
2299 silly audit   '@types/bonjour': [ '3.5.13' ],
2299 silly audit   '@types/connect-history-api-fallback': [ '1.5.4' ],
2299 silly audit   '@types/express': [ '4.17.21' ],
2299 silly audit   '@types/serve-index': [ '1.9.4' ],
2299 silly audit   '@types/serve-static': [ '1.15.7' ],
2299 silly audit   '@types/sockjs': [ '0.3.36' ],
2299 silly audit   '@types/ws': [ '8.5.14' ],
2299 silly audit   'ansi-html-community': [ '0.0.8' ],
2299 silly audit   'bonjour-service': [ '1.3.0' ],
2299 silly audit   chokidar: [ '3.6.0' ],
2299 silly audit   compression: [ '1.8.0' ],
2299 silly audit   'connect-history-api-fallback': [ '2.0.0' ],
2299 silly audit   express: [ '4.21.2' ],
2299 silly audit   'http-proxy-middleware': [ '2.0.7' ],
2299 silly audit   'ipaddr.js': [ '2.2.0', '1.9.1' ],
2299 silly audit   'launch-editor': [ '2.10.0' ],
2299 silly audit   open: [ '10.1.0' ],
2299 silly audit   'p-retry': [ '6.2.1' ],
2299 silly audit   selfsigned: [ '2.4.1' ],
2299 silly audit   'serve-index': [ '1.9.1' ],
2299 silly audit   sockjs: [ '0.3.24' ],
2299 silly audit   spdy: [ '4.0.2' ],
2299 silly audit   'webpack-dev-middleware': [ '7.4.2' ],
2299 silly audit   ws: [ '8.18.1' ],
2299 silly audit   '@types/express-serve-static-core': [ '5.0.6', '4.19.6' ],
2299 silly audit   '@types/body-parser': [ '1.19.5' ],
2299 silly audit   '@types/qs': [ '6.9.18' ],
2299 silly audit   '@types/connect': [ '3.4.38' ],
2299 silly audit   '@types/range-parser': [ '1.2.7' ],
2299 silly audit   '@types/send': [ '0.17.4' ],
2299 silly audit   '@types/mime': [ '1.3.5' ],
2299 silly audit   '@types/http-errors': [ '2.0.4' ],
2299 silly audit   'multicast-dns': [ '7.2.5' ],
2299 silly audit   anymatch: [ '3.1.3' ],
2299 silly audit   braces: [ '3.0.3' ],
2299 silly audit   fsevents: [ '2.3.3' ],
2299 silly audit   'glob-parent': [ '5.1.2' ],
2299 silly audit   'is-binary-path': [ '2.1.0' ],
2299 silly audit   'is-glob': [ '4.0.3' ],
2299 silly audit   'normalize-path': [ '3.0.0' ],
2299 silly audit   readdirp: [ '3.6.0' ],
2299 silly audit   picomatch: [ '2.3.1' ],
2299 silly audit   'fill-range': [ '7.1.1' ],
2299 silly audit   bytes: [ '3.1.2' ],
2299 silly audit   compressible: [ '2.0.18' ],
2299 silly audit   negotiator: [ '0.6.4', '0.6.3' ],
2299 silly audit   'on-headers': [ '1.0.2' ],
2299 silly audit   vary: [ '1.1.2' ],
2299 silly audit   accepts: [ '1.3.8' ],
2299 silly audit   'array-flatten': [ '1.1.1' ],
2299 silly audit   'body-parser': [ '1.20.3' ],
2299 silly audit   'content-disposition': [ '0.5.4' ],
2299 silly audit   'content-type': [ '1.0.5' ],
2299 silly audit   cookie: [ '0.7.1' ],
2299 silly audit   'cookie-signature': [ '1.0.6' ],
2299 silly audit   depd: [ '2.0.0', '1.1.2' ],
2299 silly audit   encodeurl: [ '2.0.0', '1.0.2' ],
2299 silly audit   'escape-html': [ '1.0.3' ],
2299 silly audit   etag: [ '1.8.1' ],
2299 silly audit   finalhandler: [ '1.3.1' ],
2299 silly audit   fresh: [ '0.5.2' ],
2299 silly audit   'http-errors': [ '2.0.0', '1.6.3' ],
2299 silly audit   'merge-descriptors': [ '1.0.3' ],
2299 silly audit   methods: [ '1.1.2' ],
2299 silly audit   'on-finished': [ '2.4.1' ],
2299 silly audit   parseurl: [ '1.3.3' ],
2299 silly audit   'path-to-regexp': [ '0.1.12' ],
2299 silly audit   'proxy-addr': [ '2.0.7' ],
2299 silly audit   qs: [ '6.13.0' ],
2299 silly audit   'range-parser': [ '1.2.1' ],
2299 silly audit   send: [ '0.19.0' ],
2299 silly audit   'serve-static': [ '1.16.2' ],
2299 silly audit   setprototypeof: [ '1.2.0', '1.1.0' ],
2299 silly audit   statuses: [ '2.0.1', '1.5.0' ],
2299 silly audit   'type-is': [ '1.6.18' ],
2299 silly audit   'utils-merge': [ '1.0.1' ],
2299 silly audit   destroy: [ '1.2.0' ],
2299 silly audit   'iconv-lite': [ '0.4.24' ],
2299 silly audit   'raw-body': [ '2.5.2' ],
2299 silly audit   unpipe: [ '1.0.0' ],
2299 silly audit   'to-regex-range': [ '5.0.1' ],
2299 silly audit   inherits: [ '2.0.4', '2.0.3' ],
2299 silly audit   toidentifier: [ '1.0.1' ],
2299 silly audit   '@types/http-proxy': [ '1.17.16' ],
2299 silly audit   'http-proxy': [ '1.18.1' ],
2299 silly audit   'is-plain-obj': [ '3.0.0' ],
2299 silly audit   micromatch: [ '4.0.8' ],
2299 silly audit   eventemitter3: [ '4.0.7' ],
2299 silly audit   'follow-redirects': [ '1.15.9' ],
2299 silly audit   'requires-port': [ '1.0.0' ],
2299 silly audit   'safer-buffer': [ '2.1.2' ],
2299 silly audit   'binary-extensions': [ '2.3.0' ],
2299 silly audit   'is-extglob': [ '2.1.1' ],
2299 silly audit   'shell-quote': [ '1.8.2' ],
2299 silly audit   'dns-packet': [ '5.6.1' ],
2299 silly audit   thunky: [ '1.1.0' ],
2299 silly audit   '@leichtgewicht/ip-codec': [ '2.0.5' ],
2299 silly audit   'ee-first': [ '1.1.1' ],
2299 silly audit   'default-browser': [ '5.2.1' ],
2299 silly audit   'define-lazy-prop': [ '3.0.0' ],
2299 silly audit   'is-inside-container': [ '1.0.0' ],
2299 silly audit   'is-wsl': [ '3.1.0' ],
2299 silly audit   'bundle-name': [ '4.1.0' ],
2299 silly audit   'default-browser-id': [ '5.0.0' ],
2299 silly audit   'run-applescript': [ '7.0.0' ],
2299 silly audit   'is-docker': [ '3.0.0' ],
2299 silly audit   '@types/retry': [ '0.12.2' ],
2299 silly audit   'is-network-error': [ '1.1.0' ],
2299 silly audit   retry: [ '0.13.1' ],
2299 silly audit   forwarded: [ '0.2.0' ],
2299 silly audit   'side-channel': [ '1.1.0' ],
2299 silly audit   '@types/node-forge': [ '1.3.11' ],
2299 silly audit   'node-forge': [ '1.3.1' ],
2299 silly audit   mime: [ '1.6.0' ],
2299 silly audit   batch: [ '0.6.1' ],
2299 silly audit   'es-errors': [ '1.3.0' ],
2299 silly audit   'object-inspect': [ '1.13.4' ],
2299 silly audit   'side-channel-list': [ '1.0.0' ],
2299 silly audit   'side-channel-map': [ '1.0.1' ],
2299 silly audit   'side-channel-weakmap': [ '1.0.2' ],
2299 silly audit   'call-bound': [ '1.0.3' ],
2299 silly audit   'get-intrinsic': [ '1.3.0' ],
2299 silly audit   'call-bind-apply-helpers': [ '1.0.2' ],
2299 silly audit   'es-define-property': [ '1.0.1' ],
2299 silly audit   'es-object-atoms': [ '1.1.1' ],
2299 silly audit   'get-proto': [ '1.0.1' ],
2299 silly audit   gopd: [ '1.2.0' ],
2299 silly audit   'has-symbols': [ '1.1.0' ],
2299 silly audit   'math-intrinsics': [ '1.1.0' ],
2299 silly audit   'dunder-proto': [ '1.0.1' ],
2299 silly audit   'faye-websocket': [ '0.11.4' ],
2299 silly audit   uuid: [ '8.3.2' ],
2299 silly audit   'websocket-driver': [ '0.7.4' ],
2299 silly audit   'handle-thing': [ '2.0.1' ],
2299 silly audit   'http-deceiver': [ '1.2.7' ],
2299 silly audit   'select-hose': [ '2.0.0' ],
2299 silly audit   'spdy-transport': [ '3.0.0' ],
2299 silly audit   'detect-node': [ '2.1.0' ],
2299 silly audit   'hpack.js': [ '2.1.6' ],
2299 silly audit   obuf: [ '1.1.2' ],
2299 silly audit   'readable-stream': [ '3.6.2', '2.3.8' ],
2299 silly audit   wbuf: [ '1.7.3' ],
2299 silly audit   string_decoder: [ '1.3.0', '1.1.1' ],
2299 silly audit   'is-number': [ '7.0.0' ],
2299 silly audit   'media-typer': [ '0.3.0' ],
2299 silly audit   'minimalistic-assert': [ '1.0.1' ],
2299 silly audit   memfs: [ '4.17.0' ],
2299 silly audit   '@jsonjoy.com/json-pack': [ '1.1.1' ],
2299 silly audit   '@jsonjoy.com/util': [ '1.5.0' ],
2299 silly audit   'tree-dump': [ '1.0.2' ],
2299 silly audit   '@jsonjoy.com/base64': [ '1.1.2' ],
2299 silly audit   hyperdyperid: [ '1.2.0' ],
2299 silly audit   thingies: [ '1.21.0' ],
2299 silly audit   'clone-deep': [ '4.0.1' ],
2299 silly audit   flat: [ '5.0.2' ],
2299 silly audit   wildcard: [ '2.0.1' ],
2299 silly audit   'is-plain-object': [ '2.0.4' ],
2299 silly audit   'kind-of': [ '6.0.3' ],
2299 silly audit   'shallow-clone': [ '3.0.1' ],
2299 silly audit   isobject: [ '3.0.1' ],
2299 silly audit   'http-parser-js': [ '0.5.9' ],
2299 silly audit   'websocket-extensions': [ '0.1.4' ],
2299 silly audit   isexe: [ '2.0.0' ],
2299 silly audit   'core-util-is': [ '1.0.3' ],
2299 silly audit   isarray: [ '1.0.0' ],
2299 silly audit   'process-nextick-args': [ '2.0.1' ],
2299 silly audit   'p-try': [ '2.2.0' ]
2299 silly audit }
2300 verbose reify failed optional dependency C:\Users\Administrator\Desktop\Okta\OktaDenverHomeP\node_modules\fsevents
2301 silly reify mark deleted [
2301 silly reify   'C:\\Users\\Administrator\\Desktop\\Okta\\OktaDenverHomeP\\node_modules\\fsevents'
2301 silly reify ]
2302 timing reifyNode:node_modules/fsevents Completed in 79ms
2303 silly tarball no local data for p-try@https://registry.npmjs.org/p-try/-/p-try-2.2.0.tgz. Extracting by manifest.
2304 silly tarball no local data for process-nextick-args@https://registry.npmjs.org/process-nextick-args/-/process-nextick-args-2.0.1.tgz. Extracting by manifest.
2305 silly tarball no local data for isexe@https://registry.npmjs.org/isexe/-/isexe-2.0.0.tgz. Extracting by manifest.
2306 silly tarball no local data for core-util-is@https://registry.npmjs.org/core-util-is/-/core-util-is-1.0.3.tgz. Extracting by manifest.
2307 silly tarball no local data for isarray@https://registry.npmjs.org/isarray/-/isarray-1.0.0.tgz. Extracting by manifest.
2308 silly tarball no local data for isobject@https://registry.npmjs.org/isobject/-/isobject-3.0.1.tgz. Extracting by manifest.
2309 silly tarball no local data for websocket-extensions@https://registry.npmjs.org/websocket-extensions/-/websocket-extensions-0.1.4.tgz. Extracting by manifest.
2310 silly tarball no local data for http-parser-js@https://registry.npmjs.org/http-parser-js/-/http-parser-js-0.5.9.tgz. Extracting by manifest.
2311 silly tarball no local data for kind-of@https://registry.npmjs.org/kind-of/-/kind-of-6.0.3.tgz. Extracting by manifest.
2312 silly tarball no local data for flat@https://registry.npmjs.org/flat/-/flat-5.0.2.tgz. Extracting by manifest.
2313 silly tarball no local data for clone-deep@https://registry.npmjs.org/clone-deep/-/clone-deep-4.0.1.tgz. Extracting by manifest.
2314 silly tarball no local data for wildcard@https://registry.npmjs.org/wildcard/-/wildcard-2.0.1.tgz. Extracting by manifest.
2315 silly tarball no local data for is-plain-object@https://registry.npmjs.org/is-plain-object/-/is-plain-object-2.0.4.tgz. Extracting by manifest.
2316 silly tarball no local data for hyperdyperid@https://registry.npmjs.org/hyperdyperid/-/hyperdyperid-1.2.0.tgz. Extracting by manifest.
2317 silly tarball no local data for thingies@https://registry.npmjs.org/thingies/-/thingies-1.21.0.tgz. Extracting by manifest.
2318 silly tarball no local data for shallow-clone@https://registry.npmjs.org/shallow-clone/-/shallow-clone-3.0.1.tgz. Extracting by manifest.
2319 silly tarball no local data for @jsonjoy.com/base64@https://registry.npmjs.org/@jsonjoy.com/base64/-/base64-1.1.2.tgz. Extracting by manifest.
2320 silly tarball no local data for @jsonjoy.com/util@https://registry.npmjs.org/@jsonjoy.com/util/-/util-1.5.0.tgz. Extracting by manifest.
2321 silly tarball no local data for tree-dump@https://registry.npmjs.org/tree-dump/-/tree-dump-1.0.2.tgz. Extracting by manifest.
2322 silly tarball no local data for @jsonjoy.com/json-pack@https://registry.npmjs.org/@jsonjoy.com/json-pack/-/json-pack-1.1.1.tgz. Extracting by manifest.
2323 silly tarball no local data for minimalistic-assert@https://registry.npmjs.org/minimalistic-assert/-/minimalistic-assert-1.0.1.tgz. Extracting by manifest.
2324 silly tarball no local data for memfs@https://registry.npmjs.org/memfs/-/memfs-4.17.0.tgz. Extracting by manifest.
2325 silly tarball no local data for readable-stream@https://registry.npmjs.org/readable-stream/-/readable-stream-3.6.2.tgz. Extracting by manifest.
2326 silly tarball no local data for media-typer@https://registry.npmjs.org/media-typer/-/media-typer-0.3.0.tgz. Extracting by manifest.
2327 silly tarball no local data for is-number@https://registry.npmjs.org/is-number/-/is-number-7.0.0.tgz. Extracting by manifest.
2328 silly tarball no local data for string_decoder@https://registry.npmjs.org/string_decoder/-/string_decoder-1.3.0.tgz. Extracting by manifest.
2329 silly tarball no local data for hpack.js@https://registry.npmjs.org/hpack.js/-/hpack.js-2.1.6.tgz. Extracting by manifest.
2330 silly tarball no local data for obuf@https://registry.npmjs.org/obuf/-/obuf-1.1.2.tgz. Extracting by manifest.
2331 silly tarball no local data for spdy-transport@https://registry.npmjs.org/spdy-transport/-/spdy-transport-3.0.0.tgz. Extracting by manifest.
2332 silly tarball no local data for detect-node@https://registry.npmjs.org/detect-node/-/detect-node-2.1.0.tgz. Extracting by manifest.
2333 silly tarball no local data for http-deceiver@https://registry.npmjs.org/http-deceiver/-/http-deceiver-1.2.7.tgz. Extracting by manifest.
2334 silly tarball no local data for handle-thing@https://registry.npmjs.org/handle-thing/-/handle-thing-2.0.1.tgz. Extracting by manifest.
2335 silly tarball no local data for select-hose@https://registry.npmjs.org/select-hose/-/select-hose-2.0.0.tgz. Extracting by manifest.
2336 silly tarball no local data for uuid@https://registry.npmjs.org/uuid/-/uuid-8.3.2.tgz. Extracting by manifest.
2337 silly tarball no local data for wbuf@https://registry.npmjs.org/wbuf/-/wbuf-1.7.3.tgz. Extracting by manifest.
2338 silly tarball no local data for websocket-driver@https://registry.npmjs.org/websocket-driver/-/websocket-driver-0.7.4.tgz. Extracting by manifest.
2339 silly tarball no local data for math-intrinsics@https://registry.npmjs.org/math-intrinsics/-/math-intrinsics-1.1.0.tgz. Extracting by manifest.
2340 silly tarball no local data for faye-websocket@https://registry.npmjs.org/faye-websocket/-/faye-websocket-0.11.4.tgz. Extracting by manifest.
2341 silly tarball no local data for get-proto@https://registry.npmjs.org/get-proto/-/get-proto-1.0.1.tgz. Extracting by manifest.
2342 silly tarball no local data for gopd@https://registry.npmjs.org/gopd/-/gopd-1.2.0.tgz. Extracting by manifest.
2343 silly tarball no local data for get-intrinsic@https://registry.npmjs.org/get-intrinsic/-/get-intrinsic-1.3.0.tgz. Extracting by manifest.
2344 silly tarball no local data for es-define-property@https://registry.npmjs.org/es-define-property/-/es-define-property-1.0.1.tgz. Extracting by manifest.
2345 silly tarball no local data for dunder-proto@https://registry.npmjs.org/dunder-proto/-/dunder-proto-1.0.1.tgz. Extracting by manifest.
2346 silly tarball no local data for side-channel-weakmap@https://registry.npmjs.org/side-channel-weakmap/-/side-channel-weakmap-1.0.2.tgz. Extracting by manifest.
2347 silly tarball no local data for es-object-atoms@https://registry.npmjs.org/es-object-atoms/-/es-object-atoms-1.1.1.tgz. Extracting by manifest.
2348 silly tarball no local data for has-symbols@https://registry.npmjs.org/has-symbols/-/has-symbols-1.1.0.tgz. Extracting by manifest.
2349 silly tarball no local data for call-bind-apply-helpers@https://registry.npmjs.org/call-bind-apply-helpers/-/call-bind-apply-helpers-1.0.2.tgz. Extracting by manifest.
2350 silly tarball no local data for side-channel-map@https://registry.npmjs.org/side-channel-map/-/side-channel-map-1.0.1.tgz. Extracting by manifest.
2351 silly tarball no local data for side-channel-list@https://registry.npmjs.org/side-channel-list/-/side-channel-list-1.0.0.tgz. Extracting by manifest.
2352 silly tarball no local data for call-bound@https://registry.npmjs.org/call-bound/-/call-bound-1.0.3.tgz. Extracting by manifest.
2353 silly tarball no local data for object-inspect@https://registry.npmjs.org/object-inspect/-/object-inspect-1.13.4.tgz. Extracting by manifest.
2354 silly tarball no local data for batch@https://registry.npmjs.org/batch/-/batch-0.6.1.tgz. Extracting by manifest.
2355 silly tarball no local data for side-channel@https://registry.npmjs.org/side-channel/-/side-channel-1.1.0.tgz. Extracting by manifest.
2356 silly tarball no local data for @types/node-forge@https://registry.npmjs.org/@types/node-forge/-/node-forge-1.3.11.tgz. Extracting by manifest.
2357 silly tarball no local data for forwarded@https://registry.npmjs.org/forwarded/-/forwarded-0.2.0.tgz. Extracting by manifest.
2358 silly tarball no local data for es-errors@https://registry.npmjs.org/es-errors/-/es-errors-1.3.0.tgz. Extracting by manifest.
2359 silly tarball no local data for mime@https://registry.npmjs.org/mime/-/mime-1.6.0.tgz. Extracting by manifest.
2360 silly tarball no local data for retry@https://registry.npmjs.org/retry/-/retry-0.13.1.tgz. Extracting by manifest.
2361 silly tarball no local data for node-forge@https://registry.npmjs.org/node-forge/-/node-forge-1.3.1.tgz. Extracting by manifest.
2362 silly tarball no local data for is-network-error@https://registry.npmjs.org/is-network-error/-/is-network-error-1.1.0.tgz. Extracting by manifest.
2363 silly tarball no local data for @types/retry@https://registry.npmjs.org/@types/retry/-/retry-0.12.2.tgz. Extracting by manifest.
2364 silly tarball no local data for default-browser-id@https://registry.npmjs.org/default-browser-id/-/default-browser-id-5.0.0.tgz. Extracting by manifest.
2365 silly tarball no local data for is-docker@https://registry.npmjs.org/is-docker/-/is-docker-3.0.0.tgz. Extracting by manifest.
2366 silly tarball no local data for run-applescript@https://registry.npmjs.org/run-applescript/-/run-applescript-7.0.0.tgz. Extracting by manifest.
2367 silly tarball no local data for bundle-name@https://registry.npmjs.org/bundle-name/-/bundle-name-4.1.0.tgz. Extracting by manifest.
2368 silly tarball no local data for is-inside-container@https://registry.npmjs.org/is-inside-container/-/is-inside-container-1.0.0.tgz. Extracting by manifest.
2369 silly tarball no local data for is-wsl@https://registry.npmjs.org/is-wsl/-/is-wsl-3.1.0.tgz. Extracting by manifest.
2370 silly tarball no local data for define-lazy-prop@https://registry.npmjs.org/define-lazy-prop/-/define-lazy-prop-3.0.0.tgz. Extracting by manifest.
2371 silly tarball no local data for default-browser@https://registry.npmjs.org/default-browser/-/default-browser-5.2.1.tgz. Extracting by manifest.
2372 silly tarball no local data for ee-first@https://registry.npmjs.org/ee-first/-/ee-first-1.1.1.tgz. Extracting by manifest.
2373 silly tarball no local data for @leichtgewicht/ip-codec@https://registry.npmjs.org/@leichtgewicht/ip-codec/-/ip-codec-2.0.5.tgz. Extracting by manifest.
2374 silly tarball no local data for is-extglob@https://registry.npmjs.org/is-extglob/-/is-extglob-2.1.1.tgz. Extracting by manifest.
2375 silly tarball no local data for shell-quote@https://registry.npmjs.org/shell-quote/-/shell-quote-1.8.2.tgz. Extracting by manifest.
2376 silly tarball no local data for dns-packet@https://registry.npmjs.org/dns-packet/-/dns-packet-5.6.1.tgz. Extracting by manifest.
2377 silly tarball no local data for requires-port@https://registry.npmjs.org/requires-port/-/requires-port-1.0.0.tgz. Extracting by manifest.
2378 silly tarball no local data for thunky@https://registry.npmjs.org/thunky/-/thunky-1.1.0.tgz. Extracting by manifest.
2379 silly tarball no local data for binary-extensions@https://registry.npmjs.org/binary-extensions/-/binary-extensions-2.3.0.tgz. Extracting by manifest.
2380 silly tarball no local data for safer-buffer@https://registry.npmjs.org/safer-buffer/-/safer-buffer-2.1.2.tgz. Extracting by manifest.
2381 silly tarball no local data for eventemitter3@https://registry.npmjs.org/eventemitter3/-/eventemitter3-4.0.7.tgz. Extracting by manifest.
2382 silly tarball no local data for follow-redirects@https://registry.npmjs.org/follow-redirects/-/follow-redirects-1.15.9.tgz. Extracting by manifest.
2383 silly tarball no local data for http-proxy@https://registry.npmjs.org/http-proxy/-/http-proxy-1.18.1.tgz. Extracting by manifest.
2384 silly tarball no local data for is-plain-obj@https://registry.npmjs.org/is-plain-obj/-/is-plain-obj-3.0.0.tgz. Extracting by manifest.
2385 silly tarball no local data for micromatch@https://registry.npmjs.org/micromatch/-/micromatch-4.0.8.tgz. Extracting by manifest.
2386 silly tarball no local data for @types/http-proxy@https://registry.npmjs.org/@types/http-proxy/-/http-proxy-1.17.16.tgz. Extracting by manifest.
2387 silly tarball no local data for unpipe@https://registry.npmjs.org/unpipe/-/unpipe-1.0.0.tgz. Extracting by manifest.
2388 silly tarball no local data for toidentifier@https://registry.npmjs.org/toidentifier/-/toidentifier-1.0.1.tgz. Extracting by manifest.
2389 silly tarball no local data for inherits@https://registry.npmjs.org/inherits/-/inherits-2.0.4.tgz. Extracting by manifest.
2390 silly tarball no local data for iconv-lite@https://registry.npmjs.org/iconv-lite/-/iconv-lite-0.4.24.tgz. Extracting by manifest.
2391 silly tarball no local data for to-regex-range@https://registry.npmjs.org/to-regex-range/-/to-regex-range-5.0.1.tgz. Extracting by manifest.
2392 silly tarball no local data for raw-body@https://registry.npmjs.org/raw-body/-/raw-body-2.5.2.tgz. Extracting by manifest.
2393 silly tarball no local data for destroy@https://registry.npmjs.org/destroy/-/destroy-1.2.0.tgz. Extracting by manifest.
2394 silly tarball no local data for type-is@https://registry.npmjs.org/type-is/-/type-is-1.6.18.tgz. Extracting by manifest.
2395 silly tarball no local data for statuses@https://registry.npmjs.org/statuses/-/statuses-2.0.1.tgz. Extracting by manifest.
2396 silly tarball no local data for utils-merge@https://registry.npmjs.org/utils-merge/-/utils-merge-1.0.1.tgz. Extracting by manifest.
2397 silly tarball no local data for setprototypeof@https://registry.npmjs.org/setprototypeof/-/setprototypeof-1.2.0.tgz. Extracting by manifest.
2398 silly tarball no local data for range-parser@https://registry.npmjs.org/range-parser/-/range-parser-1.2.1.tgz. Extracting by manifest.
2399 silly tarball no local data for serve-static@https://registry.npmjs.org/serve-static/-/serve-static-1.16.2.tgz. Extracting by manifest.
2400 silly tarball no local data for proxy-addr@https://registry.npmjs.org/proxy-addr/-/proxy-addr-2.0.7.tgz. Extracting by manifest.
2401 silly tarball no local data for path-to-regexp@https://registry.npmjs.org/path-to-regexp/-/path-to-regexp-0.1.12.tgz. Extracting by manifest.
2402 silly tarball no local data for send@https://registry.npmjs.org/send/-/send-0.19.0.tgz. Extracting by manifest.
2403 silly tarball no local data for methods@https://registry.npmjs.org/methods/-/methods-1.1.2.tgz. Extracting by manifest.
2404 silly tarball no local data for parseurl@https://registry.npmjs.org/parseurl/-/parseurl-1.3.3.tgz. Extracting by manifest.
2405 silly tarball no local data for fresh@https://registry.npmjs.org/fresh/-/fresh-0.5.2.tgz. Extracting by manifest.
2406 silly tarball no local data for http-errors@https://registry.npmjs.org/http-errors/-/http-errors-2.0.0.tgz. Extracting by manifest.
2407 silly tarball no local data for on-finished@https://registry.npmjs.org/on-finished/-/on-finished-2.4.1.tgz. Extracting by manifest.
2408 silly tarball no local data for qs@https://registry.npmjs.org/qs/-/qs-6.13.0.tgz. Extracting by manifest.
2409 silly tarball no local data for finalhandler@https://registry.npmjs.org/finalhandler/-/finalhandler-1.3.1.tgz. Extracting by manifest.
2410 silly tarball no local data for merge-descriptors@https://registry.npmjs.org/merge-descriptors/-/merge-descriptors-1.0.3.tgz. Extracting by manifest.
2411 silly tarball no local data for etag@https://registry.npmjs.org/etag/-/etag-1.8.1.tgz. Extracting by manifest.
2412 silly tarball no local data for cookie-signature@https://registry.npmjs.org/cookie-signature/-/cookie-signature-1.0.6.tgz. Extracting by manifest.
2413 silly tarball no local data for encodeurl@https://registry.npmjs.org/encodeurl/-/encodeurl-2.0.0.tgz. Extracting by manifest.
2414 silly tarball no local data for cookie@https://registry.npmjs.org/cookie/-/cookie-0.7.1.tgz. Extracting by manifest.
2415 silly tarball no local data for content-type@https://registry.npmjs.org/content-type/-/content-type-1.0.5.tgz. Extracting by manifest.
2416 silly tarball no local data for depd@https://registry.npmjs.org/depd/-/depd-2.0.0.tgz. Extracting by manifest.
2417 silly tarball no local data for escape-html@https://registry.npmjs.org/escape-html/-/escape-html-1.0.3.tgz. Extracting by manifest.
2418 silly tarball no local data for content-disposition@https://registry.npmjs.org/content-disposition/-/content-disposition-0.5.4.tgz. Extracting by manifest.
2419 silly tarball no local data for body-parser@https://registry.npmjs.org/body-parser/-/body-parser-1.20.3.tgz. Extracting by manifest.
2420 silly tarball no local data for accepts@https://registry.npmjs.org/accepts/-/accepts-1.3.8.tgz. Extracting by manifest.
2421 silly tarball no local data for array-flatten@https://registry.npmjs.org/array-flatten/-/array-flatten-1.1.1.tgz. Extracting by manifest.
2422 silly tarball no local data for compressible@https://registry.npmjs.org/compressible/-/compressible-2.0.18.tgz. Extracting by manifest.
2423 silly tarball no local data for negotiator@https://registry.npmjs.org/negotiator/-/negotiator-0.6.4.tgz. Extracting by manifest.
2424 silly tarball no local data for bytes@https://registry.npmjs.org/bytes/-/bytes-3.1.2.tgz. Extracting by manifest.
2425 silly tarball no local data for on-headers@https://registry.npmjs.org/on-headers/-/on-headers-1.0.2.tgz. Extracting by manifest.
2426 silly tarball no local data for vary@https://registry.npmjs.org/vary/-/vary-1.1.2.tgz. Extracting by manifest.
2427 silly tarball no local data for fill-range@https://registry.npmjs.org/fill-range/-/fill-range-7.1.1.tgz. Extracting by manifest.
2428 silly tarball no local data for readdirp@https://registry.npmjs.org/readdirp/-/readdirp-3.6.0.tgz. Extracting by manifest.
2429 silly tarball no local data for picomatch@https://registry.npmjs.org/picomatch/-/picomatch-2.3.1.tgz. Extracting by manifest.
2430 silly tarball no local data for normalize-path@https://registry.npmjs.org/normalize-path/-/normalize-path-3.0.0.tgz. Extracting by manifest.
2431 silly tarball no local data for is-glob@https://registry.npmjs.org/is-glob/-/is-glob-4.0.3.tgz. Extracting by manifest.
2432 silly tarball no local data for anymatch@https://registry.npmjs.org/anymatch/-/anymatch-3.1.3.tgz. Extracting by manifest.
2433 silly tarball no local data for glob-parent@https://registry.npmjs.org/glob-parent/-/glob-parent-5.1.2.tgz. Extracting by manifest.
2434 silly tarball no local data for braces@https://registry.npmjs.org/braces/-/braces-3.0.3.tgz. Extracting by manifest.
2435 silly tarball no local data for @types/mime@https://registry.npmjs.org/@types/mime/-/mime-1.3.5.tgz. Extracting by manifest.
2436 silly tarball no local data for @types/http-errors@https://registry.npmjs.org/@types/http-errors/-/http-errors-2.0.4.tgz. Extracting by manifest.
2437 silly tarball no local data for multicast-dns@https://registry.npmjs.org/multicast-dns/-/multicast-dns-7.2.5.tgz. Extracting by manifest.
2438 silly tarball no local data for is-binary-path@https://registry.npmjs.org/is-binary-path/-/is-binary-path-2.1.0.tgz. Extracting by manifest.
2439 silly tarball no local data for @types/body-parser@https://registry.npmjs.org/@types/body-parser/-/body-parser-1.19.5.tgz. Extracting by manifest.
2440 silly tarball no local data for @types/send@https://registry.npmjs.org/@types/send/-/send-0.17.4.tgz. Extracting by manifest.
2441 silly tarball no local data for @types/connect@https://registry.npmjs.org/@types/connect/-/connect-3.4.38.tgz. Extracting by manifest.
2442 silly tarball no local data for @types/range-parser@https://registry.npmjs.org/@types/range-parser/-/range-parser-1.2.7.tgz. Extracting by manifest.
2443 silly tarball no local data for @types/qs@https://registry.npmjs.org/@types/qs/-/qs-6.9.18.tgz. Extracting by manifest.
2444 silly tarball no local data for @types/express-serve-static-core@https://registry.npmjs.org/@types/express-serve-static-core/-/express-serve-static-core-5.0.6.tgz. Extracting by manifest.
2445 silly tarball no local data for ws@https://registry.npmjs.org/ws/-/ws-8.18.1.tgz. Extracting by manifest.
2446 silly tarball no local data for webpack-dev-middleware@https://registry.npmjs.org/webpack-dev-middleware/-/webpack-dev-middleware-7.4.2.tgz. Extracting by manifest.
2447 silly tarball no local data for serve-index@https://registry.npmjs.org/serve-index/-/serve-index-1.9.1.tgz. Extracting by manifest.
2448 silly tarball no local data for spdy@https://registry.npmjs.org/spdy/-/spdy-4.0.2.tgz. Extracting by manifest.
2449 silly tarball no local data for sockjs@https://registry.npmjs.org/sockjs/-/sockjs-0.3.24.tgz. Extracting by manifest.
2450 silly tarball no local data for selfsigned@https://registry.npmjs.org/selfsigned/-/selfsigned-2.4.1.tgz. Extracting by manifest.
2451 silly tarball no local data for launch-editor@https://registry.npmjs.org/launch-editor/-/launch-editor-2.10.0.tgz. Extracting by manifest.
2452 silly tarball no local data for p-retry@https://registry.npmjs.org/p-retry/-/p-retry-6.2.1.tgz. Extracting by manifest.
2453 silly tarball no local data for open@https://registry.npmjs.org/open/-/open-10.1.0.tgz. Extracting by manifest.
2454 silly tarball no local data for ipaddr.js@https://registry.npmjs.org/ipaddr.js/-/ipaddr.js-2.2.0.tgz. Extracting by manifest.
2455 silly tarball no local data for express@https://registry.npmjs.org/express/-/express-4.21.2.tgz. Extracting by manifest.
2456 silly tarball no local data for http-proxy-middleware@https://registry.npmjs.org/http-proxy-middleware/-/http-proxy-middleware-2.0.7.tgz. Extracting by manifest.
2457 silly tarball no local data for compression@https://registry.npmjs.org/compression/-/compression-1.8.0.tgz. Extracting by manifest.
2458 silly tarball no local data for chokidar@https://registry.npmjs.org/chokidar/-/chokidar-3.6.0.tgz. Extracting by manifest.
2459 silly tarball no local data for connect-history-api-fallback@https://registry.npmjs.org/connect-history-api-fallback/-/connect-history-api-fallback-2.0.0.tgz. Extracting by manifest.
2460 silly tarball no local data for bonjour-service@https://registry.npmjs.org/bonjour-service/-/bonjour-service-1.3.0.tgz. Extracting by manifest.
2461 silly tarball no local data for @types/serve-static@https://registry.npmjs.org/@types/serve-static/-/serve-static-1.15.7.tgz. Extracting by manifest.
2462 silly tarball no local data for @types/sockjs@https://registry.npmjs.org/@types/sockjs/-/sockjs-0.3.36.tgz. Extracting by manifest.
2463 silly tarball no local data for ansi-html-community@https://registry.npmjs.org/ansi-html-community/-/ansi-html-community-0.0.8.tgz. Extracting by manifest.
2464 silly tarball no local data for @types/serve-index@https://registry.npmjs.org/@types/serve-index/-/serve-index-1.9.4.tgz. Extracting by manifest.
2465 silly tarball no local data for @types/express@https://registry.npmjs.org/@types/express/-/express-4.17.21.tgz. Extracting by manifest.
2466 silly tarball no local data for shebang-regex@https://registry.npmjs.org/shebang-regex/-/shebang-regex-3.0.0.tgz. Extracting by manifest.
2467 silly tarball no local data for @types/connect-history-api-fallback@https://registry.npmjs.org/@types/connect-history-api-fallback/-/connect-history-api-fallback-1.5.4.tgz. Extracting by manifest.
2468 silly tarball no local data for @types/ws@https://registry.npmjs.org/@types/ws/-/ws-8.5.14.tgz. Extracting by manifest.
2469 silly tarball no local data for @types/bonjour@https://registry.npmjs.org/@types/bonjour/-/bonjour-3.5.13.tgz. Extracting by manifest.
2470 silly tarball no local data for path-key@https://registry.npmjs.org/path-key/-/path-key-3.1.1.tgz. Extracting by manifest.
2471 silly tarball no local data for resolve-cwd@https://registry.npmjs.org/resolve-cwd/-/resolve-cwd-3.0.0.tgz. Extracting by manifest.
2472 silly tarball no local data for which@https://registry.npmjs.org/which/-/which-2.0.2.tgz. Extracting by manifest.
2473 silly tarball no local data for shebang-command@https://registry.npmjs.org/shebang-command/-/shebang-command-2.0.0.tgz. Extracting by manifest.
2474 silly tarball no local data for rechoir@https://registry.npmjs.org/rechoir/-/rechoir-0.8.0.tgz. Extracting by manifest.
2475 silly tarball no local data for webpack-merge@https://registry.npmjs.org/webpack-merge/-/webpack-merge-5.10.0.tgz. Extracting by manifest.
2476 silly tarball no local data for import-local@https://registry.npmjs.org/import-local/-/import-local-3.2.0.tgz. Extracting by manifest.
2477 silly tarball no local data for fastest-levenshtein@https://registry.npmjs.org/fastest-levenshtein/-/fastest-levenshtein-1.0.16.tgz. Extracting by manifest.
2478 silly tarball no local data for interpret@https://registry.npmjs.org/interpret/-/interpret-3.1.1.tgz. Extracting by manifest.
2479 silly tarball no local data for envinfo@https://registry.npmjs.org/envinfo/-/envinfo-7.14.0.tgz. Extracting by manifest.
2480 silly tarball no local data for @webpack-cli/info@https://registry.npmjs.org/@webpack-cli/info/-/info-2.0.2.tgz. Extracting by manifest.
2481 silly tarball no local data for cross-spawn@https://registry.npmjs.org/cross-spawn/-/cross-spawn-7.0.6.tgz. Extracting by manifest.
2482 silly tarball no local data for @discoveryjs/json-ext@https://registry.npmjs.org/@discoveryjs/json-ext/-/json-ext-0.5.7.tgz. Extracting by manifest.
2483 silly tarball no local data for has-flag@https://registry.npmjs.org/has-flag/-/has-flag-4.0.0.tgz. Extracting by manifest.
2484 silly tarball no local data for safe-buffer@https://registry.npmjs.org/safe-buffer/-/safe-buffer-5.2.1.tgz. Extracting by manifest.
2485 silly tarball no local data for @webpack-cli/configtest@https://registry.npmjs.org/@webpack-cli/configtest/-/configtest-2.1.1.tgz. Extracting by manifest.
2486 silly tarball no local data for colorette@https://registry.npmjs.org/colorette/-/colorette-2.0.20.tgz. Extracting by manifest.
2487 silly tarball no local data for supports-color@https://registry.npmjs.org/supports-color/-/supports-color-8.1.1.tgz. Extracting by manifest.
2488 silly tarball no local data for undici-types@https://registry.npmjs.org/undici-types/-/undici-types-6.20.0.tgz. Extracting by manifest.
2489 silly tarball no local data for serialize-javascript@https://registry.npmjs.org/serialize-javascript/-/serialize-javascript-6.0.2.tgz. Extracting by manifest.
2490 silly tarball no local data for merge-stream@https://registry.npmjs.org/merge-stream/-/merge-stream-2.0.0.tgz. Extracting by manifest.
2491 silly tarball no local data for mime-db@https://registry.npmjs.org/mime-db/-/mime-db-1.52.0.tgz. Extracting by manifest.
2492 silly tarball no local data for esrecurse@https://registry.npmjs.org/esrecurse/-/esrecurse-4.3.0.tgz. Extracting by manifest.
2493 silly tarball no local data for @types/node@https://registry.npmjs.org/@types/node/-/node-22.13.5.tgz. Extracting by manifest.
2494 silly tarball no local data for jest-worker@https://registry.npmjs.org/jest-worker/-/jest-worker-27.5.1.tgz. Extracting by manifest.
2495 silly tarball no local data for @webpack-cli/serve@https://registry.npmjs.org/@webpack-cli/serve/-/serve-2.0.5.tgz. Extracting by manifest.
2496 silly tarball no local data for randombytes@https://registry.npmjs.org/randombytes/-/randombytes-2.1.0.tgz. Extracting by manifest.
2497 silly tarball no local data for @xtuc/ieee754@https://registry.npmjs.org/@xtuc/ieee754/-/ieee754-1.2.0.tgz. Extracting by manifest.
2498 silly tarball no local data for @webassemblyjs/wast-printer@https://registry.npmjs.org/@webassemblyjs/wast-printer/-/wast-printer-1.14.1.tgz. Extracting by manifest.
2499 silly tarball no local data for @webassemblyjs/utf8@https://registry.npmjs.org/@webassemblyjs/utf8/-/utf8-1.13.2.tgz. Extracting by manifest.
2500 silly tarball no local data for @webassemblyjs/helper-wasm-section@https://registry.npmjs.org/@webassemblyjs/helper-wasm-section/-/helper-wasm-section-1.14.1.tgz. Extracting by manifest.
2501 silly tarball no local data for estraverse@https://registry.npmjs.org/estraverse/-/estraverse-4.3.0.tgz. Extracting by manifest.
2502 silly tarball no local data for @webassemblyjs/wasm-gen@https://registry.npmjs.org/@webassemblyjs/wasm-gen/-/wasm-gen-1.14.1.tgz. Extracting by manifest.
2503 silly tarball no local data for @webassemblyjs/leb128@https://registry.npmjs.org/@webassemblyjs/leb128/-/leb128-1.13.2.tgz. Extracting by manifest.
2504 silly tarball no local data for @webassemblyjs/wasm-opt@https://registry.npmjs.org/@webassemblyjs/wasm-opt/-/wasm-opt-1.14.1.tgz. Extracting by manifest.
2505 silly tarball no local data for @webassemblyjs/helper-buffer@https://registry.npmjs.org/@webassemblyjs/helper-buffer/-/helper-buffer-1.14.1.tgz. Extracting by manifest.
2506 silly tarball no local data for @webassemblyjs/ieee754@https://registry.npmjs.org/@webassemblyjs/ieee754/-/ieee754-1.13.2.tgz. Extracting by manifest.
2507 silly tarball no local data for @xtuc/long@https://registry.npmjs.org/@xtuc/long/-/long-4.2.2.tgz. Extracting by manifest.
2508 silly tarball no local data for @webassemblyjs/helper-api-error@https://registry.npmjs.org/@webassemblyjs/helper-api-error/-/helper-api-error-1.13.2.tgz. Extracting by manifest.
2509 silly tarball no local data for @webassemblyjs/helper-wasm-bytecode@https://registry.npmjs.org/@webassemblyjs/helper-wasm-bytecode/-/helper-wasm-bytecode-1.13.2.tgz. Extracting by manifest.
2510 silly tarball no local data for @webassemblyjs/floating-point-hex-parser@https://registry.npmjs.org/@webassemblyjs/floating-point-hex-parser/-/floating-point-hex-parser-1.13.2.tgz. Extracting by manifest.
2511 silly tarball no local data for @webassemblyjs/helper-numbers@https://registry.npmjs.org/@webassemblyjs/helper-numbers/-/helper-numbers-1.13.2.tgz. Extracting by manifest.
2512 silly tarball no local data for terser-webpack-plugin@https://registry.npmjs.org/terser-webpack-plugin/-/terser-webpack-plugin-5.3.11.tgz. Extracting by manifest.
2513 silly tarball no local data for @types/eslint@https://registry.npmjs.org/@types/eslint/-/eslint-9.6.1.tgz. Extracting by manifest.
2514 silly tarball no local data for watchpack@https://registry.npmjs.org/watchpack/-/watchpack-2.4.2.tgz. Extracting by manifest.
2515 silly tarball no local data for webpack-sources@https://registry.npmjs.org/webpack-sources/-/webpack-sources-3.2.3.tgz. Extracting by manifest.
2516 silly tarball no local data for neo-async@https://registry.npmjs.org/neo-async/-/neo-async-2.6.2.tgz. Extracting by manifest.
2517 silly tarball no local data for loader-runner@https://registry.npmjs.org/loader-runner/-/loader-runner-4.3.0.tgz. Extracting by manifest.
2518 silly tarball no local data for glob-to-regexp@https://registry.npmjs.org/glob-to-regexp/-/glob-to-regexp-0.4.1.tgz. Extracting by manifest.
2519 silly tarball no local data for graceful-fs@https://registry.npmjs.org/graceful-fs/-/graceful-fs-4.2.11.tgz. Extracting by manifest.
2520 silly tarball no local data for mime-types@https://registry.npmjs.org/mime-types/-/mime-types-2.1.35.tgz. Extracting by manifest.
2521 silly tarball no local data for eslint-scope@https://registry.npmjs.org/eslint-scope/-/eslint-scope-5.1.1.tgz. Extracting by manifest.
2522 silly tarball no local data for events@https://registry.npmjs.org/events/-/events-3.3.0.tgz. Extracting by manifest.
2523 silly tarball no local data for es-module-lexer@https://registry.npmjs.org/es-module-lexer/-/es-module-lexer-1.6.0.tgz. Extracting by manifest.
2524 silly tarball no local data for @webassemblyjs/wasm-parser@https://registry.npmjs.org/@webassemblyjs/wasm-parser/-/wasm-parser-1.14.1.tgz. Extracting by manifest.
2525 silly tarball no local data for enhanced-resolve@https://registry.npmjs.org/enhanced-resolve/-/enhanced-resolve-5.18.1.tgz. Extracting by manifest.
2526 silly tarball no local data for @webassemblyjs/wasm-edit@https://registry.npmjs.org/@webassemblyjs/wasm-edit/-/wasm-edit-1.14.1.tgz. Extracting by manifest.
2527 silly tarball no local data for chrome-trace-event@https://registry.npmjs.org/chrome-trace-event/-/chrome-trace-event-1.0.4.tgz. Extracting by manifest.
2528 silly tarball no local data for @webassemblyjs/ast@https://registry.npmjs.org/@webassemblyjs/ast/-/ast-1.14.1.tgz. Extracting by manifest.
2529 silly tarball no local data for escalade@https://registry.npmjs.org/escalade/-/escalade-3.2.0.tgz. Extracting by manifest.
2530 silly tarball no local data for unicode-property-aliases-ecmascript@https://registry.npmjs.org/unicode-property-aliases-ecmascript/-/unicode-property-aliases-ecmascript-2.1.0.tgz. Extracting by manifest.
2531 silly tarball no local data for @types/eslint-scope@https://registry.npmjs.org/@types/eslint-scope/-/eslint-scope-3.7.7.tgz. Extracting by manifest.
2532 silly tarball no local data for @types/estree@https://registry.npmjs.org/@types/estree/-/estree-1.0.6.tgz. Extracting by manifest.
2533 silly tarball no local data for unicode-canonical-property-names-ecmascript@https://registry.npmjs.org/unicode-canonical-property-names-ecmascript/-/unicode-canonical-property-names-ecmascript-2.0.1.tgz. Extracting by manifest.
2534 silly tarball no local data for buffer-from@https://registry.npmjs.org/buffer-from/-/buffer-from-1.1.2.tgz. Extracting by manifest.
2535 silly tarball no local data for source-map-support@https://registry.npmjs.org/source-map-support/-/source-map-support-0.5.21.tgz. Extracting by manifest.
2536 silly tarball no local data for camelize@https://registry.npmjs.org/camelize/-/camelize-1.0.1.tgz. Extracting by manifest.
2537 silly tarball no local data for acorn@https://registry.npmjs.org/acorn/-/acorn-8.14.0.tgz. Extracting by manifest.
2538 silly tarball no local data for @jridgewell/source-map@https://registry.npmjs.org/@jridgewell/source-map/-/source-map-0.3.6.tgz. Extracting by manifest.
2539 silly tarball no local data for css-color-keywords@https://registry.npmjs.org/css-color-keywords/-/css-color-keywords-1.0.0.tgz. Extracting by manifest.
2540 silly tarball no local data for css-to-react-native@https://registry.npmjs.org/css-to-react-native/-/css-to-react-native-3.2.0.tgz. Extracting by manifest.
2541 silly tarball no local data for shallowequal@https://registry.npmjs.org/shallowequal/-/shallowequal-1.1.0.tgz. Extracting by manifest.
2542 silly tarball no local data for ansi-regex@https://registry.npmjs.org/ansi-regex/-/ansi-regex-5.0.1.tgz. Extracting by manifest.
2543 silly tarball no local data for @types/stylis@https://registry.npmjs.org/@types/stylis/-/stylis-4.2.5.tgz. Extracting by manifest.
2544 silly tarball no local data for fast-deep-equal@https://registry.npmjs.org/fast-deep-equal/-/fast-deep-equal-3.1.3.tgz. Extracting by manifest.
2545 silly tarball no local data for require-from-string@https://registry.npmjs.org/require-from-string/-/require-from-string-2.0.2.tgz. Extracting by manifest.
2546 silly tarball no local data for fast-uri@https://registry.npmjs.org/fast-uri/-/fast-uri-3.0.6.tgz. Extracting by manifest.
2547 silly tarball no local data for json-schema-traverse@https://registry.npmjs.org/json-schema-traverse/-/json-schema-traverse-1.0.0.tgz. Extracting by manifest.
2548 silly tarball no local data for ajv-keywords@https://registry.npmjs.org/ajv-keywords/-/ajv-keywords-5.1.0.tgz. Extracting by manifest.
2549 silly tarball no local data for ajv-formats@https://registry.npmjs.org/ajv-formats/-/ajv-formats-2.1.1.tgz. Extracting by manifest.
2550 silly tarball no local data for @types/json-schema@https://registry.npmjs.org/@types/json-schema/-/json-schema-7.0.15.tgz. Extracting by manifest.
2551 silly tarball no local data for ajv@https://registry.npmjs.org/ajv/-/ajv-8.17.1.tgz. Extracting by manifest.
2552 silly tarball no local data for hasown@https://registry.npmjs.org/hasown/-/hasown-2.0.2.tgz. Extracting by manifest.
2553 silly tarball no local data for supports-preserve-symlinks-flag@https://registry.npmjs.org/supports-preserve-symlinks-flag/-/supports-preserve-symlinks-flag-1.0.0.tgz. Extracting by manifest.
2554 silly tarball no local data for function-bind@https://registry.npmjs.org/function-bind/-/function-bind-1.1.2.tgz. Extracting by manifest.
2555 silly tarball no local data for path-parse@https://registry.npmjs.org/path-parse/-/path-parse-1.0.7.tgz. Extracting by manifest.
2556 silly tarball no local data for is-core-module@https://registry.npmjs.org/is-core-module/-/is-core-module-2.16.1.tgz. Extracting by manifest.
2557 silly tarball no local data for entities@https://registry.npmjs.org/entities/-/entities-2.2.0.tgz. Extracting by manifest.
2558 silly tarball no local data for dom-serializer@https://registry.npmjs.org/dom-serializer/-/dom-serializer-1.4.1.tgz. Extracting by manifest.
2559 silly tarball no local data for nth-check@https://registry.npmjs.org/nth-check/-/nth-check-2.1.1.tgz. Extracting by manifest.
2560 silly tarball no local data for domelementtype@https://registry.npmjs.org/domelementtype/-/domelementtype-2.3.0.tgz. Extracting by manifest.
2561 silly tarball no local data for utila@https://registry.npmjs.org/utila/-/utila-0.4.0.tgz. Extracting by manifest.
2562 silly tarball no local data for domutils@https://registry.npmjs.org/domutils/-/domutils-2.8.0.tgz. Extracting by manifest.
2563 silly tarball no local data for strip-ansi@https://registry.npmjs.org/strip-ansi/-/strip-ansi-6.0.1.tgz. Extracting by manifest.
2564 silly tarball no local data for boolbase@https://registry.npmjs.org/boolbase/-/boolbase-1.0.0.tgz. Extracting by manifest.
2565 silly tarball no local data for domhandler@https://registry.npmjs.org/domhandler/-/domhandler-4.3.1.tgz. Extracting by manifest.
2566 silly tarball no local data for css-what@https://registry.npmjs.org/css-what/-/css-what-6.1.0.tgz. Extracting by manifest.
2567 silly tarball no local data for htmlparser2@https://registry.npmjs.org/htmlparser2/-/htmlparser2-6.1.0.tgz. Extracting by manifest.
2568 silly tarball no local data for unicode-match-property-value-ecmascript@https://registry.npmjs.org/unicode-match-property-value-ecmascript/-/unicode-match-property-value-ecmascript-2.2.0.tgz. Extracting by manifest.
2569 silly tarball no local data for dom-converter@https://registry.npmjs.org/dom-converter/-/dom-converter-0.2.0.tgz. Extracting by manifest.
2570 silly tarball no local data for unicode-match-property-ecmascript@https://registry.npmjs.org/unicode-match-property-ecmascript/-/unicode-match-property-ecmascript-2.0.0.tgz. Extracting by manifest.
2571 silly tarball no local data for css-select@https://registry.npmjs.org/css-select/-/css-select-4.3.0.tgz. Extracting by manifest.
2572 silly tarball no local data for regenerate-unicode-properties@https://registry.npmjs.org/regenerate-unicode-properties/-/regenerate-unicode-properties-10.2.0.tgz. Extracting by manifest.
2573 silly tarball no local data for regjsgen@https://registry.npmjs.org/regjsgen/-/regjsgen-0.8.0.tgz. Extracting by manifest.
2574 silly tarball no local data for regjsparser@https://registry.npmjs.org/regjsparser/-/regjsparser-0.12.0.tgz. Extracting by manifest.
2575 silly tarball no local data for dom-helpers@https://registry.npmjs.org/dom-helpers/-/dom-helpers-5.2.1.tgz. Extracting by manifest.
2576 silly tarball no local data for @remix-run/router@https://registry.npmjs.org/@remix-run/router/-/router-1.22.0.tgz. Extracting by manifest.
2577 silly tarball no local data for regenerate@https://registry.npmjs.org/regenerate/-/regenerate-1.4.2.tgz. Extracting by manifest.
2578 silly tarball no local data for scheduler@https://registry.npmjs.org/scheduler/-/scheduler-0.23.2.tgz. Extracting by manifest.
2579 silly tarball no local data for react-router@https://registry.npmjs.org/react-router/-/react-router-6.29.0.tgz. Extracting by manifest.
2580 silly tarball no local data for object-assign@https://registry.npmjs.org/object-assign/-/object-assign-4.1.1.tgz. Extracting by manifest.
2581 silly tarball no local data for loose-envify@https://registry.npmjs.org/loose-envify/-/loose-envify-1.4.0.tgz. Extracting by manifest.
2582 silly tarball no local data for renderkid@https://registry.npmjs.org/renderkid/-/renderkid-3.0.0.tgz. Extracting by manifest.
2583 silly tarball no local data for cssesc@https://registry.npmjs.org/cssesc/-/cssesc-3.0.0.tgz. Extracting by manifest.
2584 silly tarball no local data for postcss-selector-parser@https://registry.npmjs.org/postcss-selector-parser/-/postcss-selector-parser-7.1.0.tgz. Extracting by manifest.
2585 silly tarball no local data for source-map-js@https://registry.npmjs.org/source-map-js/-/source-map-js-1.2.1.tgz. Extracting by manifest.
2586 silly tarball no local data for yocto-queue@https://registry.npmjs.org/yocto-queue/-/yocto-queue-1.1.1.tgz. Extracting by manifest.
2587 silly tarball no local data for util-deprecate@https://registry.npmjs.org/util-deprecate/-/util-deprecate-1.0.2.tgz. Extracting by manifest.
2588 silly tarball no local data for p-limit@https://registry.npmjs.org/p-limit/-/p-limit-4.0.0.tgz. Extracting by manifest.
2589 silly tarball no local data for nanoid@https://registry.npmjs.org/nanoid/-/nanoid-3.3.8.tgz. Extracting by manifest.
2590 silly tarball no local data for path-exists@https://registry.npmjs.org/path-exists/-/path-exists-5.0.0.tgz. Extracting by manifest.
2591 silly tarball no local data for locate-path@https://registry.npmjs.org/locate-path/-/locate-path-7.2.0.tgz. Extracting by manifest.
2592 silly tarball no local data for p-locate@https://registry.npmjs.org/p-locate/-/p-locate-6.0.0.tgz. Extracting by manifest.
2593 silly tarball no local data for is-arrayish@https://registry.npmjs.org/is-arrayish/-/is-arrayish-0.2.1.tgz. Extracting by manifest.
2594 silly tarball no local data for find-up@https://registry.npmjs.org/find-up/-/find-up-6.3.0.tgz. Extracting by manifest.
2595 silly tarball no local data for json-parse-even-better-errors@https://registry.npmjs.org/json-parse-even-better-errors/-/json-parse-even-better-errors-2.3.1.tgz. Extracting by manifest.
2596 silly tarball no local data for lines-and-columns@https://registry.npmjs.org/lines-and-columns/-/lines-and-columns-1.2.4.tgz. Extracting by manifest.
2597 silly tarball no local data for error-ex@https://registry.npmjs.org/error-ex/-/error-ex-1.3.2.tgz. Extracting by manifest.
2598 silly tarball no local data for callsites@https://registry.npmjs.org/callsites/-/callsites-3.1.0.tgz. Extracting by manifest.
2599 silly tarball no local data for yallist@https://registry.npmjs.org/yallist/-/yallist-3.1.1.tgz. Extracting by manifest.
2600 silly tarball no local data for dot-case@https://registry.npmjs.org/dot-case/-/dot-case-3.0.4.tgz. Extracting by manifest.
2601 silly tarball no local data for lower-case@https://registry.npmjs.org/lower-case/-/lower-case-2.0.2.tgz. Extracting by manifest.
2602 silly tarball no local data for no-case@https://registry.npmjs.org/no-case/-/no-case-3.0.4.tgz. Extracting by manifest.
2603 silly tarball no local data for resolve-from@https://registry.npmjs.org/resolve-from/-/resolve-from-4.0.0.tgz. Extracting by manifest.
2604 silly tarball no local data for parent-module@https://registry.npmjs.org/parent-module/-/parent-module-1.0.1.tgz. Extracting by manifest.
2605 silly tarball no local data for tslib@https://registry.npmjs.org/tslib/-/tslib-2.8.1.tgz. Extracting by manifest.
2606 silly tarball no local data for terser@https://registry.npmjs.org/terser/-/terser-5.39.0.tgz. Extracting by manifest.
2607 silly tarball no local data for relateurl@https://registry.npmjs.org/relateurl/-/relateurl-0.2.7.tgz. Extracting by manifest.
2608 silly tarball no local data for pascal-case@https://registry.npmjs.org/pascal-case/-/pascal-case-3.1.2.tgz. Extracting by manifest.
2609 silly tarball no local data for he@https://registry.npmjs.org/he/-/he-1.2.0.tgz. Extracting by manifest.
2610 silly tarball no local data for camel-case@https://registry.npmjs.org/camel-case/-/camel-case-4.1.2.tgz. Extracting by manifest.
2611 silly tarball no local data for param-case@https://registry.npmjs.org/param-case/-/param-case-3.0.4.tgz. Extracting by manifest.
2612 silly tarball no local data for commander@https://registry.npmjs.org/commander/-/commander-8.3.0.tgz. Extracting by manifest.
2613 silly tarball no local data for pretty-error@https://registry.npmjs.org/pretty-error/-/pretty-error-4.0.0.tgz. Extracting by manifest.
2614 silly tarball no local data for clean-css@https://registry.npmjs.org/clean-css/-/clean-css-5.3.3.tgz. Extracting by manifest.
2615 silly tarball no local data for tapable@https://registry.npmjs.org/tapable/-/tapable-2.2.1.tgz. Extracting by manifest.
2616 silly tarball no local data for @types/html-minifier-terser@https://registry.npmjs.org/@types/html-minifier-terser/-/html-minifier-terser-6.1.0.tgz. Extracting by manifest.
2617 silly tarball no local data for html-minifier-terser@https://registry.npmjs.org/html-minifier-terser/-/html-minifier-terser-6.1.0.tgz. Extracting by manifest.
2618 silly tarball no local data for pkg-dir@https://registry.npmjs.org/pkg-dir/-/pkg-dir-7.0.0.tgz. Extracting by manifest.
2619 silly tarball no local data for lodash@https://registry.npmjs.org/lodash/-/lodash-4.17.21.tgz. Extracting by manifest.
2620 silly tarball no local data for common-path-prefix@https://registry.npmjs.org/common-path-prefix/-/common-path-prefix-3.0.0.tgz. Extracting by manifest.
2621 silly tarball no local data for postcss-value-parser@https://registry.npmjs.org/postcss-value-parser/-/postcss-value-parser-4.2.0.tgz. Extracting by manifest.
2622 silly tarball no local data for postcss-modules-scope@https://registry.npmjs.org/postcss-modules-scope/-/postcss-modules-scope-3.2.1.tgz. Extracting by manifest.
2623 silly tarball no local data for postcss-modules-values@https://registry.npmjs.org/postcss-modules-values/-/postcss-modules-values-4.0.0.tgz. Extracting by manifest.
2624 silly tarball no local data for ms@https://registry.npmjs.org/ms/-/ms-2.1.3.tgz. Extracting by manifest.
2625 silly tarball no local data for postcss-modules-extract-imports@https://registry.npmjs.org/postcss-modules-extract-imports/-/postcss-modules-extract-imports-3.1.0.tgz. Extracting by manifest.
2626 silly tarball no local data for postcss-modules-local-by-default@https://registry.npmjs.org/postcss-modules-local-by-default/-/postcss-modules-local-by-default-4.2.0.tgz. Extracting by manifest.
2627 silly tarball no local data for postcss@https://registry.npmjs.org/postcss/-/postcss-8.5.3.tgz. Extracting by manifest.
2628 silly tarball no local data for icss-utils@https://registry.npmjs.org/icss-utils/-/icss-utils-5.1.0.tgz. Extracting by manifest.
2629 silly tarball no local data for parse-json@https://registry.npmjs.org/parse-json/-/parse-json-5.2.0.tgz. Extracting by manifest.
2630 silly tarball no local data for path-type@https://registry.npmjs.org/path-type/-/path-type-4.0.0.tgz. Extracting by manifest.
2631 silly tarball no local data for yaml@https://registry.npmjs.org/yaml/-/yaml-1.10.2.tgz. Extracting by manifest.
2632 silly tarball no local data for @types/parse-json@https://registry.npmjs.org/@types/parse-json/-/parse-json-4.0.2.tgz. Extracting by manifest.
2633 silly tarball no local data for node-releases@https://registry.npmjs.org/node-releases/-/node-releases-2.0.19.tgz. Extracting by manifest.
2634 silly tarball no local data for lodash.debounce@https://registry.npmjs.org/lodash.debounce/-/lodash.debounce-4.0.8.tgz. Extracting by manifest.
2635 silly tarball no local data for import-fresh@https://registry.npmjs.org/import-fresh/-/import-fresh-3.3.1.tgz. Extracting by manifest.
2636 silly tarball no local data for electron-to-chromium@https://registry.npmjs.org/electron-to-chromium/-/electron-to-chromium-1.5.107.tgz. Extracting by manifest.
2637 silly tarball no local data for caniuse-lite@https://registry.npmjs.org/caniuse-lite/-/caniuse-lite-1.0.30001701.tgz. Extracting by manifest.
2638 silly tarball no local data for @babel/helper-define-polyfill-provider@https://registry.npmjs.org/@babel/helper-define-polyfill-provider/-/helper-define-polyfill-provider-0.6.3.tgz. Extracting by manifest.
2639 silly tarball no local data for resolve@https://registry.npmjs.org/resolve/-/resolve-1.22.10.tgz. Extracting by manifest.
2640 silly tarball no local data for cosmiconfig@https://registry.npmjs.org/cosmiconfig/-/cosmiconfig-7.1.0.tgz. Extracting by manifest.
2641 silly tarball no local data for schema-utils@https://registry.npmjs.org/schema-utils/-/schema-utils-4.3.0.tgz. Extracting by manifest.
2642 silly tarball no local data for @mui/styled-engine@https://registry.npmjs.org/@mui/styled-engine/-/styled-engine-5.16.14.tgz. Extracting by manifest.
2643 silly tarball no local data for find-cache-dir@https://registry.npmjs.org/find-cache-dir/-/find-cache-dir-4.0.0.tgz. Extracting by manifest.
2644 silly tarball no local data for update-browserslist-db@https://registry.npmjs.org/update-browserslist-db/-/update-browserslist-db-1.1.3.tgz. Extracting by manifest.
2645 silly tarball no local data for react-transition-group@https://registry.npmjs.org/react-transition-group/-/react-transition-group-4.4.5.tgz. Extracting by manifest.
2646 silly tarball no local data for @types/prop-types@https://registry.npmjs.org/@types/prop-types/-/prop-types-15.7.14.tgz. Extracting by manifest.
2647 silly tarball no local data for @mui/private-theming@https://registry.npmjs.org/@mui/private-theming/-/private-theming-5.16.14.tgz. Extracting by manifest.
2648 silly tarball no local data for react-is@https://registry.npmjs.org/react-is/-/react-is-19.0.0.tgz. Extracting by manifest.
2649 silly tarball no local data for prop-types@https://registry.npmjs.org/prop-types/-/prop-types-15.8.1.tgz. Extracting by manifest.
2650 silly tarball no local data for @types/react@https://registry.npmjs.org/@types/react/-/react-19.0.10.tgz. Extracting by manifest.
2651 silly tarball no local data for @types/react-transition-group@https://registry.npmjs.org/@types/react-transition-group/-/react-transition-group-4.4.12.tgz. Extracting by manifest.
2652 silly tarball no local data for clsx@https://registry.npmjs.org/clsx/-/clsx-2.1.1.tgz. Extracting by manifest.
2653 silly tarball no local data for @popperjs/core@https://registry.npmjs.org/@popperjs/core/-/core-2.11.8.tgz. Extracting by manifest.
2654 silly tarball no local data for @mui/utils@https://registry.npmjs.org/@mui/utils/-/utils-5.16.14.tgz. Extracting by manifest.
2655 silly tarball no local data for @mui/types@https://registry.npmjs.org/@mui/types/-/types-7.2.21.tgz. Extracting by manifest.
2656 silly tarball no local data for @mui/system@https://registry.npmjs.org/@mui/system/-/system-5.16.14.tgz. Extracting by manifest.
2657 silly tarball no local data for @jridgewell/sourcemap-codec@https://registry.npmjs.org/@jridgewell/sourcemap-codec/-/sourcemap-codec-1.5.0.tgz. Extracting by manifest.
2658 silly tarball no local data for @jridgewell/resolve-uri@https://registry.npmjs.org/@jridgewell/resolve-uri/-/resolve-uri-3.1.2.tgz. Extracting by manifest.
2659 silly tarball no local data for @jridgewell/set-array@https://registry.npmjs.org/@jridgewell/set-array/-/set-array-1.2.1.tgz. Extracting by manifest.
2660 silly tarball no local data for @mui/core-downloads-tracker@https://registry.npmjs.org/@mui/core-downloads-tracker/-/core-downloads-tracker-5.16.14.tgz. Extracting by manifest.
2661 silly tarball no local data for @emotion/is-prop-valid@https://registry.npmjs.org/@emotion/is-prop-valid/-/is-prop-valid-1.3.1.tgz. Extracting by manifest.
2662 silly tarball no local data for @emotion/sheet@https://registry.npmjs.org/@emotion/sheet/-/sheet-1.4.0.tgz. Extracting by manifest.
2663 silly tarball no local data for stylis@https://registry.npmjs.org/stylis/-/stylis-4.2.0.tgz. Extracting by manifest.
2664 silly tarball no local data for @emotion/unitless@https://registry.npmjs.org/@emotion/unitless/-/unitless-0.10.0.tgz. Extracting by manifest.
2665 silly tarball no local data for csstype@https://registry.npmjs.org/csstype/-/csstype-3.1.3.tgz. Extracting by manifest.
2666 silly tarball no local data for source-map@https://registry.npmjs.org/source-map/-/source-map-0.5.7.tgz. Extracting by manifest.
2667 silly tarball no local data for escape-string-regexp@https://registry.npmjs.org/escape-string-regexp/-/escape-string-regexp-4.0.0.tgz. Extracting by manifest.
2668 silly tarball no local data for find-root@https://registry.npmjs.org/find-root/-/find-root-1.1.0.tgz. Extracting by manifest.
2669 silly tarball no local data for babel-plugin-macros@https://registry.npmjs.org/babel-plugin-macros/-/babel-plugin-macros-3.1.0.tgz. Extracting by manifest.
2670 silly tarball no local data for @emotion/memoize@https://registry.npmjs.org/@emotion/memoize/-/memoize-0.9.0.tgz. Extracting by manifest.
2671 silly tarball no local data for hoist-non-react-statics@https://registry.npmjs.org/hoist-non-react-statics/-/hoist-non-react-statics-3.3.2.tgz. Extracting by manifest.
2672 silly tarball no local data for @emotion/hash@https://registry.npmjs.org/@emotion/hash/-/hash-0.9.2.tgz. Extracting by manifest.
2673 silly tarball no local data for regenerator-runtime@https://registry.npmjs.org/regenerator-runtime/-/regenerator-runtime-0.14.1.tgz. Extracting by manifest.
2674 silly tarball no local data for @emotion/use-insertion-effect-with-fallbacks@https://registry.npmjs.org/@emotion/use-insertion-effect-with-fallbacks/-/use-insertion-effect-with-fallbacks-1.2.0.tgz. Extracting by manifest.
2675 silly tarball no local data for @emotion/utils@https://registry.npmjs.org/@emotion/utils/-/utils-1.4.2.tgz. Extracting by manifest.
2676 silly tarball no local data for @emotion/weak-memoize@https://registry.npmjs.org/@emotion/weak-memoize/-/weak-memoize-0.4.0.tgz. Extracting by manifest.
2677 silly tarball no local data for @emotion/cache@https://registry.npmjs.org/@emotion/cache/-/cache-11.14.0.tgz. Extracting by manifest.
2678 silly tarball no local data for @babel/runtime@https://registry.npmjs.org/@babel/runtime/-/runtime-7.26.9.tgz. Extracting by manifest.
2679 silly tarball no local data for @emotion/babel-plugin@https://registry.npmjs.org/@emotion/babel-plugin/-/babel-plugin-11.13.5.tgz. Extracting by manifest.
2680 silly tarball no local data for @babel/helper-string-parser@https://registry.npmjs.org/@babel/helper-string-parser/-/helper-string-parser-7.25.9.tgz. Extracting by manifest.
2681 silly tarball no local data for @babel/plugin-transform-react-jsx@https://registry.npmjs.org/@babel/plugin-transform-react-jsx/-/plugin-transform-react-jsx-7.25.9.tgz. Extracting by manifest.
2682 silly tarball no local data for @babel/plugin-transform-react-pure-annotations@https://registry.npmjs.org/@babel/plugin-transform-react-pure-annotations/-/plugin-transform-react-pure-annotations-7.25.9.tgz. Extracting by manifest.
2683 silly tarball no local data for @babel/plugin-transform-react-display-name@https://registry.npmjs.org/@babel/plugin-transform-react-display-name/-/plugin-transform-react-display-name-7.25.9.tgz. Extracting by manifest.
2684 silly tarball no local data for @babel/plugin-transform-react-jsx-development@https://registry.npmjs.org/@babel/plugin-transform-react-jsx-development/-/plugin-transform-react-jsx-development-7.25.9.tgz. Extracting by manifest.
2685 silly tarball no local data for @babel/plugin-syntax-jsx@https://registry.npmjs.org/@babel/plugin-syntax-jsx/-/plugin-syntax-jsx-7.25.9.tgz. Extracting by manifest.
2686 silly tarball no local data for regenerator-transform@https://registry.npmjs.org/regenerator-transform/-/regenerator-transform-0.15.2.tgz. Extracting by manifest.
2687 silly tarball no local data for esutils@https://registry.npmjs.org/esutils/-/esutils-2.0.3.tgz. Extracting by manifest.
2688 silly tarball no local data for @emotion/serialize@https://registry.npmjs.org/@emotion/serialize/-/serialize-1.3.3.tgz. Extracting by manifest.
2689 silly tarball no local data for @babel/helper-optimise-call-expression@https://registry.npmjs.org/@babel/helper-optimise-call-expression/-/helper-optimise-call-expression-7.25.9.tgz. Extracting by manifest.
2690 silly tarball no local data for globals@https://registry.npmjs.org/globals/-/globals-11.12.0.tgz. Extracting by manifest.
2691 silly tarball no local data for @babel/helper-replace-supers@https://registry.npmjs.org/@babel/helper-replace-supers/-/helper-replace-supers-7.26.5.tgz. Extracting by manifest.
2692 silly tarball no local data for @babel/helper-create-class-features-plugin@https://registry.npmjs.org/@babel/helper-create-class-features-plugin/-/helper-create-class-features-plugin-7.26.9.tgz. Extracting by manifest.
2693 silly tarball no local data for @babel/helper-remap-async-to-generator@https://registry.npmjs.org/@babel/helper-remap-async-to-generator/-/helper-remap-async-to-generator-7.25.9.tgz. Extracting by manifest.
2694 silly tarball no local data for regexpu-core@https://registry.npmjs.org/regexpu-core/-/regexpu-core-6.2.0.tgz. Extracting by manifest.
2695 silly tarball no local data for @babel/helper-member-expression-to-functions@https://registry.npmjs.org/@babel/helper-member-expression-to-functions/-/helper-member-expression-to-functions-7.25.9.tgz. Extracting by manifest.
2696 silly tarball no local data for @babel/helper-wrap-function@https://registry.npmjs.org/@babel/helper-wrap-function/-/helper-wrap-function-7.25.9.tgz. Extracting by manifest.
2697 silly tarball no local data for core-js-compat@https://registry.npmjs.org/core-js-compat/-/core-js-compat-3.40.0.tgz. Extracting by manifest.
2698 silly tarball no local data for @babel/helper-create-regexp-features-plugin@https://registry.npmjs.org/@babel/helper-create-regexp-features-plugin/-/helper-create-regexp-features-plugin-7.26.3.tgz. Extracting by manifest.
2699 silly tarball no local data for @babel/helper-annotate-as-pure@https://registry.npmjs.org/@babel/helper-annotate-as-pure/-/helper-annotate-as-pure-7.25.9.tgz. Extracting by manifest.
2700 silly tarball no local data for babel-plugin-polyfill-regenerator@https://registry.npmjs.org/babel-plugin-polyfill-regenerator/-/babel-plugin-polyfill-regenerator-0.6.3.tgz. Extracting by manifest.
2701 silly tarball no local data for babel-plugin-polyfill-corejs3@https://registry.npmjs.org/babel-plugin-polyfill-corejs3/-/babel-plugin-polyfill-corejs3-0.11.1.tgz. Extracting by manifest.
2702 silly tarball no local data for @babel/preset-modules@https://registry.npmjs.org/@babel/preset-modules/-/preset-modules-0.1.6-no-external-plugins.tgz. Extracting by manifest.
2703 silly tarball no local data for @babel/helper-skip-transparent-expression-wrappers@https://registry.npmjs.org/@babel/helper-skip-transparent-expression-wrappers/-/helper-skip-transparent-expression-wrappers-7.25.9.tgz. Extracting by manifest.
2704 silly tarball no local data for babel-plugin-polyfill-corejs2@https://registry.npmjs.org/babel-plugin-polyfill-corejs2/-/babel-plugin-polyfill-corejs2-0.4.12.tgz. Extracting by manifest.
2705 silly tarball no local data for @babel/plugin-transform-unicode-sets-regex@https://registry.npmjs.org/@babel/plugin-transform-unicode-sets-regex/-/plugin-transform-unicode-sets-regex-7.25.9.tgz. Extracting by manifest.
2706 silly tarball no local data for @babel/plugin-transform-unicode-escapes@https://registry.npmjs.org/@babel/plugin-transform-unicode-escapes/-/plugin-transform-unicode-escapes-7.25.9.tgz. Extracting by manifest.
2707 silly tarball no local data for @babel/plugin-transform-unicode-property-regex@https://registry.npmjs.org/@babel/plugin-transform-unicode-property-regex/-/plugin-transform-unicode-property-regex-7.25.9.tgz. Extracting by manifest.
2708 silly tarball no local data for @babel/plugin-transform-unicode-regex@https://registry.npmjs.org/@babel/plugin-transform-unicode-regex/-/plugin-transform-unicode-regex-7.25.9.tgz. Extracting by manifest.
2709 silly tarball no local data for @babel/plugin-transform-typeof-symbol@https://registry.npmjs.org/@babel/plugin-transform-typeof-symbol/-/plugin-transform-typeof-symbol-7.26.7.tgz. Extracting by manifest.
2710 silly tarball no local data for @babel/plugin-transform-template-literals@https://registry.npmjs.org/@babel/plugin-transform-template-literals/-/plugin-transform-template-literals-7.26.8.tgz. Extracting by manifest.
2711 silly tarball no local data for @babel/plugin-transform-spread@https://registry.npmjs.org/@babel/plugin-transform-spread/-/plugin-transform-spread-7.25.9.tgz. Extracting by manifest.
2712 silly tarball no local data for @babel/plugin-transform-sticky-regex@https://registry.npmjs.org/@babel/plugin-transform-sticky-regex/-/plugin-transform-sticky-regex-7.25.9.tgz. Extracting by manifest.
2713 silly tarball no local data for @babel/plugin-transform-regexp-modifiers@https://registry.npmjs.org/@babel/plugin-transform-regexp-modifiers/-/plugin-transform-regexp-modifiers-7.26.0.tgz. Extracting by manifest.
2714 silly tarball no local data for @babel/plugin-transform-shorthand-properties@https://registry.npmjs.org/@babel/plugin-transform-shorthand-properties/-/plugin-transform-shorthand-properties-7.25.9.tgz. Extracting by manifest.
2715 silly tarball no local data for @babel/plugin-transform-reserved-words@https://registry.npmjs.org/@babel/plugin-transform-reserved-words/-/plugin-transform-reserved-words-7.25.9.tgz. Extracting by manifest.
2716 silly tarball no local data for @babel/plugin-transform-regenerator@https://registry.npmjs.org/@babel/plugin-transform-regenerator/-/plugin-transform-regenerator-7.25.9.tgz. Extracting by manifest.
2717 silly tarball no local data for @babel/plugin-transform-property-literals@https://registry.npmjs.org/@babel/plugin-transform-property-literals/-/plugin-transform-property-literals-7.25.9.tgz. Extracting by manifest.
2718 silly tarball no local data for @babel/plugin-transform-private-methods@https://registry.npmjs.org/@babel/plugin-transform-private-methods/-/plugin-transform-private-methods-7.25.9.tgz. Extracting by manifest.
2719 silly tarball no local data for @babel/plugin-transform-private-property-in-object@https://registry.npmjs.org/@babel/plugin-transform-private-property-in-object/-/plugin-transform-private-property-in-object-7.25.9.tgz. Extracting by manifest.
2720 silly tarball no local data for @babel/plugin-transform-optional-chaining@https://registry.npmjs.org/@babel/plugin-transform-optional-chaining/-/plugin-transform-optional-chaining-7.25.9.tgz. Extracting by manifest.
2721 silly tarball no local data for @babel/plugin-transform-optional-catch-binding@https://registry.npmjs.org/@babel/plugin-transform-optional-catch-binding/-/plugin-transform-optional-catch-binding-7.25.9.tgz. Extracting by manifest.
2722 silly tarball no local data for @babel/plugin-transform-parameters@https://registry.npmjs.org/@babel/plugin-transform-parameters/-/plugin-transform-parameters-7.25.9.tgz. Extracting by manifest.
2723 silly tarball no local data for @babel/plugin-transform-object-rest-spread@https://registry.npmjs.org/@babel/plugin-transform-object-rest-spread/-/plugin-transform-object-rest-spread-7.25.9.tgz. Extracting by manifest.
2724 silly tarball no local data for @babel/plugin-transform-object-super@https://registry.npmjs.org/@babel/plugin-transform-object-super/-/plugin-transform-object-super-7.25.9.tgz. Extracting by manifest.
2725 silly tarball no local data for @babel/plugin-transform-numeric-separator@https://registry.npmjs.org/@babel/plugin-transform-numeric-separator/-/plugin-transform-numeric-separator-7.25.9.tgz. Extracting by manifest.
2726 silly tarball no local data for @babel/plugin-transform-nullish-coalescing-operator@https://registry.npmjs.org/@babel/plugin-transform-nullish-coalescing-operator/-/plugin-transform-nullish-coalescing-operator-7.26.6.tgz. Extracting by manifest.
2727 silly tarball no local data for @babel/plugin-transform-named-capturing-groups-regex@https://registry.npmjs.org/@babel/plugin-transform-named-capturing-groups-regex/-/plugin-transform-named-capturing-groups-regex-7.25.9.tgz. Extracting by manifest.
2728 silly tarball no local data for @babel/plugin-transform-new-target@https://registry.npmjs.org/@babel/plugin-transform-new-target/-/plugin-transform-new-target-7.25.9.tgz. Extracting by manifest.
2729 silly tarball no local data for @babel/plugin-transform-modules-umd@https://registry.npmjs.org/@babel/plugin-transform-modules-umd/-/plugin-transform-modules-umd-7.25.9.tgz. Extracting by manifest.
2730 silly tarball no local data for @babel/plugin-transform-modules-amd@https://registry.npmjs.org/@babel/plugin-transform-modules-amd/-/plugin-transform-modules-amd-7.25.9.tgz. Extracting by manifest.
2731 silly tarball no local data for @babel/plugin-transform-logical-assignment-operators@https://registry.npmjs.org/@babel/plugin-transform-logical-assignment-operators/-/plugin-transform-logical-assignment-operators-7.25.9.tgz. Extracting by manifest.
2732 silly tarball no local data for @babel/plugin-transform-modules-commonjs@https://registry.npmjs.org/@babel/plugin-transform-modules-commonjs/-/plugin-transform-modules-commonjs-7.26.3.tgz. Extracting by manifest.
2733 silly tarball no local data for @babel/plugin-transform-modules-systemjs@https://registry.npmjs.org/@babel/plugin-transform-modules-systemjs/-/plugin-transform-modules-systemjs-7.25.9.tgz. Extracting by manifest.
2734 silly tarball no local data for @babel/plugin-transform-member-expression-literals@https://registry.npmjs.org/@babel/plugin-transform-member-expression-literals/-/plugin-transform-member-expression-literals-7.25.9.tgz. Extracting by manifest.
2735 silly tarball no local data for @babel/plugin-transform-literals@https://registry.npmjs.org/@babel/plugin-transform-literals/-/plugin-transform-literals-7.25.9.tgz. Extracting by manifest.
2736 silly tarball no local data for @babel/plugin-transform-function-name@https://registry.npmjs.org/@babel/plugin-transform-function-name/-/plugin-transform-function-name-7.25.9.tgz. Extracting by manifest.
2737 silly tarball no local data for @babel/plugin-transform-json-strings@https://registry.npmjs.org/@babel/plugin-transform-json-strings/-/plugin-transform-json-strings-7.25.9.tgz. Extracting by manifest.
2738 silly tarball no local data for @babel/plugin-transform-export-namespace-from@https://registry.npmjs.org/@babel/plugin-transform-export-namespace-from/-/plugin-transform-export-namespace-from-7.25.9.tgz. Extracting by manifest.
2739 silly tarball no local data for @babel/plugin-transform-exponentiation-operator@https://registry.npmjs.org/@babel/plugin-transform-exponentiation-operator/-/plugin-transform-exponentiation-operator-7.26.3.tgz. Extracting by manifest.
2740 silly tarball no local data for @babel/plugin-transform-dynamic-import@https://registry.npmjs.org/@babel/plugin-transform-dynamic-import/-/plugin-transform-dynamic-import-7.25.9.tgz. Extracting by manifest.
2741 silly tarball no local data for @babel/plugin-transform-destructuring@https://registry.npmjs.org/@babel/plugin-transform-destructuring/-/plugin-transform-destructuring-7.25.9.tgz. Extracting by manifest.
2742 silly tarball no local data for @babel/plugin-transform-for-of@https://registry.npmjs.org/@babel/plugin-transform-for-of/-/plugin-transform-for-of-7.26.9.tgz. Extracting by manifest.
2743 silly tarball no local data for @babel/plugin-transform-dotall-regex@https://registry.npmjs.org/@babel/plugin-transform-dotall-regex/-/plugin-transform-dotall-regex-7.25.9.tgz. Extracting by manifest.
2744 silly tarball no local data for @babel/plugin-transform-duplicate-named-capturing-groups-regex@https://registry.npmjs.org/@babel/plugin-transform-duplicate-named-capturing-groups-regex/-/plugin-transform-duplicate-named-capturing-groups-regex-7.25.9.tgz. Extracting by manifest.
2745 silly tarball no local data for @babel/plugin-transform-duplicate-keys@https://registry.npmjs.org/@babel/plugin-transform-duplicate-keys/-/plugin-transform-duplicate-keys-7.25.9.tgz. Extracting by manifest.
2746 silly tarball no local data for @babel/plugin-transform-computed-properties@https://registry.npmjs.org/@babel/plugin-transform-computed-properties/-/plugin-transform-computed-properties-7.25.9.tgz. Extracting by manifest.
2747 silly tarball no local data for @babel/plugin-transform-class-properties@https://registry.npmjs.org/@babel/plugin-transform-class-properties/-/plugin-transform-class-properties-7.25.9.tgz. Extracting by manifest.
2748 silly tarball no local data for @babel/plugin-transform-classes@https://registry.npmjs.org/@babel/plugin-transform-classes/-/plugin-transform-classes-7.25.9.tgz. Extracting by manifest.
2749 silly tarball no local data for @babel/plugin-transform-class-static-block@https://registry.npmjs.org/@babel/plugin-transform-class-static-block/-/plugin-transform-class-static-block-7.26.0.tgz. Extracting by manifest.
2750 silly tarball no local data for @babel/plugin-transform-block-scoping@https://registry.npmjs.org/@babel/plugin-transform-block-scoping/-/plugin-transform-block-scoping-7.25.9.tgz. Extracting by manifest.
2751 silly tarball no local data for @babel/plugin-transform-async-to-generator@https://registry.npmjs.org/@babel/plugin-transform-async-to-generator/-/plugin-transform-async-to-generator-7.25.9.tgz. Extracting by manifest.
2752 silly tarball no local data for @babel/plugin-transform-block-scoped-functions@https://registry.npmjs.org/@babel/plugin-transform-block-scoped-functions/-/plugin-transform-block-scoped-functions-7.26.5.tgz. Extracting by manifest.
2753 silly tarball no local data for @babel/plugin-transform-async-generator-functions@https://registry.npmjs.org/@babel/plugin-transform-async-generator-functions/-/plugin-transform-async-generator-functions-7.26.8.tgz. Extracting by manifest.
2754 silly tarball no local data for @babel/plugin-transform-arrow-functions@https://registry.npmjs.org/@babel/plugin-transform-arrow-functions/-/plugin-transform-arrow-functions-7.25.9.tgz. Extracting by manifest.
2755 silly tarball no local data for @babel/plugin-syntax-import-assertions@https://registry.npmjs.org/@babel/plugin-syntax-import-assertions/-/plugin-syntax-import-assertions-7.26.0.tgz. Extracting by manifest.
2756 silly tarball no local data for @babel/plugin-proposal-private-property-in-object@https://registry.npmjs.org/@babel/plugin-proposal-private-property-in-object/-/plugin-proposal-private-property-in-object-7.21.0-placeholder-for-preset-env.2.tgz. Extracting by manifest.
2757 silly tarball no local data for @babel/plugin-syntax-unicode-sets-regex@https://registry.npmjs.org/@babel/plugin-syntax-unicode-sets-regex/-/plugin-syntax-unicode-sets-regex-7.18.6.tgz. Extracting by manifest.
2758 silly tarball no local data for @babel/plugin-syntax-import-attributes@https://registry.npmjs.org/@babel/plugin-syntax-import-attributes/-/plugin-syntax-import-attributes-7.26.0.tgz. Extracting by manifest.
2759 silly tarball no local data for @babel/plugin-bugfix-v8-spread-parameters-in-optional-chaining@https://registry.npmjs.org/@babel/plugin-bugfix-v8-spread-parameters-in-optional-chaining/-/plugin-bugfix-v8-spread-parameters-in-optional-chaining-7.25.9.tgz. Extracting by manifest.
2760 silly tarball no local data for @babel/plugin-bugfix-safari-class-field-initializer-scope@https://registry.npmjs.org/@babel/plugin-bugfix-safari-class-field-initializer-scope/-/plugin-bugfix-safari-class-field-initializer-scope-7.25.9.tgz. Extracting by manifest.
2761 silly tarball no local data for @babel/plugin-bugfix-safari-id-destructuring-collision-in-function-expression@https://registry.npmjs.org/@babel/plugin-bugfix-safari-id-destructuring-collision-in-function-expression/-/plugin-bugfix-safari-id-destructuring-collision-in-function-expression-7.25.9.tgz. Extracting by manifest.
2762 silly tarball no local data for @babel/plugin-bugfix-v8-static-class-fields-redefine-readonly@https://registry.npmjs.org/@babel/plugin-bugfix-v8-static-class-fields-redefine-readonly/-/plugin-bugfix-v8-static-class-fields-redefine-readonly-7.25.9.tgz. Extracting by manifest.
2763 silly tarball no local data for @babel/helper-plugin-utils@https://registry.npmjs.org/@babel/helper-plugin-utils/-/helper-plugin-utils-7.26.5.tgz. Extracting by manifest.
2764 silly tarball no local data for @babel/plugin-bugfix-firefox-class-in-computed-class-key@https://registry.npmjs.org/@babel/plugin-bugfix-firefox-class-in-computed-class-key/-/plugin-bugfix-firefox-class-in-computed-class-key-7.25.9.tgz. Extracting by manifest.
2765 silly tarball no local data for @babel/helper-module-imports@https://registry.npmjs.org/@babel/helper-module-imports/-/helper-module-imports-7.25.9.tgz. Extracting by manifest.
2766 silly tarball no local data for @babel/helper-validator-option@https://registry.npmjs.org/@babel/helper-validator-option/-/helper-validator-option-7.25.9.tgz. Extracting by manifest.
2767 silly tarball no local data for lru-cache@https://registry.npmjs.org/lru-cache/-/lru-cache-5.1.1.tgz. Extracting by manifest.
2768 silly tarball no local data for browserslist@https://registry.npmjs.org/browserslist/-/browserslist-4.24.4.tgz. Extracting by manifest.
2769 silly tarball no local data for picocolors@https://registry.npmjs.org/picocolors/-/picocolors-1.1.1.tgz. Extracting by manifest.
2770 silly tarball no local data for @babel/compat-data@https://registry.npmjs.org/@babel/compat-data/-/compat-data-7.26.8.tgz. Extracting by manifest.
2771 silly tarball no local data for @babel/helper-validator-identifier@https://registry.npmjs.org/@babel/helper-validator-identifier/-/helper-validator-identifier-7.25.9.tgz. Extracting by manifest.
2772 silly tarball no local data for @jridgewell/trace-mapping@https://registry.npmjs.org/@jridgewell/trace-mapping/-/trace-mapping-0.3.25.tgz. Extracting by manifest.
2773 silly tarball no local data for js-tokens@https://registry.npmjs.org/js-tokens/-/js-tokens-4.0.0.tgz. Extracting by manifest.
2774 silly tarball no local data for json5@https://registry.npmjs.org/json5/-/json5-2.2.3.tgz. Extracting by manifest.
2775 silly tarball no local data for @jridgewell/gen-mapping@https://registry.npmjs.org/@jridgewell/gen-mapping/-/gen-mapping-0.3.8.tgz. Extracting by manifest.
2776 silly tarball no local data for jsesc@https://registry.npmjs.org/jsesc/-/jsesc-3.1.0.tgz. Extracting by manifest.
2777 silly tarball no local data for @babel/types@https://registry.npmjs.org/@babel/types/-/types-7.26.9.tgz. Extracting by manifest.
2778 silly tarball no local data for semver@https://registry.npmjs.org/semver/-/semver-6.3.1.tgz. Extracting by manifest.
2779 silly tarball no local data for debug@https://registry.npmjs.org/debug/-/debug-4.4.0.tgz. Extracting by manifest.
2780 silly tarball no local data for convert-source-map@https://registry.npmjs.org/convert-source-map/-/convert-source-map-2.0.0.tgz. Extracting by manifest.
2781 silly tarball no local data for @babel/parser@https://registry.npmjs.org/@babel/parser/-/parser-7.26.9.tgz. Extracting by manifest.
2782 silly tarball no local data for @babel/template@https://registry.npmjs.org/@babel/template/-/template-7.26.9.tgz. Extracting by manifest.
2783 silly tarball no local data for gensync@https://registry.npmjs.org/gensync/-/gensync-1.0.0-beta.2.tgz. Extracting by manifest.
2784 silly tarball no local data for @babel/helper-compilation-targets@https://registry.npmjs.org/@babel/helper-compilation-targets/-/helper-compilation-targets-7.26.5.tgz. Extracting by manifest.
2785 silly tarball no local data for @babel/traverse@https://registry.npmjs.org/@babel/traverse/-/traverse-7.26.9.tgz. Extracting by manifest.
2786 silly tarball no local data for @babel/generator@https://registry.npmjs.org/@babel/generator/-/generator-7.26.9.tgz. Extracting by manifest.
2787 silly tarball no local data for @ampproject/remapping@https://registry.npmjs.org/@ampproject/remapping/-/remapping-2.3.0.tgz. Extracting by manifest.
2788 silly tarball no local data for @babel/code-frame@https://registry.npmjs.org/@babel/code-frame/-/code-frame-7.26.2.tgz. Extracting by manifest.
2789 silly tarball no local data for @babel/helper-module-transforms@https://registry.npmjs.org/@babel/helper-module-transforms/-/helper-module-transforms-7.26.0.tgz. Extracting by manifest.
2790 silly tarball no local data for webpack-dev-server@https://registry.npmjs.org/webpack-dev-server/-/webpack-dev-server-5.2.0.tgz. Extracting by manifest.
2791 silly tarball no local data for styled-components@https://registry.npmjs.org/styled-components/-/styled-components-6.1.15.tgz. Extracting by manifest.
2792 silly tarball no local data for react-router-dom@https://registry.npmjs.org/react-router-dom/-/react-router-dom-6.29.0.tgz. Extracting by manifest.
2793 silly tarball no local data for style-loader@https://registry.npmjs.org/style-loader/-/style-loader-3.3.4.tgz. Extracting by manifest.
2794 silly tarball no local data for @babel/helpers@https://registry.npmjs.org/@babel/helpers/-/helpers-7.26.9.tgz. Extracting by manifest.
2795 silly tarball no local data for webpack-cli@https://registry.npmjs.org/webpack-cli/-/webpack-cli-5.1.4.tgz. Extracting by manifest.
2796 silly tarball no local data for html-webpack-plugin@https://registry.npmjs.org/html-webpack-plugin/-/html-webpack-plugin-5.6.3.tgz. Extracting by manifest.
2797 silly tarball no local data for css-loader@https://registry.npmjs.org/css-loader/-/css-loader-6.11.0.tgz. Extracting by manifest.
2798 silly tarball no local data for react-dom@https://registry.npmjs.org/react-dom/-/react-dom-18.3.1.tgz. Extracting by manifest.
2799 silly tarball no local data for babel-loader@https://registry.npmjs.org/babel-loader/-/babel-loader-9.2.1.tgz. Extracting by manifest.
2800 silly tarball no local data for webpack@https://registry.npmjs.org/webpack/-/webpack-5.98.0.tgz. Extracting by manifest.
2801 silly tarball no local data for @mui/material@https://registry.npmjs.org/@mui/material/-/material-5.16.14.tgz. Extracting by manifest.
2802 silly tarball no local data for @babel/preset-react@https://registry.npmjs.org/@babel/preset-react/-/preset-react-7.26.3.tgz. Extracting by manifest.
2803 silly tarball no local data for @babel/core@https://registry.npmjs.org/@babel/core/-/core-7.26.9.tgz. Extracting by manifest.
2804 silly tarball no local data for react@https://registry.npmjs.org/react/-/react-18.3.1.tgz. Extracting by manifest.
2805 silly tarball no local data for @emotion/styled@https://registry.npmjs.org/@emotion/styled/-/styled-11.14.0.tgz. Extracting by manifest.
2806 silly tarball no local data for @emotion/react@https://registry.npmjs.org/@emotion/react/-/react-11.14.0.tgz. Extracting by manifest.
2807 silly tarball no local data for string_decoder@https://registry.npmjs.org/string_decoder/-/string_decoder-1.1.1.tgz. Extracting by manifest.
2808 silly tarball no local data for @babel/preset-env@https://registry.npmjs.org/@babel/preset-env/-/preset-env-7.26.9.tgz. Extracting by manifest.
2809 silly tarball no local data for debug@https://registry.npmjs.org/debug/-/debug-2.6.9.tgz. Extracting by manifest.
2810 silly tarball no local data for safe-buffer@https://registry.npmjs.org/safe-buffer/-/safe-buffer-5.1.2.tgz. Extracting by manifest.
2811 silly tarball no local data for ms@https://registry.npmjs.org/ms/-/ms-2.0.0.tgz. Extracting by manifest.
2812 silly tarball no local data for encodeurl@https://registry.npmjs.org/encodeurl/-/encodeurl-1.0.2.tgz. Extracting by manifest.
2813 silly tarball no local data for readable-stream@https://registry.npmjs.org/readable-stream/-/readable-stream-2.3.8.tgz. Extracting by manifest.
2814 silly tarball no local data for ms@https://registry.npmjs.org/ms/-/ms-2.0.0.tgz. Extracting by manifest.
2815 silly tarball no local data for ipaddr.js@https://registry.npmjs.org/ipaddr.js/-/ipaddr.js-1.9.1.tgz. Extracting by manifest.
2816 silly tarball no local data for debug@https://registry.npmjs.org/debug/-/debug-2.6.9.tgz. Extracting by manifest.
2817 silly tarball no local data for negotiator@https://registry.npmjs.org/negotiator/-/negotiator-0.6.3.tgz. Extracting by manifest.
2818 silly tarball no local data for ms@https://registry.npmjs.org/ms/-/ms-2.0.0.tgz. Extracting by manifest.
2819 silly tarball no local data for debug@https://registry.npmjs.org/debug/-/debug-2.6.9.tgz. Extracting by manifest.
2820 silly tarball no local data for statuses@https://registry.npmjs.org/statuses/-/statuses-1.5.0.tgz. Extracting by manifest.
2821 silly tarball no local data for setprototypeof@https://registry.npmjs.org/setprototypeof/-/setprototypeof-1.1.0.tgz. Extracting by manifest.
2822 silly tarball no local data for depd@https://registry.npmjs.org/depd/-/depd-1.1.2.tgz. Extracting by manifest.
2823 silly tarball no local data for inherits@https://registry.npmjs.org/inherits/-/inherits-2.0.3.tgz. Extracting by manifest.
2824 silly tarball no local data for http-errors@https://registry.npmjs.org/http-errors/-/http-errors-1.6.3.tgz. Extracting by manifest.
2825 silly tarball no local data for ms@https://registry.npmjs.org/ms/-/ms-2.0.0.tgz. Extracting by manifest.
2826 silly tarball no local data for debug@https://registry.npmjs.org/debug/-/debug-2.6.9.tgz. Extracting by manifest.
2827 silly tarball no local data for ms@https://registry.npmjs.org/ms/-/ms-2.0.0.tgz. Extracting by manifest.
2828 silly tarball no local data for debug@https://registry.npmjs.org/debug/-/debug-2.6.9.tgz. Extracting by manifest.
2829 silly tarball no local data for debug@https://registry.npmjs.org/debug/-/debug-2.6.9.tgz. Extracting by manifest.
2830 silly tarball no local data for @types/express-serve-static-core@https://registry.npmjs.org/@types/express-serve-static-core/-/express-serve-static-core-4.19.6.tgz. Extracting by manifest.
2831 silly tarball no local data for ms@https://registry.npmjs.org/ms/-/ms-2.0.0.tgz. Extracting by manifest.
2832 silly tarball no local data for resolve-from@https://registry.npmjs.org/resolve-from/-/resolve-from-5.0.0.tgz. Extracting by manifest.
2833 silly tarball no local data for p-limit@https://registry.npmjs.org/p-limit/-/p-limit-2.3.0.tgz. Extracting by manifest.
2834 silly tarball no local data for path-exists@https://registry.npmjs.org/path-exists/-/path-exists-4.0.0.tgz. Extracting by manifest.
2835 silly tarball no local data for find-up@https://registry.npmjs.org/find-up/-/find-up-4.1.0.tgz. Extracting by manifest.
2836 silly tarball no local data for p-locate@https://registry.npmjs.org/p-locate/-/p-locate-4.1.0.tgz. Extracting by manifest.
2837 silly tarball no local data for locate-path@https://registry.npmjs.org/locate-path/-/locate-path-5.0.0.tgz. Extracting by manifest.
2838 silly tarball no local data for source-map@https://registry.npmjs.org/source-map/-/source-map-0.6.1.tgz. Extracting by manifest.
2839 silly tarball no local data for pkg-dir@https://registry.npmjs.org/pkg-dir/-/pkg-dir-4.2.0.tgz. Extracting by manifest.
2840 silly tarball no local data for estraverse@https://registry.npmjs.org/estraverse/-/estraverse-5.3.0.tgz. Extracting by manifest.
2841 silly tarball no local data for jsesc@https://registry.npmjs.org/jsesc/-/jsesc-3.0.2.tgz. Extracting by manifest.
2842 silly tarball no local data for commander@https://registry.npmjs.org/commander/-/commander-2.20.3.tgz. Extracting by manifest.
2843 silly tarball no local data for source-map@https://registry.npmjs.org/source-map/-/source-map-0.6.1.tgz. Extracting by manifest.
2844 silly tarball no local data for react-is@https://registry.npmjs.org/react-is/-/react-is-16.13.1.tgz. Extracting by manifest.
2845 silly tarball no local data for react-is@https://registry.npmjs.org/react-is/-/react-is-16.13.1.tgz. Extracting by manifest.
2846 silly tarball no local data for convert-source-map@https://registry.npmjs.org/convert-source-map/-/convert-source-map-1.9.0.tgz. Extracting by manifest.
2847 silly tarball no local data for @emotion/memoize@https://registry.npmjs.org/@emotion/memoize/-/memoize-0.8.1.tgz. Extracting by manifest.
2848 silly tarball no local data for tslib@https://registry.npmjs.org/tslib/-/tslib-2.6.2.tgz. Extracting by manifest.
2849 silly tarball no local data for commander@https://registry.npmjs.org/commander/-/commander-10.0.1.tgz. Extracting by manifest.
2850 silly tarball no local data for @emotion/unitless@https://registry.npmjs.org/@emotion/unitless/-/unitless-0.8.1.tgz. Extracting by manifest.
2851 silly tarball no local data for stylis@https://registry.npmjs.org/stylis/-/stylis-4.3.2.tgz. Extracting by manifest.
2852 silly tarball no local data for @emotion/is-prop-valid@https://registry.npmjs.org/@emotion/is-prop-valid/-/is-prop-valid-1.2.2.tgz. Extracting by manifest.
2853 silly tarball no local data for postcss@https://registry.npmjs.org/postcss/-/postcss-8.4.49.tgz. Extracting by manifest.
2854 silly tarball no local data for semver@https://registry.npmjs.org/semver/-/semver-7.7.1.tgz. Extracting by manifest.
2855 http fetch POST 200 https://registry.npmjs.org/-/npm/v1/security/advisories/bulk 741ms
2856 timing auditReport:getReport Completed in 750ms
2857 silly audit report {}
2858 timing auditReport:init Completed in 0ms
2859 timing reify:audit Completed in 751ms
2860 http fetch GET 200 https://registry.npmjs.org/isobject/-/isobject-3.0.1.tgz 886ms (cache miss)
2861 http fetch GET 200 https://registry.npmjs.org/core-util-is/-/core-util-is-1.0.3.tgz 887ms (cache miss)
2862 http fetch GET 200 https://registry.npmjs.org/flat/-/flat-5.0.2.tgz 884ms (cache miss)
2863 http fetch GET 200 https://registry.npmjs.org/p-try/-/p-try-2.2.0.tgz 889ms (cache miss)
2864 http fetch GET 200 https://registry.npmjs.org/clone-deep/-/clone-deep-4.0.1.tgz 884ms (cache miss)
2865 http fetch GET 200 https://registry.npmjs.org/http-parser-js/-/http-parser-js-0.5.9.tgz 886ms (cache miss)
2866 http fetch GET 200 https://registry.npmjs.org/isexe/-/isexe-2.0.0.tgz 889ms (cache miss)
2867 http fetch GET 200 https://registry.npmjs.org/wildcard/-/wildcard-2.0.1.tgz 885ms (cache miss)
2868 http fetch GET 200 https://registry.npmjs.org/shallow-clone/-/shallow-clone-3.0.1.tgz 891ms (cache miss)
2869 http fetch GET 200 https://registry.npmjs.org/websocket-extensions/-/websocket-extensions-0.1.4.tgz 903ms (cache miss)
2870 http fetch GET 200 https://registry.npmjs.org/isarray/-/isarray-1.0.0.tgz 905ms (cache miss)
2871 timing reifyNode:node_modules/clone-deep Completed in 1076ms
2872 http fetch GET 200 https://registry.npmjs.org/is-plain-object/-/is-plain-object-2.0.4.tgz 902ms (cache miss)
2873 http fetch GET 200 https://registry.npmjs.org/process-nextick-args/-/process-nextick-args-2.0.1.tgz 908ms (cache miss)
2874 timing reifyNode:node_modules/process-nextick-args Completed in 1078ms
2875 http fetch GET 200 https://registry.npmjs.org/tree-dump/-/tree-dump-1.0.2.tgz 912ms (cache miss)
2876 timing reifyNode:node_modules/core-util-is Completed in 1090ms
2877 timing reifyNode:node_modules/shallow-clone Completed in 1090ms
2878 http fetch GET 200 https://registry.npmjs.org/media-typer/-/media-typer-0.3.0.tgz 911ms (cache miss)
2879 http fetch GET 200 https://registry.npmjs.org/kind-of/-/kind-of-6.0.3.tgz 927ms (cache miss)
2880 http fetch GET 200 https://registry.npmjs.org/is-number/-/is-number-7.0.0.tgz 921ms (cache miss)
2881 http fetch GET 200 https://registry.npmjs.org/minimalistic-assert/-/minimalistic-assert-1.0.1.tgz 938ms (cache miss)
2882 http fetch GET 200 https://registry.npmjs.org/string_decoder/-/string_decoder-1.3.0.tgz 936ms (cache miss)
2883 http fetch GET 200 https://registry.npmjs.org/@jsonjoy.com/base64/-/base64-1.1.2.tgz 941ms (cache miss)
2884 timing reifyNode:node_modules/minimalistic-assert Completed in 1116ms
2885 http fetch GET 200 https://registry.npmjs.org/obuf/-/obuf-1.1.2.tgz 937ms (cache miss)
2886 http fetch GET 200 https://registry.npmjs.org/handle-thing/-/handle-thing-2.0.1.tgz 932ms (cache miss)
2887 timing reifyNode:node_modules/http-parser-js Completed in 1130ms
2888 timing reifyNode:node_modules/isobject Completed in 1131ms
2889 timing reifyNode:node_modules/is-plain-object Completed in 1131ms
2890 timing reifyNode:node_modules/p-try Completed in 1133ms
2891 timing reifyNode:node_modules/is-number Completed in 1132ms
2892 http fetch GET 200 https://registry.npmjs.org/select-hose/-/select-hose-2.0.0.tgz 946ms (cache miss)
2893 http fetch GET 200 https://registry.npmjs.org/faye-websocket/-/faye-websocket-0.11.4.tgz 943ms (cache miss)
2894 http fetch GET 200 https://registry.npmjs.org/get-proto/-/get-proto-1.0.1.tgz 943ms (cache miss)
2895 timing reifyNode:node_modules/kind-of Completed in 1146ms
2896 timing reifyNode:node_modules/string_decoder Completed in 1145ms
2897 http fetch GET 200 https://registry.npmjs.org/http-deceiver/-/http-deceiver-1.2.7.tgz 961ms (cache miss)
2898 http fetch GET 200 https://registry.npmjs.org/detect-node/-/detect-node-2.1.0.tgz 965ms (cache miss)
2899 http fetch GET 200 https://registry.npmjs.org/get-intrinsic/-/get-intrinsic-1.3.0.tgz 956ms (cache miss)
2900 http fetch GET 200 https://registry.npmjs.org/gopd/-/gopd-1.2.0.tgz 958ms (cache miss)
2901 http fetch GET 200 https://registry.npmjs.org/es-object-atoms/-/es-object-atoms-1.1.1.tgz 958ms (cache miss)
2902 http fetch GET 200 https://registry.npmjs.org/call-bind-apply-helpers/-/call-bind-apply-helpers-1.0.2.tgz 966ms (cache miss)
2903 http fetch GET 200 https://registry.npmjs.org/wbuf/-/wbuf-1.7.3.tgz 973ms (cache miss)
2904 http fetch GET 200 https://registry.npmjs.org/has-symbols/-/has-symbols-1.1.0.tgz 969ms (cache miss)
2905 http fetch GET 200 https://registry.npmjs.org/side-channel-list/-/side-channel-list-1.0.0.tgz 968ms (cache miss)
2906 http fetch GET 200 https://registry.npmjs.org/call-bound/-/call-bound-1.0.3.tgz 980ms (cache miss)
2907 timing reifyNode:node_modules/media-typer Completed in 1176ms
2908 http fetch GET 200 https://registry.npmjs.org/es-define-property/-/es-define-property-1.0.1.tgz 986ms (cache miss)
2909 http fetch GET 200 https://registry.npmjs.org/batch/-/batch-0.6.1.tgz 995ms (cache miss)
2910 http fetch GET 200 https://registry.npmjs.org/es-errors/-/es-errors-1.3.0.tgz 993ms (cache miss)
2911 http fetch GET 200 https://registry.npmjs.org/forwarded/-/forwarded-0.2.0.tgz 994ms (cache miss)
2912 http fetch GET 200 https://registry.npmjs.org/side-channel/-/side-channel-1.1.0.tgz 995ms (cache miss)
2913 http fetch GET 200 https://registry.npmjs.org/mime/-/mime-1.6.0.tgz 993ms (cache miss)
2914 timing reifyNode:node_modules/wbuf Completed in 1194ms
2915 http fetch GET 200 https://registry.npmjs.org/side-channel-map/-/side-channel-map-1.0.1.tgz 1002ms (cache miss)
2916 http fetch GET 200 https://registry.npmjs.org/retry/-/retry-0.13.1.tgz 1005ms (cache miss)
2917 http fetch GET 200 https://registry.npmjs.org/is-network-error/-/is-network-error-1.1.0.tgz 1003ms (cache miss)
2918 http fetch GET 200 https://registry.npmjs.org/@types/node-forge/-/node-forge-1.3.11.tgz 1021ms (cache miss)
2919 http fetch GET 200 https://registry.npmjs.org/run-applescript/-/run-applescript-7.0.0.tgz 1014ms (cache miss)
2920 http fetch GET 200 https://registry.npmjs.org/bundle-name/-/bundle-name-4.1.0.tgz 1013ms (cache miss)
2921 http fetch GET 200 https://registry.npmjs.org/default-browser-id/-/default-browser-id-5.0.0.tgz 1015ms (cache miss)
2922 http fetch GET 200 https://registry.npmjs.org/is-docker/-/is-docker-3.0.0.tgz 1015ms (cache miss)
2923 http fetch GET 200 https://registry.npmjs.org/is-inside-container/-/is-inside-container-1.0.0.tgz 1013ms (cache miss)
2924 http fetch GET 200 https://registry.npmjs.org/define-lazy-prop/-/define-lazy-prop-3.0.0.tgz 1021ms (cache miss)
2925 timing reifyNode:node_modules/obuf Completed in 1229ms
2926 timing reifyNode:node_modules/bundle-name Completed in 1246ms
2927 http fetch GET 200 https://registry.npmjs.org/default-browser/-/default-browser-5.2.1.tgz 1043ms (cache miss)
2928 timing reifyNode:node_modules/default-browser-id Completed in 1248ms
2929 http fetch GET 200 https://registry.npmjs.org/@leichtgewicht/ip-codec/-/ip-codec-2.0.5.tgz 1057ms (cache miss)
2930 timing reifyNode:node_modules/detect-node Completed in 1265ms
2931 http fetch GET 200 https://registry.npmjs.org/is-extglob/-/is-extglob-2.1.1.tgz 1058ms (cache miss)
2932 http fetch GET 200 https://registry.npmjs.org/shell-quote/-/shell-quote-1.8.2.tgz 1058ms (cache miss)
2933 http fetch GET 200 https://registry.npmjs.org/ee-first/-/ee-first-1.1.1.tgz 1075ms (cache miss)
2934 timing reifyNode:node_modules/forwarded Completed in 1280ms
2935 timing reifyNode:node_modules/@types/node-forge Completed in 1280ms
2936 timing reifyNode:node_modules/flat Completed in 1284ms
2937 timing reifyNode:node_modules/ee-first Completed in 1280ms
2938 http fetch GET 200 https://registry.npmjs.org/requires-port/-/requires-port-1.0.0.tgz 1074ms (cache miss)
2939 http fetch GET 200 https://registry.npmjs.org/binary-extensions/-/binary-extensions-2.3.0.tgz 1074ms (cache miss)
2940 http fetch GET 200 https://registry.npmjs.org/safer-buffer/-/safer-buffer-2.1.2.tgz 1074ms (cache miss)
2941 http fetch GET 200 https://registry.npmjs.org/is-wsl/-/is-wsl-3.1.0.tgz 1086ms (cache miss)
2942 timing reifyNode:node_modules/is-network-error Completed in 1290ms
2943 timing reifyNode:node_modules/handle-thing Completed in 1293ms
2944 http fetch GET 200 https://registry.npmjs.org/dns-packet/-/dns-packet-5.6.1.tgz 1084ms (cache miss)
2945 timing reifyNode:node_modules/is-extglob Completed in 1290ms
2946 http fetch GET 200 https://registry.npmjs.org/follow-redirects/-/follow-redirects-1.15.9.tgz 1082ms (cache miss)
2947 http fetch GET 200 https://registry.npmjs.org/eventemitter3/-/eventemitter3-4.0.7.tgz 1083ms (cache miss)
2948 timing reifyNode:node_modules/run-applescript Completed in 1301ms
2949 timing reifyNode:node_modules/isarray Completed in 1307ms
2950 timing reifyNode:node_modules/http-deceiver Completed in 1305ms
2951 http fetch GET 200 https://registry.npmjs.org/is-plain-obj/-/is-plain-obj-3.0.0.tgz 1092ms (cache miss)
2952 http fetch GET 200 https://registry.npmjs.org/micromatch/-/micromatch-4.0.8.tgz 1091ms (cache miss)
2953 timing reifyNode:node_modules/define-lazy-prop Completed in 1311ms
2954 timing reifyNode:node_modules/is-wsl Completed in 1312ms
2955 http fetch GET 200 https://registry.npmjs.org/thunky/-/thunky-1.1.0.tgz 1107ms (cache miss)
2956 http fetch GET 200 https://registry.npmjs.org/unpipe/-/unpipe-1.0.0.tgz 1102ms (cache miss)
2957 http fetch GET 200 https://registry.npmjs.org/@types/http-proxy/-/http-proxy-1.17.16.tgz 1104ms (cache miss)
2958 timing reifyNode:node_modules/isexe Completed in 1334ms
2959 http fetch GET 200 https://registry.npmjs.org/toidentifier/-/toidentifier-1.0.1.tgz 1118ms (cache miss)
2960 timing reifyNode:node_modules/@types/http-proxy Completed in 1347ms
2961 http fetch GET 200 https://registry.npmjs.org/raw-body/-/raw-body-2.5.2.tgz 1135ms (cache miss)
2962 http fetch GET 200 https://registry.npmjs.org/to-regex-range/-/to-regex-range-5.0.1.tgz 1137ms (cache miss)
2963 http fetch GET 200 https://registry.npmjs.org/statuses/-/statuses-2.0.1.tgz 1131ms (cache miss)
2964 http fetch GET 200 https://registry.npmjs.org/utils-merge/-/utils-merge-1.0.1.tgz 1131ms (cache miss)
2965 http fetch GET 200 https://registry.npmjs.org/type-is/-/type-is-1.6.18.tgz 1132ms (cache miss)
2966 timing reifyNode:node_modules/is-docker Completed in 1363ms
2967 timing reifyNode:node_modules/is-inside-container Completed in 1363ms
2968 http fetch GET 200 https://registry.npmjs.org/inherits/-/inherits-2.0.4.tgz 1154ms (cache miss)
2969 http fetch GET 200 https://registry.npmjs.org/destroy/-/destroy-1.2.0.tgz 1149ms (cache miss)
2970 timing reifyNode:node_modules/destroy Completed in 1366ms
2971 http fetch GET 200 https://registry.npmjs.org/serve-static/-/serve-static-1.16.2.tgz 1160ms (cache miss)
2972 timing reifyNode:node_modules/micromatch Completed in 1384ms
2973 http fetch GET 200 https://registry.npmjs.org/setprototypeof/-/setprototypeof-1.2.0.tgz 1165ms (cache miss)
2974 http fetch GET 200 https://registry.npmjs.org/@types/retry/-/retry-0.12.2.tgz 1185ms (cache miss)
2975 timing reifyNode:node_modules/default-browser Completed in 1399ms
2976 timing reifyNode:node_modules/is-plain-obj Completed in 1399ms
2977 timing reifyNode:node_modules/to-regex-range Completed in 1399ms
2978 http fetch GET 200 https://registry.npmjs.org/send/-/send-0.19.0.tgz 1179ms (cache miss)
2979 http fetch GET 200 https://registry.npmjs.org/on-finished/-/on-finished-2.4.1.tgz 1178ms (cache miss)
2980 http fetch GET 200 https://registry.npmjs.org/path-to-regexp/-/path-to-regexp-0.1.12.tgz 1192ms (cache miss)
2981 timing reifyNode:node_modules/path-to-regexp Completed in 1410ms
2982 timing reifyNode:node_modules/unpipe Completed in 1417ms
2983 http fetch GET 200 https://registry.npmjs.org/proxy-addr/-/proxy-addr-2.0.7.tgz 1200ms (cache miss)
2984 timing reifyNode:node_modules/@types/retry Completed in 1428ms
2985 http fetch GET 200 https://registry.npmjs.org/merge-descriptors/-/merge-descriptors-1.0.3.tgz 1203ms (cache miss)
2986 http fetch GET 200 https://registry.npmjs.org/etag/-/etag-1.8.1.tgz 1204ms (cache miss)
2987 timing reifyNode:node_modules/toidentifier Completed in 1430ms
2988 timing reifyNode:node_modules/inherits Completed in 1431ms
2989 http fetch GET 200 https://registry.npmjs.org/range-parser/-/range-parser-1.2.1.tgz 1213ms (cache miss)
2990 http fetch GET 200 https://registry.npmjs.org/methods/-/methods-1.1.2.tgz 1212ms (cache miss)
2991 http fetch GET 200 https://registry.npmjs.org/parseurl/-/parseurl-1.3.3.tgz 1225ms (cache miss)
2992 http fetch GET 200 https://registry.npmjs.org/cookie-signature/-/cookie-signature-1.0.6.tgz 1224ms (cache miss)
2993 timing reifyNode:node_modules/@leichtgewicht/ip-codec Completed in 1450ms
2994 http fetch GET 200 https://registry.npmjs.org/cookie/-/cookie-0.7.1.tgz 1224ms (cache miss)
2995 http fetch GET 200 https://registry.npmjs.org/fresh/-/fresh-0.5.2.tgz 1229ms (cache miss)
2996 timing reifyNode:node_modules/utils-merge Completed in 1450ms
2997 timing reifyNode:node_modules/type-is Completed in 1450ms
2998 http fetch GET 200 https://registry.npmjs.org/http-errors/-/http-errors-2.0.0.tgz 1240ms (cache miss)
2999 http fetch GET 200 https://registry.npmjs.org/depd/-/depd-2.0.0.tgz 1238ms (cache miss)
3000 timing reifyNode:node_modules/batch Completed in 1468ms
3001 http fetch GET 200 https://registry.npmjs.org/escape-html/-/escape-html-1.0.3.tgz 1247ms (cache miss)
3002 http fetch GET 200 https://registry.npmjs.org/encodeurl/-/encodeurl-2.0.0.tgz 1249ms (cache miss)
3003 http fetch GET 200 https://registry.npmjs.org/accepts/-/accepts-1.3.8.tgz 1246ms (cache miss)
3004 timing reifyNode:node_modules/range-parser Completed in 1473ms
3005 http fetch GET 200 https://registry.npmjs.org/content-disposition/-/content-disposition-0.5.4.tgz 1248ms (cache miss)
3006 http fetch GET 200 https://registry.npmjs.org/array-flatten/-/array-flatten-1.1.1.tgz 1247ms (cache miss)
3007 http fetch GET 200 https://registry.npmjs.org/compressible/-/compressible-2.0.18.tgz 1243ms (cache miss)
3008 timing reifyNode:node_modules/encodeurl Completed in 1477ms
3009 timing reifyNode:node_modules/serve-static Completed in 1479ms
3010 http fetch GET 200 https://registry.npmjs.org/bytes/-/bytes-3.1.2.tgz 1247ms (cache miss)
3011 http fetch GET 200 https://registry.npmjs.org/negotiator/-/negotiator-0.6.4.tgz 1248ms (cache miss)
3012 http fetch GET 200 https://registry.npmjs.org/fill-range/-/fill-range-7.1.1.tgz 1246ms (cache miss)
3013 http fetch GET 200 https://registry.npmjs.org/finalhandler/-/finalhandler-1.3.1.tgz 1261ms (cache miss)
3014 timing reifyNode:node_modules/binary-extensions Completed in 1490ms
3015 timing reifyNode:node_modules/requires-port Completed in 1491ms
3016 timing reifyNode:node_modules/methods Completed in 1491ms
3017 timing reifyNode:node_modules/fresh Completed in 1491ms
3018 timing reifyNode:node_modules/parseurl Completed in 1491ms
3019 timing reifyNode:node_modules/http-errors Completed in 1499ms
3020 timing reifyNode:node_modules/escape-html Completed in 1500ms
3021 timing reifyNode:node_modules/proxy-addr Completed in 1500ms
3022 http fetch GET 200 https://registry.npmjs.org/vary/-/vary-1.1.2.tgz 1265ms (cache miss)
3023 timing reifyNode:node_modules/array-flatten Completed in 1500ms
3024 http fetch GET 200 https://registry.npmjs.org/content-type/-/content-type-1.0.5.tgz 1276ms (cache miss)
3025 http fetch GET 200 https://registry.npmjs.org/is-glob/-/is-glob-4.0.3.tgz 1264ms (cache miss)
3026 timing reifyNode:node_modules/retry Completed in 1505ms
3027 timing reifyNode:node_modules/select-hose Completed in 1509ms
3028 timing reifyNode:node_modules/thunky Completed in 1505ms
3029 timing reifyNode:node_modules/merge-descriptors Completed in 1510ms
3030 timing reifyNode:node_modules/on-finished Completed in 1510ms
3031 http fetch GET 200 https://registry.npmjs.org/on-headers/-/on-headers-1.0.2.tgz 1278ms (cache miss)
3032 http fetch GET 200 https://registry.npmjs.org/readdirp/-/readdirp-3.6.0.tgz 1276ms (cache miss)
3033 http fetch GET 200 https://registry.npmjs.org/anymatch/-/anymatch-3.1.3.tgz 1275ms (cache miss)
3034 http fetch GET 200 https://registry.npmjs.org/glob-parent/-/glob-parent-5.1.2.tgz 1275ms (cache miss)
3035 http fetch GET 200 https://registry.npmjs.org/braces/-/braces-3.0.3.tgz 1275ms (cache miss)
3036 timing reifyNode:node_modules/etag Completed in 1515ms
3037 timing reifyNode:node_modules/tree-dump Completed in 1522ms
3038 timing reifyNode:node_modules/safer-buffer Completed in 1519ms
3039 timing reifyNode:node_modules/statuses Completed in 1518ms
3040 timing reifyNode:node_modules/setprototypeof Completed in 1519ms
3041 http fetch GET 200 https://registry.npmjs.org/is-binary-path/-/is-binary-path-2.1.0.tgz 1287ms (cache miss)
3042 timing reifyNode:node_modules/fill-range Completed in 1527ms
3043 timing reifyNode:node_modules/cookie-signature Completed in 1529ms
3044 timing reifyNode:node_modules/follow-redirects Completed in 1533ms
3045 http fetch GET 200 https://registry.npmjs.org/multicast-dns/-/multicast-dns-7.2.5.tgz 1298ms (cache miss)
3046 http fetch GET 200 https://registry.npmjs.org/@types/mime/-/mime-1.3.5.tgz 1300ms (cache miss)
3047 http fetch GET 200 https://registry.npmjs.org/@types/http-errors/-/http-errors-2.0.4.tgz 1300ms (cache miss)
3048 http fetch GET 200 https://registry.npmjs.org/@types/body-parser/-/body-parser-1.19.5.tgz 1298ms (cache miss)
3049 http fetch GET 200 https://registry.npmjs.org/normalize-path/-/normalize-path-3.0.0.tgz 1302ms (cache miss)
3050 timing reifyNode:node_modules/is-glob Completed in 1540ms
3051 timing reifyNode:node_modules/content-type Completed in 1540ms
3052 timing reifyNode:node_modules/normalize-path Completed in 1540ms
3053 timing reifyNode:node_modules/cookie Completed in 1541ms
3054 timing reifyNode:node_modules/get-intrinsic Completed in 1548ms
3055 http fetch GET 200 https://registry.npmjs.org/@types/send/-/send-0.17.4.tgz 1314ms (cache miss)
3056 timing reifyNode:node_modules/accepts Completed in 1556ms
3057 timing reifyNode:node_modules/compressible Completed in 1556ms
3058 http fetch GET 200 https://registry.npmjs.org/@types/express-serve-static-core/-/express-serve-static-core-5.0.6.tgz 1315ms (cache miss)
3059 http fetch GET 200 https://registry.npmjs.org/@types/connect/-/connect-3.4.38.tgz 1316ms (cache miss)
3060 http fetch GET 200 https://registry.npmjs.org/@types/qs/-/qs-6.9.18.tgz 1317ms (cache miss)
3061 http fetch GET 200 https://registry.npmjs.org/@types/range-parser/-/range-parser-1.2.7.tgz 1317ms (cache miss)
3062 timing reifyNode:node_modules/@types/http-errors Completed in 1576ms
3063 timing reifyNode:node_modules/@types/body-parser Completed in 1576ms
3064 timing reifyNode:node_modules/content-disposition Completed in 1578ms
3065 timing reifyNode:node_modules/on-headers Completed in 1578ms
3066 timing reifyNode:node_modules/bytes Completed in 1578ms
3067 timing reifyNode:node_modules/raw-body Completed in 1582ms
3068 http fetch GET 200 https://registry.npmjs.org/selfsigned/-/selfsigned-2.4.1.tgz 1335ms (cache miss)
3069 timing reifyNode:node_modules/@types/send Completed in 1591ms
3070 timing reifyNode:node_modules/finalhandler Completed in 1594ms
3071 timing reifyNode:node_modules/vary Completed in 1593ms
3072 timing reifyNode:node_modules/@types/qs Completed in 1594ms
3073 timing reifyNode:node_modules/@types/connect Completed in 1595ms
3074 http fetch GET 200 https://registry.npmjs.org/launch-editor/-/launch-editor-2.10.0.tgz 1350ms (cache miss)
3075 timing reifyNode:node_modules/@types/range-parser Completed in 1595ms
3076 http fetch GET 200 https://registry.npmjs.org/p-retry/-/p-retry-6.2.1.tgz 1351ms (cache miss)
3077 http fetch GET 200 https://registry.npmjs.org/ipaddr.js/-/ipaddr.js-2.2.0.tgz 1347ms (cache miss)
3078 timing reifyNode:node_modules/send Completed in 1608ms
3079 timing reifyNode:node_modules/readdirp Completed in 1608ms
3080 timing reifyNode:node_modules/glob-parent Completed in 1608ms
3081 timing reifyNode:node_modules/anymatch Completed in 1609ms
3082 timing reifyNode:node_modules/eventemitter3 Completed in 1613ms
3083 http fetch GET 200 https://registry.npmjs.org/connect-history-api-fallback/-/connect-history-api-fallback-2.0.0.tgz 1358ms (cache miss)
3084 timing reifyNode:node_modules/is-binary-path Completed in 1626ms
3085 timing reifyNode:node_modules/mime Completed in 1632ms
3086 timing reifyNode:node_modules/@types/express-serve-static-core Completed in 1628ms
3087 http fetch GET 200 https://registry.npmjs.org/compression/-/compression-1.8.0.tgz 1378ms (cache miss)
3088 http fetch GET 200 https://registry.npmjs.org/open/-/open-10.1.0.tgz 1380ms (cache miss)
3089 http fetch GET 200 https://registry.npmjs.org/@types/serve-static/-/serve-static-1.15.7.tgz 1376ms (cache miss)
3090 http fetch GET 200 https://registry.npmjs.org/ansi-html-community/-/ansi-html-community-0.0.8.tgz 1376ms (cache miss)
3091 http fetch GET 200 https://registry.npmjs.org/@types/express/-/express-4.17.21.tgz 1376ms (cache miss)
3092 timing reifyNode:node_modules/es-define-property Completed in 1660ms
3093 timing reifyNode:node_modules/dns-packet Completed in 1665ms
3094 http fetch GET 200 https://registry.npmjs.org/@types/serve-index/-/serve-index-1.9.4.tgz 1408ms (cache miss)
3095 timing reifyNode:node_modules/depd Completed in 1693ms
3096 timing reifyNode:node_modules/call-bound Completed in 1697ms
3097 timing reifyNode:node_modules/websocket-extensions Completed in 1703ms
3098 timing reifyNode:node_modules/connect-history-api-fallback Completed in 1691ms
3099 http fetch GET 200 https://registry.npmjs.org/path-key/-/path-key-3.1.1.tgz 1437ms (cache miss)
3100 http fetch GET 200 https://registry.npmjs.org/shebang-regex/-/shebang-regex-3.0.0.tgz 1439ms (cache miss)
3101 timing reifyNode:node_modules/@types/express Completed in 1692ms
3102 http fetch GET 200 https://registry.npmjs.org/@types/bonjour/-/bonjour-3.5.13.tgz 1440ms (cache miss)
3103 http fetch GET 200 https://registry.npmjs.org/@types/ws/-/ws-8.5.14.tgz 1477ms (cache miss)
3104 timing reifyNode:node_modules/@types/serve-static Completed in 1732ms
3105 http fetch GET 200 https://registry.npmjs.org/side-channel-weakmap/-/side-channel-weakmap-1.0.2.tgz 1552ms (cache miss)
3106 http fetch GET 200 https://registry.npmjs.org/@types/sockjs/-/sockjs-0.3.36.tgz 1484ms (cache miss)
3107 timing reifyNode:node_modules/@types/serve-index Completed in 1735ms
3108 http fetch GET 200 https://registry.npmjs.org/@types/connect-history-api-fallback/-/connect-history-api-fallback-1.5.4.tgz 1517ms (cache miss)
3109 http fetch GET 200 https://registry.npmjs.org/shebang-command/-/shebang-command-2.0.0.tgz 1514ms (cache miss)
3110 http fetch GET 200 https://registry.npmjs.org/import-local/-/import-local-3.2.0.tgz 1514ms (cache miss)
3111 timing reifyNode:node_modules/@types/sockjs Completed in 1771ms
3112 http fetch GET 200 https://registry.npmjs.org/webpack-merge/-/webpack-merge-5.10.0.tgz 1517ms (cache miss)
3113 timing reifyNode:node_modules/wildcard Completed in 1785ms
3114 http fetch GET 200 https://registry.npmjs.org/which/-/which-2.0.2.tgz 1536ms (cache miss)
3115 timing reifyNode:node_modules/@types/bonjour Completed in 1791ms
3116 http fetch GET 200 https://registry.npmjs.org/fastest-levenshtein/-/fastest-levenshtein-1.0.16.tgz 1538ms (cache miss)
3117 timing reifyNode:node_modules/@types/mime Completed in 1797ms
3118 timing reifyNode:node_modules/gopd Completed in 1808ms
3119 timing reifyNode:node_modules/p-retry Completed in 1803ms
3120 http fetch GET 200 https://registry.npmjs.org/resolve-cwd/-/resolve-cwd-3.0.0.tgz 1569ms (cache miss)
3121 timing reifyNode:node_modules/shebang-command Completed in 1824ms
3122 timing reifyNode:node_modules/@types/connect-history-api-fallback Completed in 1824ms
3123 http fetch GET 200 https://registry.npmjs.org/interpret/-/interpret-3.1.1.tgz 1568ms (cache miss)
3124 http fetch GET 200 https://registry.npmjs.org/has-flag/-/has-flag-4.0.0.tgz 1564ms (cache miss)
3125 timing reifyNode:node_modules/side-channel-weakmap Completed in 1835ms
3126 http fetch GET 200 https://registry.npmjs.org/cross-spawn/-/cross-spawn-7.0.6.tgz 1568ms (cache miss)
3127 http fetch GET 200 https://registry.npmjs.org/safe-buffer/-/safe-buffer-5.2.1.tgz 1590ms (cache miss)
3128 http fetch GET 200 https://registry.npmjs.org/colorette/-/colorette-2.0.20.tgz 1590ms (cache miss)
3129 timing reifyNode:node_modules/side-channel-map Completed in 1863ms
3130 timing reifyNode:node_modules/faye-websocket Completed in 1865ms
3131 timing reifyNode:node_modules/compression Completed in 1856ms
3132 timing reifyNode:node_modules/side-channel Completed in 1884ms
3133 http fetch GET 200 https://registry.npmjs.org/serialize-javascript/-/serialize-javascript-6.0.2.tgz 1612ms (cache miss)
3134 timing reifyNode:node_modules/shebang-regex Completed in 1878ms
3135 http fetch GET 200 https://registry.npmjs.org/esrecurse/-/esrecurse-4.3.0.tgz 1613ms (cache miss)
3136 http fetch GET 200 https://registry.npmjs.org/merge-stream/-/merge-stream-2.0.0.tgz 1639ms (cache miss)
3137 timing reifyNode:node_modules/ansi-html-community Completed in 1906ms
3138 timing reifyNode:node_modules/path-key Completed in 1905ms
3139 http fetch GET 200 https://registry.npmjs.org/@webpack-cli/info/-/info-2.0.2.tgz 1651ms (cache miss)
3140 http fetch GET 200 https://registry.npmjs.org/randombytes/-/randombytes-2.1.0.tgz 1661ms (cache miss)
3141 http fetch GET 200 https://registry.npmjs.org/supports-color/-/supports-color-8.1.1.tgz 1666ms (cache miss)
3142 timing reifyNode:node_modules/resolve-cwd Completed in 1931ms
3143 timing reifyNode:node_modules/side-channel-list Completed in 1940ms
3144 timing reifyNode:node_modules/merge-stream Completed in 1931ms
3145 http fetch GET 200 https://registry.npmjs.org/@webassemblyjs/wast-printer/-/wast-printer-1.14.1.tgz 1682ms (cache miss)
3146 http fetch GET 200 https://registry.npmjs.org/@webpack-cli/configtest/-/configtest-2.1.1.tgz 1689ms (cache miss)
3147 timing reifyNode:node_modules/@types/ws Completed in 1954ms
3148 timing reifyNode:node_modules/open Completed in 1958ms
3149 timing reifyNode:node_modules/serialize-javascript Completed in 1954ms
3150 http fetch GET 200 https://registry.npmjs.org/@webassemblyjs/helper-wasm-section/-/helper-wasm-section-1.14.1.tgz 1699ms (cache miss)
3151 http fetch GET 200 https://registry.npmjs.org/@xtuc/ieee754/-/ieee754-1.2.0.tgz 1701ms (cache miss)
3152 http fetch GET 200 https://registry.npmjs.org/estraverse/-/estraverse-4.3.0.tgz 1699ms (cache miss)
3153 http fetch GET 200 https://registry.npmjs.org/@webassemblyjs/utf8/-/utf8-1.13.2.tgz 1700ms (cache miss)
3154 timing reifyNode:node_modules/has-flag Completed in 1971ms
3155 http fetch GET 200 https://registry.npmjs.org/@webpack-cli/serve/-/serve-2.0.5.tgz 1732ms (cache miss)
3156 http fetch GET 200 https://registry.npmjs.org/@webassemblyjs/wasm-opt/-/wasm-opt-1.14.1.tgz 1728ms (cache miss)
3157 timing reifyNode:node_modules/selfsigned Completed in 2005ms
3158 timing reifyNode:node_modules/ipaddr.js Completed in 2005ms
3159 timing reifyNode:node_modules/supports-color Completed in 2020ms
3160 http fetch GET 200 https://registry.npmjs.org/dunder-proto/-/dunder-proto-1.0.1.tgz 1842ms (cache miss)
3161 http fetch GET 200 https://registry.npmjs.org/@webassemblyjs/helper-wasm-bytecode/-/helper-wasm-bytecode-1.13.2.tgz 1749ms (cache miss)
3162 http fetch GET 200 https://registry.npmjs.org/@webassemblyjs/helper-api-error/-/helper-api-error-1.13.2.tgz 1749ms (cache miss)
3163 http fetch GET 200 https://registry.npmjs.org/@webassemblyjs/floating-point-hex-parser/-/floating-point-hex-parser-1.13.2.tgz 1749ms (cache miss)
3164 http fetch GET 200 https://registry.npmjs.org/@webassemblyjs/leb128/-/leb128-1.13.2.tgz 1769ms (cache miss)
3165 timing reifyNode:node_modules/which Completed in 2042ms
3166 timing reifyNode:node_modules/interpret Completed in 2041ms
3167 timing reifyNode:node_modules/import-local Completed in 2042ms
3168 timing reifyNode:node_modules/safe-buffer Completed in 2041ms
3169 timing reifyNode:node_modules/esrecurse Completed in 2041ms
3170 http fetch GET 200 https://registry.npmjs.org/@webassemblyjs/helper-buffer/-/helper-buffer-1.14.1.tgz 1772ms (cache miss)
3171 http fetch GET 200 https://registry.npmjs.org/watchpack/-/watchpack-2.4.2.tgz 1766ms (cache miss)
3172 http fetch GET 200 https://registry.npmjs.org/@webassemblyjs/wasm-gen/-/wasm-gen-1.14.1.tgz 1774ms (cache miss)
3173 http fetch GET 200 https://registry.npmjs.org/@webassemblyjs/helper-numbers/-/helper-numbers-1.13.2.tgz 1770ms (cache miss)
3174 timing reifyNode:node_modules/negotiator Completed in 2069ms
3175 timing reifyNode:node_modules/get-proto Completed in 2075ms
3176 http fetch GET 200 https://registry.npmjs.org/loader-runner/-/loader-runner-4.3.0.tgz 1785ms (cache miss)
3177 http fetch GET 200 https://registry.npmjs.org/glob-to-regexp/-/glob-to-regexp-0.4.1.tgz 1785ms (cache miss)
3178 http fetch GET 200 https://registry.npmjs.org/mime-types/-/mime-types-2.1.35.tgz 1785ms (cache miss)
3179 http fetch GET 200 https://registry.npmjs.org/graceful-fs/-/graceful-fs-4.2.11.tgz 1785ms (cache miss)
3180 timing reifyNode:node_modules/@webpack-cli/info Completed in 2082ms
3181 http fetch GET 200 https://registry.npmjs.org/@webassemblyjs/ieee754/-/ieee754-1.13.2.tgz 1811ms (cache miss)
3182 timing reifyNode:node_modules/dunder-proto Completed in 2095ms
3183 http fetch GET 200 https://registry.npmjs.org/chrome-trace-event/-/chrome-trace-event-1.0.4.tgz 1815ms (cache miss)
3184 http fetch GET 200 https://registry.npmjs.org/escalade/-/escalade-3.2.0.tgz 1814ms (cache miss)
3185 http fetch GET 200 https://registry.npmjs.org/@webassemblyjs/wasm-edit/-/wasm-edit-1.14.1.tgz 1815ms (cache miss)
3186 timing reifyNode:node_modules/@webpack-cli/configtest Completed in 2100ms
3187 timing reifyNode:node_modules/multicast-dns Completed in 2106ms
3188 timing reifyNode:node_modules/colorette Completed in 2103ms
3189 timing reifyNode:node_modules/@webassemblyjs/helper-api-error Completed in 2103ms
3190 http fetch GET 200 https://registry.npmjs.org/unicode-canonical-property-names-ecmascript/-/unicode-canonical-property-names-ecmascript-2.0.1.tgz 1855ms (cache miss)
3191 http fetch GET 200 https://registry.npmjs.org/@types/estree/-/estree-1.0.6.tgz 1855ms (cache miss)
3192 http fetch GET 200 https://registry.npmjs.org/unicode-property-aliases-ecmascript/-/unicode-property-aliases-ecmascript-2.1.0.tgz 1857ms (cache miss)
3193 http fetch GET 200 https://registry.npmjs.org/css-color-keywords/-/css-color-keywords-1.0.0.tgz 1881ms (cache miss)
3194 http fetch GET 200 https://registry.npmjs.org/shallowequal/-/shallowequal-1.1.0.tgz 1881ms (cache miss)
3195 timing reifyNode:node_modules/@webpack-cli/serve Completed in 2172ms
3196 timing reifyNode:node_modules/es-object-atoms Completed in 2183ms
3197 http fetch GET 200 https://registry.npmjs.org/ansi-regex/-/ansi-regex-5.0.1.tgz 1883ms (cache miss)
3198 http fetch GET 200 https://registry.npmjs.org/fast-deep-equal/-/fast-deep-equal-3.1.3.tgz 1880ms (cache miss)
3199 http fetch GET 200 https://registry.npmjs.org/json-schema-traverse/-/json-schema-traverse-1.0.0.tgz 1878ms (cache miss)
3200 http fetch GET 200 https://registry.npmjs.org/require-from-string/-/require-from-string-2.0.2.tgz 1879ms (cache miss)
3201 http fetch GET 200 https://registry.npmjs.org/buffer-from/-/buffer-from-1.1.2.tgz 1946ms (cache miss)
3202 timing reifyNode:node_modules/buffer-from Completed in 2231ms
3203 http fetch GET 200 https://registry.npmjs.org/camelize/-/camelize-1.0.1.tgz 1946ms (cache miss)
3204 timing reifyNode:node_modules/unicode-canonical-property-names-ecmascript Completed in 2231ms
3205 http fetch GET 200 https://registry.npmjs.org/@types/eslint-scope/-/eslint-scope-3.7.7.tgz 1948ms (cache miss)
3206 timing reifyNode:node_modules/@types/eslint-scope Completed in 2233ms
3207 timing reifyNode:node_modules/@webassemblyjs/wast-printer Completed in 2234ms
3208 http fetch GET 200 https://registry.npmjs.org/envinfo/-/envinfo-7.14.0.tgz 1981ms (cache miss)
3209 timing reifyNode:node_modules/unicode-property-aliases-ecmascript Completed in 2233ms
3210 timing reifyNode:node_modules/launch-editor Completed in 2240ms
3211 http fetch GET 200 https://registry.npmjs.org/chokidar/-/chokidar-3.6.0.tgz 1991ms (cache miss)
3212 http fetch GET 200 https://registry.npmjs.org/@types/json-schema/-/json-schema-7.0.15.tgz 1949ms (cache miss)
3213 http fetch GET 200 https://registry.npmjs.org/ajv-formats/-/ajv-formats-2.1.1.tgz 1949ms (cache miss)
3214 http fetch GET 200 https://registry.npmjs.org/@types/stylis/-/stylis-4.2.5.tgz 1956ms (cache miss)
3215 http fetch GET 200 https://registry.npmjs.org/supports-preserve-symlinks-flag/-/supports-preserve-symlinks-flag-1.0.0.tgz 1949ms (cache miss)
3216 timing reifyNode:node_modules/@xtuc/ieee754 Completed in 2257ms
3217 timing reifyNode:node_modules/@webassemblyjs/ieee754 Completed in 2257ms
3218 http fetch GET 200 https://registry.npmjs.org/rechoir/-/rechoir-0.8.0.tgz 2006ms (cache miss)
3219 timing reifyNode:node_modules/@webassemblyjs/floating-point-hex-parser Completed in 2259ms
3220 http fetch GET 200 https://registry.npmjs.org/path-parse/-/path-parse-1.0.7.tgz 1979ms (cache miss)
3221 http fetch GET 200 https://registry.npmjs.org/function-bind/-/function-bind-1.1.2.tgz 1979ms (cache miss)
3222 timing reifyNode:node_modules/require-from-string Completed in 2275ms
3223 http fetch GET 200 https://registry.npmjs.org/dom-serializer/-/dom-serializer-1.4.1.tgz 1978ms (cache miss)
3224 http fetch GET 200 https://registry.npmjs.org/is-core-module/-/is-core-module-2.16.1.tgz 1980ms (cache miss)
3225 timing reifyNode:node_modules/braces Completed in 2291ms
3226 timing reifyNode:node_modules/glob-to-regexp Completed in 2284ms
3227 timing reifyNode:node_modules/mime-types Completed in 2293ms
3228 http fetch GET 200 https://registry.npmjs.org/hasown/-/hasown-2.0.2.tgz 1998ms (cache miss)
3229 http fetch GET 200 https://registry.npmjs.org/domelementtype/-/domelementtype-2.3.0.tgz 1994ms (cache miss)
3230 timing reifyNode:node_modules/@types/stylis Completed in 2293ms
3231 http fetch GET 200 https://registry.npmjs.org/domutils/-/domutils-2.8.0.tgz 1994ms (cache miss)
3232 http fetch GET 200 https://registry.npmjs.org/strip-ansi/-/strip-ansi-6.0.1.tgz 1994ms (cache miss)
3233 http fetch GET 200 https://registry.npmjs.org/domhandler/-/domhandler-4.3.1.tgz 1993ms (cache miss)
3234 timing reifyNode:node_modules/rechoir Completed in 2301ms
3235 timing reifyNode:node_modules/estraverse Completed in 2299ms
3236 timing reifyNode:node_modules/envinfo Completed in 2301ms
3237 http fetch GET 200 https://registry.npmjs.org/picomatch/-/picomatch-2.3.1.tgz 2070ms (cache miss)
3238 timing reifyNode:node_modules/has-symbols Completed in 2312ms
3239 timing reifyNode:node_modules/chokidar Completed in 2304ms
3240 timing reifyNode:node_modules/@webassemblyjs/helper-numbers Completed in 2334ms
3241 http fetch GET 200 https://registry.npmjs.org/boolbase/-/boolbase-1.0.0.tgz 2035ms (cache miss)
3242 timing reifyNode:node_modules/boolbase Completed in 2332ms
3243 http fetch GET 200 https://registry.npmjs.org/css-what/-/css-what-6.1.0.tgz 2034ms (cache miss)
3244 timing reifyNode:node_modules/path-parse Completed in 2333ms
3245 http fetch GET 200 https://registry.npmjs.org/unicode-match-property-value-ecmascript/-/unicode-match-property-value-ecmascript-2.2.0.tgz 2034ms (cache miss)
3246 http fetch GET 200 https://registry.npmjs.org/dom-converter/-/dom-converter-0.2.0.tgz 2034ms (cache miss)
3247 http fetch GET 200 https://registry.npmjs.org/regjsgen/-/regjsgen-0.8.0.tgz 2034ms (cache miss)
3248 http fetch GET 200 https://registry.npmjs.org/unicode-match-property-ecmascript/-/unicode-match-property-ecmascript-2.0.0.tgz 2035ms (cache miss)
3249 http fetch GET 200 https://registry.npmjs.org/body-parser/-/body-parser-1.20.3.tgz 2132ms (cache miss)
3250 timing reifyNode:node_modules/@webassemblyjs/helper-buffer Completed in 2353ms
3251 timing reifyNode:node_modules/@types/json-schema Completed in 2353ms
3252 http fetch GET 200 https://registry.npmjs.org/utila/-/utila-0.4.0.tgz 2063ms (cache miss)
3253 timing reifyNode:node_modules/css-color-keywords Completed in 2371ms
3254 timing reifyNode:node_modules/@types/estree Completed in 2373ms
3255 timing reifyNode:node_modules/@webassemblyjs/wasm-opt Completed in 2374ms
3256 timing reifyNode:node_modules/picomatch Completed in 2381ms
3257 timing reifyNode:node_modules/ansi-regex Completed in 2378ms
3258 timing reifyNode:node_modules/regjsgen Completed in 2381ms
3259 http fetch GET 200 https://registry.npmjs.org/regenerate/-/regenerate-1.4.2.tgz 2076ms (cache miss)
3260 http fetch GET 200 https://registry.npmjs.org/loose-envify/-/loose-envify-1.4.0.tgz 2074ms (cache miss)
3261 timing reifyNode:node_modules/unicode-match-property-ecmascript Completed in 2382ms
3262 timing reifyNode:node_modules/loader-runner Completed in 2398ms
3263 http fetch GET 200 https://registry.npmjs.org/object-assign/-/object-assign-4.1.1.tgz 2088ms (cache miss)
3264 http fetch GET 200 https://registry.npmjs.org/cssesc/-/cssesc-3.0.0.tgz 2088ms (cache miss)
3265 http fetch GET 200 https://registry.npmjs.org/yocto-queue/-/yocto-queue-1.1.1.tgz 2087ms (cache miss)
3266 timing reifyNode:node_modules/randombytes Completed in 2418ms
3267 timing reifyNode:node_modules/body-parser Completed in 2425ms
3268 timing reifyNode:node_modules/@webassemblyjs/helper-wasm-bytecode Completed in 2418ms
3269 http fetch GET 200 https://registry.npmjs.org/nanoid/-/nanoid-3.3.8.tgz 2107ms (cache miss)
3270 http fetch GET 200 https://registry.npmjs.org/path-exists/-/path-exists-5.0.0.tgz 2107ms (cache miss)
3271 timing reifyNode:node_modules/chrome-trace-event Completed in 2423ms
3272 http fetch GET 200 https://registry.npmjs.org/mime-db/-/mime-db-1.52.0.tgz 2171ms (cache miss)
3273 timing reifyNode:node_modules/strip-ansi Completed in 2434ms
3274 timing reifyNode:node_modules/object-assign Completed in 2434ms
3275 http fetch GET 200 https://registry.npmjs.org/is-arrayish/-/is-arrayish-0.2.1.tgz 2122ms (cache miss)
3276 http fetch GET 200 https://registry.npmjs.org/find-up/-/find-up-6.3.0.tgz 2121ms (cache miss)
3277 timing reifyNode:node_modules/shallowequal Completed in 2440ms
3278 timing reifyNode:node_modules/cross-spawn Completed in 2445ms
3279 timing reifyNode:node_modules/graceful-fs Completed in 2453ms
3280 http fetch GET 200 https://registry.npmjs.org/util-deprecate/-/util-deprecate-1.0.2.tgz 2140ms (cache miss)
3281 http fetch GET 200 https://registry.npmjs.org/p-limit/-/p-limit-4.0.0.tgz 2140ms (cache miss)
3282 http fetch GET 200 https://registry.npmjs.org/p-locate/-/p-locate-6.0.0.tgz 2138ms (cache miss)
3283 http fetch GET 200 https://registry.npmjs.org/locate-path/-/locate-path-7.2.0.tgz 2138ms (cache miss)
3284 http fetch GET 200 https://registry.npmjs.org/callsites/-/callsites-3.1.0.tgz 2136ms (cache miss)
3285 http fetch GET 200 https://registry.npmjs.org/yallist/-/yallist-3.1.1.tgz 2136ms (cache miss)
3286 http fetch GET 200 https://registry.npmjs.org/json-parse-even-better-errors/-/json-parse-even-better-errors-2.3.1.tgz 2138ms (cache miss)
3287 http fetch GET 200 https://registry.npmjs.org/error-ex/-/error-ex-1.3.2.tgz 2137ms (cache miss)
3288 http fetch GET 200 https://registry.npmjs.org/lines-and-columns/-/lines-and-columns-1.2.4.tgz 2146ms (cache miss)
3289 http fetch GET 200 https://registry.npmjs.org/dot-case/-/dot-case-3.0.4.tgz 2144ms (cache miss)
3290 timing reifyNode:node_modules/mime-db Completed in 2469ms
3291 timing reifyNode:node_modules/regenerate Completed in 2466ms
3292 http fetch GET 200 https://registry.npmjs.org/lower-case/-/lower-case-2.0.2.tgz 2159ms (cache miss)
3293 http fetch GET 200 https://registry.npmjs.org/resolve-from/-/resolve-from-4.0.0.tgz 2159ms (cache miss)
3294 http fetch GET 200 https://registry.npmjs.org/no-case/-/no-case-3.0.4.tgz 2160ms (cache miss)
3295 http fetch GET 200 https://registry.npmjs.org/parent-module/-/parent-module-1.0.1.tgz 2159ms (cache miss)
3296 timing reifyNode:node_modules/unicode-match-property-value-ecmascript Completed in 2484ms
3297 timing reifyNode:node_modules/error-ex Completed in 2492ms
3298 http fetch GET 200 https://registry.npmjs.org/pascal-case/-/pascal-case-3.1.2.tgz 2169ms (cache miss)
3299 http fetch GET 200 https://registry.npmjs.org/relateurl/-/relateurl-0.2.7.tgz 2170ms (cache miss)
3300 timing reifyNode:node_modules/yocto-queue Completed in 2502ms
3301 http fetch GET 200 https://registry.npmjs.org/param-case/-/param-case-3.0.4.tgz 2178ms (cache miss)
3302 timing reifyNode:node_modules/resolve-from Completed in 2504ms
3303 timing reifyNode:node_modules/parent-module Completed in 2504ms
3304 timing reifyNode:node_modules/shell-quote Completed in 2522ms
3305 timing reifyNode:node_modules/@webassemblyjs/wasm-gen Completed in 2513ms
3306 timing reifyNode:node_modules/p-limit Completed in 2514ms
3307 timing reifyNode:node_modules/path-exists Completed in 2518ms
3308 http fetch GET 200 https://registry.npmjs.org/camel-case/-/camel-case-4.1.2.tgz 2193ms (cache miss)
3309 http fetch GET 200 https://registry.npmjs.org/pretty-error/-/pretty-error-4.0.0.tgz 2193ms (cache miss)
3310 http fetch GET 200 https://registry.npmjs.org/pkg-dir/-/pkg-dir-7.0.0.tgz 2191ms (cache miss)
3311 http fetch GET 200 https://registry.npmjs.org/@types/html-minifier-terser/-/html-minifier-terser-6.1.0.tgz 2191ms (cache miss)
3312 http fetch GET 200 https://registry.npmjs.org/postcss-value-parser/-/postcss-value-parser-4.2.0.tgz 2190ms (cache miss)
3313 timing reifyNode:node_modules/locate-path Completed in 2521ms
3314 http fetch GET 200 https://registry.npmjs.org/tapable/-/tapable-2.2.1.tgz 2207ms (cache miss)
3315 http fetch GET 200 https://registry.npmjs.org/common-path-prefix/-/common-path-prefix-3.0.0.tgz 2205ms (cache miss)
3316 http fetch GET 200 https://registry.npmjs.org/postcss-modules-extract-imports/-/postcss-modules-extract-imports-3.1.0.tgz 2204ms (cache miss)
3317 http fetch GET 200 https://registry.npmjs.org/ms/-/ms-2.1.3.tgz 2204ms (cache miss)
3318 http fetch GET 200 https://registry.npmjs.org/postcss-modules-local-by-default/-/postcss-modules-local-by-default-4.2.0.tgz 2207ms (cache miss)
3319 http fetch GET 200 https://registry.npmjs.org/postcss-modules-values/-/postcss-modules-values-4.0.0.tgz 2210ms (cache miss)
3320 http fetch GET 200 https://registry.npmjs.org/postcss-modules-scope/-/postcss-modules-scope-3.2.1.tgz 2210ms (cache miss)
3321 timing reifyNode:node_modules/p-locate Completed in 2541ms
3322 timing reifyNode:node_modules/@webassemblyjs/wasm-edit Completed in 2551ms
3323 http fetch GET 200 https://registry.npmjs.org/path-type/-/path-type-4.0.0.tgz 2213ms (cache miss)
3324 http fetch GET 200 https://registry.npmjs.org/parse-json/-/parse-json-5.2.0.tgz 2214ms (cache miss)
3325 timing reifyNode:node_modules/callsites Completed in 2552ms
3326 timing reifyNode:node_modules/json-parse-even-better-errors Completed in 2559ms
3327 timing reifyNode:node_modules/@types/html-minifier-terser Completed in 2559ms
3328 timing reifyNode:node_modules/find-up Completed in 2561ms
3329 http fetch GET 200 https://registry.npmjs.org/source-map-support/-/source-map-support-0.5.21.tgz 2282ms (cache miss)
3330 http fetch GET 200 https://registry.npmjs.org/node-releases/-/node-releases-2.0.19.tgz 2228ms (cache miss)
3331 http fetch GET 200 https://registry.npmjs.org/@types/parse-json/-/parse-json-4.0.2.tgz 2228ms (cache miss)
3332 http fetch GET 200 https://registry.npmjs.org/lodash.debounce/-/lodash.debounce-4.0.8.tgz 2228ms (cache miss)
3333 http fetch GET 200 https://registry.npmjs.org/import-fresh/-/import-fresh-3.3.1.tgz 2227ms (cache miss)
3334 http fetch GET 200 https://registry.npmjs.org/regjsparser/-/regjsparser-0.12.0.tgz 2268ms (cache miss)
3335 timing reifyNode:node_modules/ms Completed in 2574ms
3336 timing reifyNode:node_modules/lines-and-columns Completed in 2577ms
3337 timing reifyNode:node_modules/yallist Completed in 2577ms
3338 http fetch GET 200 https://registry.npmjs.org/websocket-driver/-/websocket-driver-0.7.4.tgz 2414ms (cache miss)
3339 http fetch GET 200 https://registry.npmjs.org/icss-utils/-/icss-utils-5.1.0.tgz 2249ms (cache miss)
3340 timing reifyNode:node_modules/parse-json Completed in 2581ms
3341 http fetch GET 200 https://registry.npmjs.org/find-cache-dir/-/find-cache-dir-4.0.0.tgz 2239ms (cache miss)
3342 timing reifyNode:node_modules/util-deprecate Completed in 2601ms
3343 timing reifyNode:node_modules/source-map-support Completed in 2606ms
3344 http fetch GET 200 https://registry.npmjs.org/update-browserslist-db/-/update-browserslist-db-1.1.3.tgz 2259ms (cache miss)
3345 http fetch GET 200 https://registry.npmjs.org/@types/prop-types/-/prop-types-15.7.14.tgz 2258ms (cache miss)
3346 timing reifyNode:node_modules/@types/parse-json Completed in 2603ms
3347 http fetch GET 200 https://registry.npmjs.org/react-is/-/react-is-19.0.0.tgz 2258ms (cache miss)
3348 http fetch GET 200 https://registry.npmjs.org/@types/react-transition-group/-/react-transition-group-4.4.12.tgz 2257ms (cache miss)
3349 http fetch GET 200 https://registry.npmjs.org/clsx/-/clsx-2.1.1.tgz 2257ms (cache miss)
3350 timing reifyNode:node_modules/dom-converter Completed in 2620ms
3351 timing reifyNode:node_modules/postcss-modules-local-by-default Completed in 2617ms
3352 timing reifyNode:node_modules/@webassemblyjs/helper-wasm-section Completed in 2628ms
3353 timing reifyNode:node_modules/websocket-driver Completed in 2643ms
3354 timing reifyNode:node_modules/find-cache-dir Completed in 2621ms
3355 timing reifyNode:node_modules/lodash.debounce Completed in 2621ms
3356 http fetch GET 200 https://registry.npmjs.org/@jridgewell/set-array/-/set-array-1.2.1.tgz 2272ms (cache miss)
3357 http fetch GET 200 https://registry.npmjs.org/es-module-lexer/-/es-module-lexer-1.6.0.tgz 2350ms (cache miss)
3358 http fetch GET 200 https://registry.npmjs.org/@jridgewell/resolve-uri/-/resolve-uri-3.1.2.tgz 2278ms (cache miss)
3359 http fetch GET 200 https://registry.npmjs.org/@mui/types/-/types-7.2.21.tgz 2281ms (cache miss)
3360 timing reifyNode:node_modules/regjsparser Completed in 2632ms
3361 timing reifyNode:node_modules/cssesc Completed in 2632ms
3362 timing reifyNode:node_modules/pkg-dir Completed in 2631ms
3363 timing reifyNode:node_modules/@types/prop-types Completed in 2632ms
3364 http fetch GET 200 https://registry.npmjs.org/spdy/-/spdy-4.0.2.tgz 2403ms (cache miss)
3365 timing reifyNode:node_modules/watchpack Completed in 2641ms
3366 http fetch GET 200 https://registry.npmjs.org/@mui/core-downloads-tracker/-/core-downloads-tracker-5.16.14.tgz 2290ms (cache miss)
3367 timing reifyNode:node_modules/@mui/core-downloads-tracker Completed in 2639ms
3368 http fetch GET 200 https://registry.npmjs.org/escape-string-regexp/-/escape-string-regexp-4.0.0.tgz 2285ms (cache miss)
3369 timing reifyNode:node_modules/common-path-prefix Completed in 2644ms
3370 http fetch GET 200 https://registry.npmjs.org/find-root/-/find-root-1.1.0.tgz 2293ms (cache miss)
3371 timing reifyNode:node_modules/path-type Completed in 2650ms
3372 http fetch GET 200 https://registry.npmjs.org/@emotion/is-prop-valid/-/is-prop-valid-1.3.1.tgz 2300ms (cache miss)
3373 timing reifyNode:node_modules/es-module-lexer Completed in 2658ms
3374 timing reifyNode:node_modules/postcss-modules-values Completed in 2654ms
3375 timing reifyNode:node_modules/postcss-modules-extract-imports Completed in 2654ms
3376 http fetch GET 200 https://registry.npmjs.org/babel-plugin-macros/-/babel-plugin-macros-3.1.0.tgz 2306ms (cache miss)
3377 http fetch GET 200 https://registry.npmjs.org/@emotion/unitless/-/unitless-0.10.0.tgz 2311ms (cache miss)
3378 timing reifyNode:node_modules/call-bind-apply-helpers Completed in 2683ms
3379 http fetch GET 200 https://registry.npmjs.org/@xtuc/long/-/long-4.2.2.tgz 2402ms (cache miss)
3380 timing reifyNode:node_modules/import-fresh Completed in 2665ms
3381 timing reifyNode:node_modules/postcss-modules-scope Completed in 2668ms
3382 http fetch GET 200 https://registry.npmjs.org/hoist-non-react-statics/-/hoist-non-react-statics-3.3.2.tgz 2316ms (cache miss)
3383 http fetch GET 200 https://registry.npmjs.org/regenerator-runtime/-/regenerator-runtime-0.14.1.tgz 2316ms (cache miss)
3384 timing reifyNode:node_modules/@webassemblyjs/leb128 Completed in 2683ms
3385 timing reifyNode:node_modules/spdy Completed in 2690ms
3386 timing reifyNode:node_modules/loose-envify Completed in 2688ms
3387 timing reifyNode:node_modules/camelize Completed in 2698ms
3388 http fetch GET 200 https://registry.npmjs.org/@emotion/memoize/-/memoize-0.9.0.tgz 2335ms (cache miss)
3389 http fetch GET 200 https://registry.npmjs.org/terser-webpack-plugin/-/terser-webpack-plugin-5.3.11.tgz 2436ms (cache miss)
3390 http fetch GET 200 https://registry.npmjs.org/@emotion/weak-memoize/-/weak-memoize-0.4.0.tgz 2346ms (cache miss)
3391 http fetch GET 200 https://registry.npmjs.org/@babel/helper-string-parser/-/helper-string-parser-7.25.9.tgz 2344ms (cache miss)
3392 http fetch GET 200 https://registry.npmjs.org/@emotion/use-insertion-effect-with-fallbacks/-/use-insertion-effect-with-fallbacks-1.2.0.tgz 2347ms (cache miss)
3393 timing reifyNode:node_modules/@xtuc/long Completed in 2719ms
3394 http fetch GET 200 https://registry.npmjs.org/http-proxy/-/http-proxy-1.18.1.tgz 2521ms (cache miss)
3395 timing reifyNode:node_modules/@mui/types Completed in 2714ms
3396 http fetch GET 200 https://registry.npmjs.org/@babel/plugin-transform-react-pure-annotations/-/plugin-transform-react-pure-annotations-7.25.9.tgz 2355ms (cache miss)
3397 http fetch GET 200 https://registry.npmjs.org/@babel/plugin-transform-react-display-name/-/plugin-transform-react-display-name-7.25.9.tgz 2355ms (cache miss)
3398 http fetch GET 200 https://registry.npmjs.org/@emotion/sheet/-/sheet-1.4.0.tgz 2373ms (cache miss)
3399 http fetch GET 200 https://registry.npmjs.org/hpack.js/-/hpack.js-2.1.6.tgz 2573ms (cache miss)
3400 timing reifyNode:node_modules/escape-string-regexp Completed in 2729ms
3401 http fetch GET 200 https://registry.npmjs.org/@webassemblyjs/wasm-parser/-/wasm-parser-1.14.1.tgz 2458ms (cache miss)
3402 timing reifyNode:node_modules/is-core-module Completed in 2736ms
3403 http fetch GET 200 https://registry.npmjs.org/@babel/plugin-syntax-jsx/-/plugin-syntax-jsx-7.25.9.tgz 2370ms (cache miss)
3404 http fetch GET 200 https://registry.npmjs.org/@emotion/utils/-/utils-1.4.2.tgz 2378ms (cache miss)
3405 http fetch GET 200 https://registry.npmjs.org/@babel/plugin-transform-react-jsx-development/-/plugin-transform-react-jsx-development-7.25.9.tgz 2374ms (cache miss)
3406 timing reifyNode:node_modules/is-arrayish Completed in 2746ms
3407 timing reifyNode:node_modules/es-errors Completed in 2766ms
3408 timing reifyNode:node_modules/http-proxy Completed in 2767ms
3409 timing reifyNode:node_modules/hasown Completed in 2754ms
3410 timing reifyNode:node_modules/terser-webpack-plugin Completed in 2760ms
3411 http fetch GET 200 https://registry.npmjs.org/esutils/-/esutils-2.0.3.tgz 2390ms (cache miss)
3412 http fetch GET 200 https://registry.npmjs.org/@emotion/hash/-/hash-0.9.2.tgz 2396ms (cache miss)
3413 timing reifyNode:node_modules/fastest-levenshtein Completed in 2773ms
3414 timing reifyNode:node_modules/supports-preserve-symlinks-flag Completed in 2772ms
3415 http fetch GET 200 https://registry.npmjs.org/@babel/helper-optimise-call-expression/-/helper-optimise-call-expression-7.25.9.tgz 2407ms (cache miss)
3416 timing reifyNode:node_modules/domhandler Completed in 2776ms
3417 timing reifyNode:node_modules/escalade Completed in 2782ms
3418 timing reifyNode:node_modules/@webassemblyjs/utf8 Completed in 2786ms
3419 http fetch GET 200 https://registry.npmjs.org/@babel/helper-remap-async-to-generator/-/helper-remap-async-to-generator-7.25.9.tgz 2412ms (cache miss)
3420 http fetch GET 200 https://registry.npmjs.org/globals/-/globals-11.12.0.tgz 2414ms (cache miss)
3421 http fetch GET 200 https://registry.npmjs.org/@babel/helper-member-expression-to-functions/-/helper-member-expression-to-functions-7.25.9.tgz 2412ms (cache miss)
3422 timing reifyNode:node_modules/hpack.js Completed in 2804ms
3423 timing reifyNode:node_modules/node-releases Completed in 2782ms
3424 timing reifyNode:node_modules/@webassemblyjs/wasm-parser Completed in 2796ms
3425 http fetch GET 200 https://registry.npmjs.org/@babel/helper-wrap-function/-/helper-wrap-function-7.25.9.tgz 2432ms (cache miss)
3426 http fetch GET 200 https://registry.npmjs.org/he/-/he-1.2.0.tgz 2480ms (cache miss)
3427 timing reifyNode:node_modules/babel-plugin-macros Completed in 2801ms
3428 timing reifyNode:node_modules/regenerator-runtime Completed in 2802ms
3429 http fetch GET 200 https://registry.npmjs.org/@babel/helper-replace-supers/-/helper-replace-supers-7.26.5.tgz 2438ms (cache miss)
3430 timing reifyNode:node_modules/react-is Completed in 2808ms
3431 http fetch GET 200 https://registry.npmjs.org/@emotion/serialize/-/serialize-1.3.3.tgz 2454ms (cache miss)
3432 http fetch GET 200 https://registry.npmjs.org/@babel/helper-create-regexp-features-plugin/-/helper-create-regexp-features-plugin-7.26.3.tgz 2446ms (cache miss)
3433 http fetch GET 200 https://registry.npmjs.org/babel-plugin-polyfill-regenerator/-/babel-plugin-polyfill-regenerator-0.6.3.tgz 2446ms (cache miss)
3434 timing reifyNode:node_modules/fast-deep-equal Completed in 2835ms
3435 http fetch GET 200 https://registry.npmjs.org/@babel/helper-skip-transparent-expression-wrappers/-/helper-skip-transparent-expression-wrappers-7.25.9.tgz 2457ms (cache miss)
3436 http fetch GET 200 https://registry.npmjs.org/@babel/preset-modules/-/preset-modules-0.1.6-no-external-plugins.tgz 2457ms (cache miss)
3437 http fetch GET 200 https://registry.npmjs.org/@babel/plugin-transform-unicode-escapes/-/plugin-transform-unicode-escapes-7.25.9.tgz 2467ms (cache miss)
3438 http fetch GET 200 https://registry.npmjs.org/@babel/plugin-transform-unicode-sets-regex/-/plugin-transform-unicode-sets-regex-7.25.9.tgz 2469ms (cache miss)
3439 http fetch GET 200 https://registry.npmjs.org/@babel/plugin-transform-unicode-property-regex/-/plugin-transform-unicode-property-regex-7.25.9.tgz 2468ms (cache miss)
3440 http fetch GET 200 https://registry.npmjs.org/@babel/helper-annotate-as-pure/-/helper-annotate-as-pure-7.25.9.tgz 2481ms (cache miss)
3441 timing reifyNode:node_modules/@babel/plugin-transform-react-pure-annotations Completed in 2852ms
3442 timing reifyNode:node_modules/@babel/plugin-transform-react-display-name Completed in 2853ms
3443 timing reifyNode:node_modules/he Completed in 2858ms
3444 http fetch GET 200 https://registry.npmjs.org/sockjs/-/sockjs-0.3.24.tgz 2633ms (cache miss)
3445 http fetch GET 200 https://registry.npmjs.org/@babel/plugin-transform-regexp-modifiers/-/plugin-transform-regexp-modifiers-7.26.0.tgz 2491ms (cache miss)
3446 http fetch GET 200 https://registry.npmjs.org/@babel/plugin-transform-unicode-regex/-/plugin-transform-unicode-regex-7.25.9.tgz 2494ms (cache miss)
3447 timing reifyNode:node_modules/domelementtype Completed in 2878ms
3448 http fetch GET 200 https://registry.npmjs.org/@babel/plugin-transform-typeof-symbol/-/plugin-transform-typeof-symbol-7.26.7.tgz 2494ms (cache miss)
3449 http fetch GET 200 https://registry.npmjs.org/@babel/plugin-transform-template-literals/-/plugin-transform-template-literals-7.26.8.tgz 2493ms (cache miss)
3450 http fetch GET 200 https://registry.npmjs.org/@babel/plugin-transform-spread/-/plugin-transform-spread-7.25.9.tgz 2494ms (cache miss)
3451 http fetch GET 200 https://registry.npmjs.org/@babel/plugin-transform-sticky-regex/-/plugin-transform-sticky-regex-7.25.9.tgz 2493ms (cache miss)
3452 timing reifyNode:node_modules/@babel/plugin-syntax-jsx Completed in 2874ms
3453 timing reifyNode:node_modules/@babel/plugin-transform-react-jsx-development Completed in 2875ms
3454 timing reifyNode:node_modules/@babel/helper-string-parser Completed in 2876ms
3455 http fetch GET 200 https://registry.npmjs.org/eslint-scope/-/eslint-scope-5.1.1.tgz 2615ms (cache miss)
3456 http fetch GET 200 https://registry.npmjs.org/@babel/plugin-transform-shorthand-properties/-/plugin-transform-shorthand-properties-7.25.9.tgz 2504ms (cache miss)
3457 http fetch GET 200 https://registry.npmjs.org/@babel/plugin-transform-reserved-words/-/plugin-transform-reserved-words-7.25.9.tgz 2503ms (cache miss)
3458 http fetch GET 200 https://registry.npmjs.org/@babel/plugin-transform-regenerator/-/plugin-transform-regenerator-7.25.9.tgz 2503ms (cache miss)
3459 http fetch GET 200 https://registry.npmjs.org/@babel/plugin-transform-property-literals/-/plugin-transform-property-literals-7.25.9.tgz 2523ms (cache miss)
3460 timing reifyNode:node_modules/sockjs Completed in 2924ms
3461 http fetch GET 200 https://registry.npmjs.org/@babel/plugin-transform-private-methods/-/plugin-transform-private-methods-7.25.9.tgz 2524ms (cache miss)
3462 http fetch GET 200 https://registry.npmjs.org/@babel/plugin-transform-optional-chaining/-/plugin-transform-optional-chaining-7.25.9.tgz 2524ms (cache miss)
3463 timing reifyNode:node_modules/@babel/helper-optimise-call-expression Completed in 2930ms
3464 http fetch GET 200 https://registry.npmjs.org/@babel/plugin-transform-optional-catch-binding/-/plugin-transform-optional-catch-binding-7.25.9.tgz 2548ms (cache miss)
3465 http fetch GET 200 https://registry.npmjs.org/@jridgewell/source-map/-/source-map-0.3.6.tgz 2661ms (cache miss)
3466 timing reifyNode:node_modules/@babel/helper-remap-async-to-generator Completed in 2941ms
3467 timing reifyNode:node_modules/find-root Completed in 2945ms
3468 timing reifyNode:node_modules/eslint-scope Completed in 2957ms
3469 http fetch GET 200 https://registry.npmjs.org/@babel/plugin-transform-numeric-separator/-/plugin-transform-numeric-separator-7.25.9.tgz 2561ms (cache miss)
3470 http fetch GET 200 https://registry.npmjs.org/@babel/plugin-transform-object-super/-/plugin-transform-object-super-7.25.9.tgz 2578ms (cache miss)
3471 timing reifyNode:node_modules/update-browserslist-db Completed in 2969ms
3472 timing reifyNode:node_modules/globals Completed in 2968ms
3473 timing reifyNode:node_modules/@babel/helper-replace-supers Completed in 2969ms
3474 http fetch GET 200 https://registry.npmjs.org/@babel/plugin-transform-nullish-coalescing-operator/-/plugin-transform-nullish-coalescing-operator-7.26.6.tgz 2583ms (cache miss)
3475 http fetch GET 200 https://registry.npmjs.org/@babel/plugin-transform-named-capturing-groups-regex/-/plugin-transform-named-capturing-groups-regex-7.25.9.tgz 2604ms (cache miss)
3476 timing reifyNode:node_modules/@babel/helper-annotate-as-pure Completed in 2991ms
3477 http fetch GET 200 https://registry.npmjs.org/@babel/plugin-transform-modules-umd/-/plugin-transform-modules-umd-7.25.9.tgz 2602ms (cache miss)
3478 timing reifyNode:node_modules/@babel/helper-wrap-function Completed in 2993ms
3479 http fetch GET 200 https://registry.npmjs.org/readable-stream/-/readable-stream-3.6.2.tgz 2847ms (cache miss)
3480 http fetch GET 200 https://registry.npmjs.org/@babel/plugin-transform-private-property-in-object/-/plugin-transform-private-property-in-object-7.25.9.tgz 2616ms (cache miss)
3481 timing reifyNode:node_modules/@babel/helper-member-expression-to-functions Completed in 3000ms
3482 http fetch GET 200 https://registry.npmjs.org/@babel/plugin-transform-modules-amd/-/plugin-transform-modules-amd-7.25.9.tgz 2609ms (cache miss)
3483 http fetch GET 200 https://registry.npmjs.org/@babel/plugin-transform-logical-assignment-operators/-/plugin-transform-logical-assignment-operators-7.25.9.tgz 2610ms (cache miss)
3484 timing reifyNode:node_modules/@babel/helper-skip-transparent-expression-wrappers Completed in 3003ms
3485 http fetch GET 200 https://registry.npmjs.org/@babel/plugin-transform-literals/-/plugin-transform-literals-7.25.9.tgz 2624ms (cache miss)
3486 http fetch GET 200 https://registry.npmjs.org/@babel/plugin-transform-new-target/-/plugin-transform-new-target-7.25.9.tgz 2630ms (cache miss)
3487 http fetch GET 200 https://registry.npmjs.org/@babel/plugin-transform-member-expression-literals/-/plugin-transform-member-expression-literals-7.25.9.tgz 2627ms (cache miss)
3488 http fetch GET 200 https://registry.npmjs.org/@babel/plugin-transform-modules-commonjs/-/plugin-transform-modules-commonjs-7.26.3.tgz 2627ms (cache miss)
3489 timing reifyNode:node_modules/postcss-value-parser Completed in 3026ms
3490 timing reifyNode:node_modules/@jridgewell/source-map Completed in 3034ms
3491 http fetch GET 200 https://registry.npmjs.org/@babel/plugin-transform-modules-systemjs/-/plugin-transform-modules-systemjs-7.25.9.tgz 2631ms (cache miss)
3492 timing reifyNode:node_modules/icss-utils Completed in 3029ms
3493 http fetch GET 200 https://registry.npmjs.org/@babel/plugin-transform-json-strings/-/plugin-transform-json-strings-7.25.9.tgz 2631ms (cache miss)
3494 http fetch GET 200 https://registry.npmjs.org/@babel/plugin-transform-export-namespace-from/-/plugin-transform-export-namespace-from-7.25.9.tgz 2632ms (cache miss)
3495 timing reifyNode:node_modules/function-bind Completed in 3035ms
3496 timing reifyNode:node_modules/@babel/plugin-transform-unicode-sets-regex Completed in 3029ms
3497 timing reifyNode:node_modules/@babel/plugin-transform-unicode-escapes Completed in 3029ms
3498 http fetch GET 200 https://registry.npmjs.org/@babel/plugin-transform-function-name/-/plugin-transform-function-name-7.25.9.tgz 2635ms (cache miss)
3499 timing reifyNode:node_modules/@babel/plugin-transform-unicode-property-regex Completed in 3035ms
3500 http fetch GET 200 https://registry.npmjs.org/@babel/plugin-transform-dynamic-import/-/plugin-transform-dynamic-import-7.25.9.tgz 2653ms (cache miss)
3501 timing reifyNode:node_modules/readable-stream Completed in 3077ms
3502 timing reifyNode:node_modules/@jridgewell/set-array Completed in 3054ms
3503 timing reifyNode:node_modules/json-schema-traverse Completed in 3061ms
3504 timing reifyNode:node_modules/@babel/plugin-transform-unicode-regex Completed in 3054ms
3505 timing reifyNode:node_modules/@babel/plugin-transform-regexp-modifiers Completed in 3053ms
3506 timing reifyNode:node_modules/@babel/plugin-transform-typeof-symbol Completed in 3054ms
3507 timing reifyNode:node_modules/@babel/plugin-transform-sticky-regex Completed in 3054ms
3508 timing reifyNode:node_modules/@jridgewell/resolve-uri Completed in 3075ms
3509 http fetch GET 200 https://registry.npmjs.org/@babel/plugin-transform-exponentiation-operator/-/plugin-transform-exponentiation-operator-7.26.3.tgz 2680ms (cache miss)
3510 http fetch GET 200 https://registry.npmjs.org/@babel/plugin-transform-for-of/-/plugin-transform-for-of-7.26.9.tgz 2679ms (cache miss)
3511 http fetch GET 200 https://registry.npmjs.org/@babel/plugin-transform-dotall-regex/-/plugin-transform-dotall-regex-7.25.9.tgz 2681ms (cache miss)
3512 http fetch GET 200 https://registry.npmjs.org/@babel/plugin-transform-computed-properties/-/plugin-transform-computed-properties-7.25.9.tgz 2679ms (cache miss)
3513 timing reifyNode:node_modules/@types/react-transition-group Completed in 3082ms
3514 http fetch GET 200 https://registry.npmjs.org/@babel/plugin-transform-duplicate-keys/-/plugin-transform-duplicate-keys-7.25.9.tgz 2682ms (cache miss)
3515 timing reifyNode:node_modules/@babel/plugin-transform-spread Completed in 3079ms
3516 timing reifyNode:node_modules/@babel/plugin-transform-reserved-words Completed in 3079ms
3517 timing reifyNode:node_modules/@babel/plugin-transform-template-literals Completed in 3080ms
3518 timing reifyNode:node_modules/@babel/plugin-transform-shorthand-properties Completed in 3081ms
3519 timing reifyNode:node_modules/@babel/plugin-transform-regenerator Completed in 3081ms
3520 http fetch GET 200 https://registry.npmjs.org/@babel/plugin-transform-duplicate-named-capturing-groups-regex/-/plugin-transform-duplicate-named-capturing-groups-regex-7.25.9.tgz 2693ms (cache miss)
3521 http fetch GET 200 https://registry.npmjs.org/html-minifier-terser/-/html-minifier-terser-6.1.0.tgz 2769ms (cache miss)
3522 http fetch GET 200 https://registry.npmjs.org/@babel/plugin-transform-class-static-block/-/plugin-transform-class-static-block-7.26.0.tgz 2692ms (cache miss)
3523 timing reifyNode:node_modules/babel-plugin-polyfill-regenerator Completed in 3093ms
3524 http fetch GET 200 https://registry.npmjs.org/@babel/plugin-transform-class-properties/-/plugin-transform-class-properties-7.25.9.tgz 2695ms (cache miss)
3525 http fetch GET 200 https://registry.npmjs.org/@babel/plugin-transform-block-scoped-functions/-/plugin-transform-block-scoped-functions-7.26.5.tgz 2693ms (cache miss)
3526 http fetch GET 200 https://registry.npmjs.org/qs/-/qs-6.13.0.tgz 2893ms (cache miss)
3527 timing reifyNode:node_modules/@babel/plugin-transform-property-literals Completed in 3095ms
3528 timing reifyNode:node_modules/@babel/plugin-transform-private-methods Completed in 3095ms
3529 http fetch GET 200 https://registry.npmjs.org/express/-/express-4.21.2.tgz 2864ms (cache miss)
3530 http fetch GET 200 https://registry.npmjs.org/@babel/plugin-transform-arrow-functions/-/plugin-transform-arrow-functions-7.25.9.tgz 2701ms (cache miss)
3531 http fetch GET 200 https://registry.npmjs.org/@babel/plugin-transform-async-to-generator/-/plugin-transform-async-to-generator-7.25.9.tgz 2714ms (cache miss)
3532 http fetch GET 200 https://registry.npmjs.org/@babel/plugin-transform-async-generator-functions/-/plugin-transform-async-generator-functions-7.26.8.tgz 2713ms (cache miss)
3533 timing reifyNode:node_modules/@babel/plugin-transform-optional-catch-binding Completed in 3115ms
3534 http fetch GET 200 https://registry.npmjs.org/ws/-/ws-8.18.1.tgz 2893ms (cache miss)
3535 timing reifyNode:node_modules/@babel/plugin-transform-private-property-in-object Completed in 3116ms
3536 http fetch GET 200 https://registry.npmjs.org/@babel/plugin-syntax-import-attributes/-/plugin-syntax-import-attributes-7.26.0.tgz 2710ms (cache miss)
3537 http fetch GET 200 https://registry.npmjs.org/@babel/plugin-proposal-private-property-in-object/-/plugin-proposal-private-property-in-object-7.21.0-placeholder-for-preset-env.2.tgz 2714ms (cache miss)
3538 http fetch GET 200 https://registry.npmjs.org/@babel/plugin-syntax-import-assertions/-/plugin-syntax-import-assertions-7.26.0.tgz 2723ms (cache miss)
3539 timing reifyNode:node_modules/@babel/plugin-transform-numeric-separator Completed in 3126ms
3540 timing reifyNode:node_modules/html-minifier-terser Completed in 3136ms
3541 http fetch GET 200 https://registry.npmjs.org/@babel/plugin-syntax-unicode-sets-regex/-/plugin-syntax-unicode-sets-regex-7.18.6.tgz 2730ms (cache miss)
3542 timing reifyNode:node_modules/@babel/plugin-transform-object-super Completed in 3137ms
3543 http fetch GET 200 https://registry.npmjs.org/@babel/plugin-bugfix-safari-class-field-initializer-scope/-/plugin-bugfix-safari-class-field-initializer-scope-7.25.9.tgz 2729ms (cache miss)
3544 http fetch GET 200 https://registry.npmjs.org/@babel/plugin-bugfix-v8-spread-parameters-in-optional-chaining/-/plugin-bugfix-v8-spread-parameters-in-optional-chaining-7.25.9.tgz 2733ms (cache miss)
3545 http fetch GET 200 https://registry.npmjs.org/@discoveryjs/json-ext/-/json-ext-0.5.7.tgz 2898ms (cache miss)
3546 http fetch GET 200 https://registry.npmjs.org/@babel/plugin-bugfix-safari-id-destructuring-collision-in-function-expression/-/plugin-bugfix-safari-id-destructuring-collision-in-function-expression-7.25.9.tgz 2733ms (cache miss)
3547 timing reifyNode:node_modules/@babel/plugin-transform-optional-chaining Completed in 3141ms
3548 http fetch GET 200 https://registry.npmjs.org/@babel/helper-plugin-utils/-/helper-plugin-utils-7.26.5.tgz 2733ms (cache miss)
3549 timing reifyNode:node_modules/@babel/plugin-transform-nullish-coalescing-operator Completed in 3143ms
3550 http fetch GET 200 https://registry.npmjs.org/@babel/plugin-bugfix-firefox-class-in-computed-class-key/-/plugin-bugfix-firefox-class-in-computed-class-key-7.25.9.tgz 2734ms (cache miss)
3551 timing reifyNode:node_modules/@babel/plugin-transform-named-capturing-groups-regex Completed in 3150ms
3552 http fetch GET 200 https://registry.npmjs.org/@babel/plugin-bugfix-v8-static-class-fields-redefine-readonly/-/plugin-bugfix-v8-static-class-fields-redefine-readonly-7.25.9.tgz 2744ms (cache miss)
3553 http fetch GET 200 https://registry.npmjs.org/lru-cache/-/lru-cache-5.1.1.tgz 2742ms (cache miss)
3554 http fetch GET 200 https://registry.npmjs.org/@babel/helper-validator-option/-/helper-validator-option-7.25.9.tgz 2742ms (cache miss)
3555 http fetch GET 200 https://registry.npmjs.org/@babel/plugin-transform-object-rest-spread/-/plugin-transform-object-rest-spread-7.25.9.tgz 2769ms (cache miss)
3556 timing reifyNode:node_modules/hoist-non-react-statics Completed in 3162ms
3557 timing reifyNode:node_modules/qs Completed in 3181ms
3558 http fetch GET 200 https://registry.npmjs.org/@babel/helper-module-imports/-/helper-module-imports-7.25.9.tgz 2750ms (cache miss)
3559 http fetch GET 200 https://registry.npmjs.org/browserslist/-/browserslist-4.24.4.tgz 2749ms (cache miss)
3560 timing reifyNode:node_modules/express Completed in 3180ms
3561 timing reifyNode:node_modules/clsx Completed in 3166ms
3562 timing reifyNode:node_modules/@babel/plugin-transform-logical-assignment-operators Completed in 3166ms
3563 timing reifyNode:node_modules/@babel/plugin-transform-literals Completed in 3171ms
3564 http fetch GET 200 https://registry.npmjs.org/picocolors/-/picocolors-1.1.1.tgz 2759ms (cache miss)
3565 http fetch GET 200 https://registry.npmjs.org/@babel/compat-data/-/compat-data-7.26.8.tgz 2760ms (cache miss)
3566 timing reifyNode:node_modules/esutils Completed in 3175ms
3567 timing reifyNode:node_modules/@babel/plugin-transform-new-target Completed in 3173ms
3568 timing reifyNode:node_modules/@babel/plugin-transform-member-expression-literals Completed in 3173ms
3569 timing reifyNode:node_modules/@babel/plugin-transform-modules-umd Completed in 3174ms
3570 timing reifyNode:node_modules/ws Completed in 3195ms
3571 http fetch GET 200 https://registry.npmjs.org/js-tokens/-/js-tokens-4.0.0.tgz 2762ms (cache miss)
3572 http fetch GET 200 https://registry.npmjs.org/@babel/helper-validator-identifier/-/helper-validator-identifier-7.25.9.tgz 2763ms (cache miss)
3573 timing reifyNode:node_modules/@babel/plugin-transform-export-namespace-from Completed in 3177ms
3574 timing reifyNode:node_modules/@babel/plugin-transform-json-strings Completed in 3177ms
3575 timing reifyNode:node_modules/@babel/plugin-transform-modules-amd Completed in 3181ms
3576 timing reifyNode:node_modules/@babel/plugin-transform-function-name Completed in 3181ms
3577 timing reifyNode:node_modules/@babel/plugin-syntax-unicode-sets-regex Completed in 3187ms
3578 http fetch GET 200 https://registry.npmjs.org/jsesc/-/jsesc-3.1.0.tgz 2773ms (cache miss)
3579 timing reifyNode:node_modules/@babel/plugin-transform-dynamic-import Completed in 3191ms
3580 timing reifyNode:node_modules/@discoveryjs/json-ext Completed in 3212ms
3581 http fetch GET 200 https://registry.npmjs.org/@types/eslint/-/eslint-9.6.1.tgz 2942ms (cache miss)
3582 http fetch GET 200 https://registry.npmjs.org/@jridgewell/gen-mapping/-/gen-mapping-0.3.8.tgz 2788ms (cache miss)
3583 http fetch GET 200 https://registry.npmjs.org/convert-source-map/-/convert-source-map-2.0.0.tgz 2785ms (cache miss)
3584 http fetch GET 200 https://registry.npmjs.org/debug/-/debug-4.4.0.tgz 2786ms (cache miss)
3585 timing reifyNode:node_modules/@babel/plugin-transform-object-rest-spread Completed in 3208ms
3586 timing reifyNode:node_modules/lru-cache Completed in 3206ms
3587 timing reifyNode:node_modules/@babel/plugin-transform-exponentiation-operator Completed in 3208ms
3588 http fetch GET 200 https://registry.npmjs.org/gensync/-/gensync-1.0.0-beta.2.tgz 2793ms (cache miss)
3589 timing reifyNode:node_modules/@babel/plugin-transform-dotall-regex Completed in 3211ms
3590 timing reifyNode:node_modules/utila Completed in 3226ms
3591 timing reifyNode:node_modules/@babel/plugin-transform-duplicate-keys Completed in 3217ms
3592 timing reifyNode:node_modules/@babel/plugin-transform-duplicate-named-capturing-groups-regex Completed in 3221ms
3593 timing reifyNode:node_modules/@babel/plugin-transform-class-static-block Completed in 3223ms
3594 http fetch GET 200 https://registry.npmjs.org/@babel/plugin-transform-destructuring/-/plugin-transform-destructuring-7.25.9.tgz 2831ms (cache miss)
3595 timing reifyNode:node_modules/@babel/plugin-transform-class-properties Completed in 3227ms
3596 http fetch GET 200 https://registry.npmjs.org/@babel/helper-compilation-targets/-/helper-compilation-targets-7.26.5.tgz 2810ms (cache miss)
3597 timing reifyNode:node_modules/@babel/plugin-transform-block-scoped-functions Completed in 3228ms
3598 timing reifyNode:node_modules/@babel/plugin-transform-computed-properties Completed in 3228ms
3599 timing reifyNode:node_modules/@babel/plugin-transform-arrow-functions Completed in 3238ms
3600 http fetch GET 200 https://registry.npmjs.org/@babel/code-frame/-/code-frame-7.26.2.tgz 2820ms (cache miss)
3601 http fetch GET 200 https://registry.npmjs.org/@ampproject/remapping/-/remapping-2.3.0.tgz 2821ms (cache miss)
3602 http fetch GET 200 https://registry.npmjs.org/@babel/plugin-transform-react-jsx/-/plugin-transform-react-jsx-7.25.9.tgz 2885ms (cache miss)
3603 timing reifyNode:node_modules/@babel/plugin-transform-async-to-generator Completed in 3243ms
3604 timing reifyNode:node_modules/@babel/plugin-transform-modules-systemjs Completed in 3248ms
3605 timing reifyNode:node_modules/@babel/plugin-syntax-import-attributes Completed in 3247ms
3606 timing reifyNode:node_modules/@types/eslint Completed in 3264ms
3607 timing reifyNode:node_modules/@babel/plugin-syntax-import-assertions Completed in 3251ms
3608 timing reifyNode:node_modules/convert-source-map Completed in 3248ms
3609 timing reifyNode:node_modules/ajv-formats Completed in 3261ms
3610 timing reifyNode:node_modules/@babel/plugin-bugfix-safari-class-field-initializer-scope Completed in 3258ms
3611 http fetch GET 200 https://registry.npmjs.org/spdy-transport/-/spdy-transport-3.0.0.tgz 3109ms (cache miss)
3612 timing reifyNode:node_modules/@babel/plugin-bugfix-v8-spread-parameters-in-optional-chaining Completed in 3261ms
3613 timing reifyNode:node_modules/@babel/plugin-proposal-private-property-in-object Completed in 3263ms
3614 timing reifyNode:node_modules/@babel/plugin-bugfix-safari-id-destructuring-collision-in-function-expression Completed in 3264ms
3615 timing reifyNode:node_modules/@babel/helper-plugin-utils Completed in 3264ms
3616 timing reifyNode:node_modules/@babel/plugin-bugfix-firefox-class-in-computed-class-key Completed in 3265ms
3617 http fetch GET 200 https://registry.npmjs.org/babel-loader/-/babel-loader-9.2.1.tgz 2840ms (cache miss)
3618 timing reifyNode:node_modules/@babel/plugin-transform-destructuring Completed in 3304ms
3619 http fetch GET 200 https://registry.npmjs.org/@babel/preset-react/-/preset-react-7.26.3.tgz 2884ms (cache miss)
3620 http fetch GET 200 https://registry.npmjs.org/string_decoder/-/string_decoder-1.1.1.tgz 2883ms (cache miss)
3621 timing reifyNode:node_modules/@babel/plugin-bugfix-v8-static-class-fields-redefine-readonly Completed in 3320ms
3622 timing reifyNode:node_modules/@babel/plugin-transform-react-jsx Completed in 3324ms
3623 timing reifyNode:node_modules/js-tokens Completed in 3324ms
3624 http fetch GET 200 https://registry.npmjs.org/safe-buffer/-/safe-buffer-5.1.2.tgz 2899ms (cache miss)
3625 http fetch GET 200 https://registry.npmjs.org/ms/-/ms-2.0.0.tgz 2898ms (cache miss)
3626 http fetch GET 200 https://registry.npmjs.org/encodeurl/-/encodeurl-1.0.2.tgz 2898ms (cache miss)
3627 timing reifyNode:node_modules/spdy-transport Completed in 3368ms
3628 http fetch GET 200 https://registry.npmjs.org/negotiator/-/negotiator-0.6.3.tgz 2914ms (cache miss)
3629 timing reifyNode:node_modules/@babel/helper-create-regexp-features-plugin Completed in 3352ms
3630 http fetch GET 200 https://registry.npmjs.org/@jridgewell/sourcemap-codec/-/sourcemap-codec-1.5.0.tgz 3014ms (cache miss)
3631 timing reifyNode:node_modules/send/node_modules/debug/node_modules/ms Completed in 3386ms
3632 http fetch GET 200 https://registry.npmjs.org/setprototypeof/-/setprototypeof-1.1.0.tgz 2925ms (cache miss)
3633 http fetch GET 200 https://registry.npmjs.org/statuses/-/statuses-1.5.0.tgz 2926ms (cache miss)
3634 http fetch GET 200 https://registry.npmjs.org/depd/-/depd-1.1.2.tgz 2925ms (cache miss)
3635 http fetch GET 200 https://registry.npmjs.org/inherits/-/inherits-2.0.3.tgz 2925ms (cache miss)
3636 timing reifyNode:node_modules/webpack-merge Completed in 3388ms
3637 http fetch GET 200 https://registry.npmjs.org/http-errors/-/http-errors-1.6.3.tgz 2938ms (cache miss)
3638 http fetch GET 200 https://registry.npmjs.org/ipaddr.js/-/ipaddr.js-1.9.1.tgz 2946ms (cache miss)
3639 http fetch GET 200 https://registry.npmjs.org/tslib/-/tslib-2.8.1.tgz 3070ms (cache miss)
3640 http fetch GET 200 https://registry.npmjs.org/prop-types/-/prop-types-15.8.1.tgz 3048ms (cache miss)
3641 http fetch GET 200 https://registry.npmjs.org/electron-to-chromium/-/electron-to-chromium-1.5.107.tgz 3055ms (cache miss)
3642 timing reifyNode:node_modules/dom-serializer Completed in 3399ms
3643 http fetch GET 200 https://registry.npmjs.org/@types/express-serve-static-core/-/express-serve-static-core-4.19.6.tgz 2946ms (cache miss)
3644 http fetch GET 200 https://registry.npmjs.org/p-limit/-/p-limit-2.3.0.tgz 2946ms (cache miss)
3645 http fetch GET 200 https://registry.npmjs.org/ms/-/ms-2.0.0.tgz 2957ms (cache miss)
3646 timing reifyNode:node_modules/finalhandler/node_modules/ms Completed in 3413ms
3647 http fetch GET 200 https://registry.npmjs.org/ms/-/ms-2.0.0.tgz 2955ms (cache miss)
3648 timing reifyNode:node_modules/body-parser/node_modules/ms Completed in 3413ms
3649 http fetch GET 200 https://registry.npmjs.org/ms/-/ms-2.0.0.tgz 2950ms (cache miss)
3650 http fetch GET 200 https://registry.npmjs.org/ms/-/ms-2.0.0.tgz 2949ms (cache miss)
3651 http fetch GET 200 https://registry.npmjs.org/ms/-/ms-2.0.0.tgz 2948ms (cache miss)
3652 http fetch GET 200 https://registry.npmjs.org/babel-plugin-polyfill-corejs2/-/babel-plugin-polyfill-corejs2-0.4.12.tgz 3022ms (cache miss)
3653 http fetch GET 200 https://registry.npmjs.org/regexpu-core/-/regexpu-core-6.2.0.tgz 3034ms (cache miss)
3654 timing reifyNode:node_modules/@babel/plugin-transform-for-of Completed in 3398ms
3655 timing reifyNode:node_modules/@babel/plugin-transform-async-generator-functions Completed in 3399ms
3656 http fetch GET 200 https://registry.npmjs.org/p-locate/-/p-locate-4.1.0.tgz 2953ms (cache miss)
3657 http fetch GET 200 https://registry.npmjs.org/resolve-from/-/resolve-from-5.0.0.tgz 2954ms (cache miss)
3658 timing reifyNode:node_modules/@jridgewell/sourcemap-codec Completed in 3403ms
3659 http fetch GET 200 https://registry.npmjs.org/find-up/-/find-up-4.1.0.tgz 2954ms (cache miss)
3660 http fetch GET 200 https://registry.npmjs.org/path-exists/-/path-exists-4.0.0.tgz 2954ms (cache miss)
3661 http fetch GET 200 https://registry.npmjs.org/pkg-dir/-/pkg-dir-4.2.0.tgz 2952ms (cache miss)
3662 http fetch GET 200 https://registry.npmjs.org/locate-path/-/locate-path-5.0.0.tgz 2953ms (cache miss)
3663 http fetch GET 200 https://registry.npmjs.org/estraverse/-/estraverse-5.3.0.tgz 2958ms (cache miss)
3664 timing reifyNode:node_modules/express/node_modules/ms Completed in 3426ms
3665 http fetch GET 200 https://registry.npmjs.org/jsesc/-/jsesc-3.0.2.tgz 2958ms (cache miss)
3666 timing reifyNode:node_modules/@babel/code-frame Completed in 3404ms
3667 timing reifyNode:node_modules/dot-case Completed in 3415ms
3668 timing reifyNode:node_modules/lower-case Completed in 3418ms
3669 timing reifyNode:node_modules/prop-types Completed in 3419ms
3670 timing reifyNode:node_modules/electron-to-chromium Completed in 3420ms
3671 http fetch GET 200 https://registry.npmjs.org/react-is/-/react-is-16.13.1.tgz 2966ms (cache miss)
3672 timing reifyNode:node_modules/serve-index/node_modules/ms Completed in 3437ms
3673 timing reifyNode:node_modules/compression/node_modules/ms Completed in 3435ms
3674 timing reifyNode:node_modules/@babel/preset-react Completed in 3412ms
3675 timing reifyNode:node_modules/send/node_modules/encodeurl Completed in 3441ms
3676 timing reifyNode:node_modules/picocolors Completed in 3418ms
3677 timing reifyNode:node_modules/no-case Completed in 3431ms
3678 timing reifyNode:node_modules/@emotion/unitless Completed in 3429ms
3679 timing reifyNode:node_modules/tslib Completed in 3432ms
3680 http fetch GET 200 https://registry.npmjs.org/commander/-/commander-8.3.0.tgz 3107ms (cache miss)
3681 http fetch GET 200 https://registry.npmjs.org/semver/-/semver-6.3.1.tgz 3011ms (cache miss)
3682 timing reifyNode:node_modules/hpack.js/node_modules/string_decoder Completed in 3459ms
3683 timing reifyNode:node_modules/babel-plugin-polyfill-corejs2 Completed in 3435ms
3684 timing reifyNode:node_modules/jsesc Completed in 3432ms
3685 timing reifyNode:node_modules/regexpu-core Completed in 3437ms
3686 timing reifyNode:node_modules/pascal-case Completed in 3443ms
3687 timing reifyNode:node_modules/hpack.js/node_modules/safe-buffer Completed in 3470ms
3688 timing reifyNode:node_modules/serve-index/node_modules/setprototypeof Completed in 3463ms
3689 timing reifyNode:node_modules/serve-index/node_modules/inherits Completed in 3463ms
3690 http fetch GET 200 https://registry.npmjs.org/convert-source-map/-/convert-source-map-1.9.0.tgz 2993ms (cache miss)
3691 timing reifyNode:node_modules/@emotion/babel-plugin/node_modules/convert-source-map Completed in 3448ms
3692 http fetch GET 200 https://registry.npmjs.org/@emotion/memoize/-/memoize-0.8.1.tgz 2994ms (cache miss)
3693 timing reifyNode:node_modules/camel-case Completed in 3451ms
3694 timing reifyNode:node_modules/param-case Completed in 3453ms
3695 timing reifyNode:node_modules/semver Completed in 3446ms
3696 http fetch GET 200 https://registry.npmjs.org/acorn/-/acorn-8.14.0.tgz 3175ms (cache miss)
3697 http fetch GET 200 https://registry.npmjs.org/@emotion/is-prop-valid/-/is-prop-valid-1.2.2.tgz 2992ms (cache miss)
3698 timing reifyNode:node_modules/@types/express/node_modules/@types/express-serve-static-core Completed in 3471ms
3699 http fetch GET 200 https://registry.npmjs.org/@emotion/unitless/-/unitless-0.8.1.tgz 2998ms (cache miss)
3700 timing reifyNode:node_modules/commander Completed in 3465ms
3701 http fetch GET 200 https://registry.npmjs.org/react-is/-/react-is-16.13.1.tgz 3012ms (cache miss)
3702 timing reifyNode:node_modules/debug Completed in 3460ms
3703 timing reifyNode:node_modules/import-local/node_modules/p-limit Completed in 3480ms
3704 timing reifyNode:node_modules/serve-index/node_modules/http-errors Completed in 3485ms
3705 http fetch GET 200 https://registry.npmjs.org/scheduler/-/scheduler-0.23.2.tgz 3168ms (cache miss)
3706 timing reifyNode:node_modules/import-local/node_modules/p-locate Completed in 3486ms
3707 timing reifyNode:node_modules/acorn Completed in 3482ms
3708 timing reifyNode:node_modules/import-local/node_modules/pkg-dir Completed in 3486ms
3709 timing reifyNode:node_modules/resolve-cwd/node_modules/resolve-from Completed in 3487ms
3710 timing reifyNode:node_modules/import-local/node_modules/path-exists Completed in 3486ms
3711 timing reifyNode:node_modules/import-local/node_modules/find-up Completed in 3486ms
3712 timing reifyNode:node_modules/import-local/node_modules/locate-path Completed in 3487ms
3713 timing reifyNode:node_modules/@emotion/is-prop-valid Completed in 3475ms
3714 timing reifyNode:node_modules/gensync Completed in 3478ms
3715 http fetch GET 200 https://registry.npmjs.org/entities/-/entities-2.2.0.tgz 3201ms (cache miss)
3716 timing reifyNode:node_modules/scheduler Completed in 3504ms
3717 timing reifyNode:node_modules/serve-index/node_modules/statuses Completed in 3526ms
3718 timing reifyNode:node_modules/proxy-addr/node_modules/ipaddr.js Completed in 3529ms
3719 http fetch GET 200 https://registry.npmjs.org/@babel/plugin-transform-classes/-/plugin-transform-classes-7.25.9.tgz 3111ms (cache miss)
3720 timing reifyNode:node_modules/entities Completed in 3525ms
3721 timing reifyNode:node_modules/@babel/helper-validator-option Completed in 3515ms
3722 http fetch GET 200 https://registry.npmjs.org/@babel/plugin-transform-parameters/-/plugin-transform-parameters-7.25.9.tgz 3136ms (cache miss)
3723 http fetch GET 200 https://registry.npmjs.org/commander/-/commander-2.20.3.tgz 3082ms (cache miss)
3724 timing reifyNode:node_modules/@babel/helper-validator-identifier Completed in 3530ms
3725 timing reifyNode:node_modules/esrecurse/node_modules/estraverse Completed in 3549ms
3726 http fetch GET 200 https://registry.npmjs.org/source-map-js/-/source-map-js-1.2.1.tgz 3237ms (cache miss)
3727 timing reifyNode:node_modules/@babel/plugin-transform-classes Completed in 3539ms
3728 timing reifyNode:node_modules/@babel/plugin-transform-modules-commonjs Completed in 3556ms
3729 timing reifyNode:node_modules/@babel/plugin-transform-parameters Completed in 3557ms
3730 timing reifyNode:node_modules/regjsparser/node_modules/jsesc Completed in 3574ms
3731 timing reifyNode:node_modules/terser/node_modules/commander Completed in 3574ms
3732 http fetch GET 200 https://registry.npmjs.org/iconv-lite/-/iconv-lite-0.4.24.tgz 3382ms (cache miss)
3733 timing reifyNode:node_modules/source-map-js Completed in 3582ms
3734 timing reifyNode:node_modules/@emotion/memoize Completed in 3579ms
3735 http fetch GET 200 https://registry.npmjs.org/@babel/plugin-transform-block-scoping/-/plugin-transform-block-scoping-7.25.9.tgz 3190ms (cache miss)
3736 timing reifyNode:node_modules/@emotion/sheet Completed in 3597ms
3737 timing reifyNode:node_modules/iconv-lite Completed in 3621ms
3738 http fetch GET 200 https://registry.npmjs.org/object-inspect/-/object-inspect-1.13.4.tgz 3442ms (cache miss)
3739 timing reifyNode:node_modules/@babel/plugin-transform-block-scoping Completed in 3614ms
3740 timing reifyNode:node_modules/@emotion/weak-memoize Completed in 3620ms
3741 http fetch GET 200 https://registry.npmjs.org/hyperdyperid/-/hyperdyperid-1.2.0.tgz 3473ms (cache miss)
3742 timing reifyNode:node_modules/browserslist Completed in 3618ms
3743 timing reifyNode:node_modules/@jridgewell/gen-mapping Completed in 3619ms
3744 timing reifyNode:node_modules/accepts/node_modules/negotiator Completed in 3643ms
3745 timing reifyNode:node_modules/@emotion/hash Completed in 3628ms
3746 timing reifyNode:node_modules/@babel/helper-module-imports Completed in 3626ms
3747 http fetch GET 200 https://registry.npmjs.org/stylis/-/stylis-4.2.0.tgz 3282ms (cache miss)
3748 timing reifyNode:node_modules/babel-loader Completed in 3626ms
3749 timing reifyNode:node_modules/object-inspect Completed in 3661ms
3750 timing reifyNode:node_modules/@emotion/serialize Completed in 3645ms
3751 timing reifyNode:node_modules/hyperdyperid Completed in 3673ms
3752 timing reifyNode:node_modules/stylis Completed in 3649ms
3753 timing reifyNode:node_modules/prop-types/node_modules/react-is Completed in 3659ms
3754 timing reifyNode:node_modules/hoist-non-react-statics/node_modules/react-is Completed in 3660ms
3755 timing reifyNode:node_modules/tapable Completed in 3666ms
3756 timing reifyNode:node_modules/serve-index/node_modules/depd Completed in 3682ms
3757 http fetch GET 200 https://registry.npmjs.org/math-intrinsics/-/math-intrinsics-1.1.0.tgz 3504ms (cache miss)
3758 timing reifyNode:node_modules/pretty-error Completed in 3670ms
3759 timing reifyNode:node_modules/math-intrinsics Completed in 3711ms
3760 timing reifyNode:node_modules/relateurl Completed in 3691ms
3761 http fetch GET 200 https://registry.npmjs.org/htmlparser2/-/htmlparser2-6.1.0.tgz 3400ms (cache miss)
3762 timing reifyNode:node_modules/@ampproject/remapping Completed in 3692ms
3763 http fetch GET 200 https://registry.npmjs.org/jest-worker/-/jest-worker-27.5.1.tgz 3446ms (cache miss)
3764 http fetch GET 200 https://registry.npmjs.org/http-proxy-middleware/-/http-proxy-middleware-2.0.7.tgz 3475ms (cache miss)
3765 timing reifyNode:node_modules/htmlparser2 Completed in 3718ms
3766 http fetch GET 200 https://registry.npmjs.org/babel-plugin-polyfill-corejs3/-/babel-plugin-polyfill-corejs3-0.11.1.tgz 3340ms (cache miss)
3767 http fetch GET 200 https://registry.npmjs.org/webpack-sources/-/webpack-sources-3.2.3.tgz 3451ms (cache miss)
3768 timing reifyNode:node_modules/jest-worker Completed in 3733ms
3769 timing reifyNode:node_modules/@emotion/use-insertion-effect-with-fallbacks Completed in 3727ms
3770 http fetch GET 200 https://registry.npmjs.org/webpack-dev-middleware/-/webpack-dev-middleware-7.4.2.tgz 3502ms (cache miss)
3771 timing reifyNode:node_modules/http-proxy-middleware Completed in 3744ms
3772 timing reifyNode:node_modules/babel-plugin-polyfill-corejs3 Completed in 3733ms
3773 timing reifyNode:node_modules/webpack-sources Completed in 3747ms
3774 timing reifyNode:node_modules/@babel/compat-data Completed in 3734ms
3775 http fetch GET 200 https://registry.npmjs.org/regenerator-transform/-/regenerator-transform-0.15.2.tgz 3377ms (cache miss)
3776 http fetch GET 200 https://registry.npmjs.org/fast-uri/-/fast-uri-3.0.6.tgz 3460ms (cache miss)
3777 http fetch GET 200 https://registry.npmjs.org/html-webpack-plugin/-/html-webpack-plugin-5.6.3.tgz 3316ms (cache miss)
3778 timing reifyNode:node_modules/webpack-dev-middleware Completed in 3766ms
3779 timing reifyNode:node_modules/html-webpack-plugin Completed in 3751ms
3780 timing reifyNode:node_modules/regenerator-transform Completed in 3761ms
3781 http fetch GET 200 https://registry.npmjs.org/@babel/helper-define-polyfill-provider/-/helper-define-polyfill-provider-0.6.3.tgz 3427ms (cache miss)
3782 timing reifyNode:node_modules/fast-uri Completed in 3773ms
3783 timing reifyNode:node_modules/@emotion/utils Completed in 3770ms
3784 timing reifyNode:node_modules/domutils Completed in 3784ms
3785 http fetch GET 200 https://registry.npmjs.org/nth-check/-/nth-check-2.1.1.tgz 3491ms (cache miss)
3786 http fetch GET 200 https://registry.npmjs.org/schema-utils/-/schema-utils-4.3.0.tgz 3447ms (cache miss)
3787 timing reifyNode:node_modules/@babel/helper-define-polyfill-provider Completed in 3790ms
3788 timing reifyNode:node_modules/nanoid Completed in 3804ms
3789 timing reifyNode:node_modules/nth-check Completed in 3806ms
3790 timing reifyNode:node_modules/schema-utils Completed in 3807ms
3791 http fetch GET 200 https://registry.npmjs.org/csstype/-/csstype-3.1.3.tgz 3461ms (cache miss)
3792 timing reifyNode:node_modules/csstype Completed in 3813ms
3793 http fetch GET 200 https://registry.npmjs.org/tslib/-/tslib-2.6.2.tgz 3359ms (cache miss)
3794 timing reifyNode:node_modules/css-what Completed in 3821ms
3795 http fetch GET 200 https://registry.npmjs.org/@jridgewell/trace-mapping/-/trace-mapping-0.3.25.tgz 3404ms (cache miss)
3796 http fetch GET 200 https://registry.npmjs.org/css-loader/-/css-loader-6.11.0.tgz 3391ms (cache miss)
3797 timing reifyNode:node_modules/@babel/helper-compilation-targets Completed in 3817ms
3798 http fetch GET 200 https://registry.npmjs.org/commander/-/commander-10.0.1.tgz 3367ms (cache miss)
3799 http fetch GET 200 https://registry.npmjs.org/debug/-/debug-2.6.9.tgz 3392ms (cache miss)
3800 http fetch GET 200 https://registry.npmjs.org/@babel/helper-create-class-features-plugin/-/helper-create-class-features-plugin-7.26.9.tgz 3468ms (cache miss)
3801 timing reifyNode:node_modules/css-loader Completed in 3824ms
3802 timing reifyNode:node_modules/styled-components/node_modules/tslib Completed in 3825ms
3803 timing reifyNode:node_modules/@jridgewell/trace-mapping Completed in 3830ms
3804 timing reifyNode:node_modules/send/node_modules/debug Completed in 3856ms
3805 http fetch GET 200 https://registry.npmjs.org/debug/-/debug-2.6.9.tgz 3396ms (cache miss)
3806 timing reifyNode:node_modules/webpack-cli/node_modules/commander Completed in 3833ms
3807 http fetch GET 200 https://registry.npmjs.org/debug/-/debug-2.6.9.tgz 3405ms (cache miss)
3808 http fetch GET 200 https://registry.npmjs.org/events/-/events-3.3.0.tgz 3578ms (cache miss)
3809 timing reifyNode:node_modules/@babel/helper-create-class-features-plugin Completed in 3847ms
3810 http fetch GET 200 https://registry.npmjs.org/debug/-/debug-2.6.9.tgz 3404ms (cache miss)
3811 timing reifyNode:node_modules/body-parser/node_modules/debug Completed in 3867ms
3812 http fetch GET 200 https://registry.npmjs.org/@babel/template/-/template-7.26.9.tgz 3433ms (cache miss)
3813 http fetch GET 200 https://registry.npmjs.org/debug/-/debug-2.6.9.tgz 3407ms (cache miss)
3814 http fetch GET 200 https://registry.npmjs.org/debug/-/debug-2.6.9.tgz 3407ms (cache miss)
3815 timing reifyNode:node_modules/finalhandler/node_modules/debug Completed in 3873ms
3816 http fetch GET 200 https://registry.npmjs.org/@babel/helper-module-transforms/-/helper-module-transforms-7.26.0.tgz 3430ms (cache miss)
3817 timing reifyNode:node_modules/serve-index/node_modules/debug Completed in 3875ms
3818 timing reifyNode:node_modules/events Completed in 3873ms
3819 timing reifyNode:node_modules/express/node_modules/debug Completed in 3878ms
3820 timing reifyNode:node_modules/compression/node_modules/debug Completed in 3878ms
3821 http fetch GET 200 https://registry.npmjs.org/webpack-cli/-/webpack-cli-5.1.4.tgz 3436ms (cache miss)
3822 timing reifyNode:node_modules/@babel/template Completed in 3862ms
3823 timing reifyNode:node_modules/@babel/helper-module-transforms Completed in 3864ms
3824 timing reifyNode:node_modules/webpack-cli Completed in 3871ms
3825 http fetch GET 200 https://registry.npmjs.org/style-loader/-/style-loader-3.3.4.tgz 3462ms (cache miss)
3826 http fetch GET 200 https://registry.npmjs.org/@emotion/babel-plugin/-/babel-plugin-11.13.5.tgz 3537ms (cache miss)
3827 http fetch GET 200 https://registry.npmjs.org/stylis/-/stylis-4.3.2.tgz 3446ms (cache miss)
3828 timing reifyNode:node_modules/style-loader Completed in 3899ms
3829 timing reifyNode:node_modules/@emotion/babel-plugin Completed in 3912ms
3830 timing reifyNode:node_modules/styled-components/node_modules/@emotion/unitless Completed in 3904ms
3831 http fetch GET 200 https://registry.npmjs.org/json5/-/json5-2.2.3.tgz 3496ms (cache miss)
3832 timing reifyNode:node_modules/styled-components/node_modules/stylis Completed in 3906ms
3833 timing reifyNode:node_modules/json5 Completed in 3919ms
3834 http fetch GET 200 https://registry.npmjs.org/core-js-compat/-/core-js-compat-3.40.0.tgz 3563ms (cache miss)
3835 http fetch GET 200 https://registry.npmjs.org/bonjour-service/-/bonjour-service-1.3.0.tgz 3702ms (cache miss)
3836 http fetch GET 200 https://registry.npmjs.org/react-router/-/react-router-6.29.0.tgz 3636ms (cache miss)
3837 timing reifyNode:node_modules/styled-components/node_modules/@emotion/memoize Completed in 3934ms
3838 timing reifyNode:node_modules/core-js-compat Completed in 3942ms
3839 http fetch GET 200 https://registry.npmjs.org/source-map/-/source-map-0.5.7.tgz 3593ms (cache miss)
3840 timing reifyNode:node_modules/bonjour-service Completed in 3964ms
3841 timing reifyNode:node_modules/react-router Completed in 3956ms
3842 timing reifyNode:node_modules/source-map Completed in 3957ms
3843 timing reifyNode:node_modules/@babel/preset-modules Completed in 3960ms
3844 http fetch GET 200 https://registry.npmjs.org/react/-/react-18.3.1.tgz 3530ms (cache miss)
3845 http fetch GET 200 https://registry.npmjs.org/undici-types/-/undici-types-6.20.0.tgz 3722ms (cache miss)
3846 timing reifyNode:node_modules/react Completed in 3966ms
3847 timing reifyNode:node_modules/styled-components/node_modules/@emotion/is-prop-valid Completed in 3969ms
3848 timing reifyNode:node_modules/undici-types Completed in 3995ms
3849 http fetch GET 200 https://registry.npmjs.org/readable-stream/-/readable-stream-2.3.8.tgz 3550ms (cache miss)
3850 timing reifyNode:node_modules/hpack.js/node_modules/readable-stream Completed in 4023ms
3851 http fetch GET 200 https://registry.npmjs.org/css-select/-/css-select-4.3.0.tgz 3724ms (cache miss)
3852 http fetch GET 200 https://registry.npmjs.org/@types/react/-/react-19.0.10.tgz 3675ms (cache miss)
3853 http fetch GET 200 https://registry.npmjs.org/postcss-selector-parser/-/postcss-selector-parser-7.1.0.tgz 3720ms (cache miss)
3854 timing reifyNode:node_modules/css-select Completed in 4036ms
3855 timing reifyNode:node_modules/@types/react Completed in 4032ms
3856 timing reifyNode:node_modules/postcss-selector-parser Completed in 4037ms
3857 timing reifyNode:node_modules/@jsonjoy.com/base64 Completed in 4065ms
3858 http fetch GET 200 https://registry.npmjs.org/@webassemblyjs/ast/-/ast-1.14.1.tgz 3776ms (cache miss)
3859 timing reifyNode:node_modules/@webassemblyjs/ast Completed in 4068ms
3860 http fetch GET 200 https://registry.npmjs.org/css-to-react-native/-/css-to-react-native-3.2.0.tgz 3812ms (cache miss)
3861 timing reifyNode:node_modules/css-to-react-native Completed in 4110ms
3862 http fetch GET 200 https://registry.npmjs.org/cosmiconfig/-/cosmiconfig-7.1.0.tgz 3769ms (cache miss)
3863 timing reifyNode:node_modules/cosmiconfig Completed in 4119ms
3864 http fetch GET 200 https://registry.npmjs.org/react-transition-group/-/react-transition-group-4.4.5.tgz 3778ms (cache miss)
3865 timing reifyNode:node_modules/react-transition-group Completed in 4126ms
3866 http fetch GET 200 https://registry.npmjs.org/source-map/-/source-map-0.6.1.tgz 3675ms (cache miss)
3867 timing reifyNode:node_modules/source-map-support/node_modules/source-map Completed in 4135ms
3868 http fetch GET 200 https://registry.npmjs.org/enhanced-resolve/-/enhanced-resolve-5.18.1.tgz 3861ms (cache miss)
3869 http fetch GET 200 https://registry.npmjs.org/@emotion/cache/-/cache-11.14.0.tgz 3778ms (cache miss)
3870 http fetch GET 200 https://registry.npmjs.org/source-map/-/source-map-0.6.1.tgz 3685ms (cache miss)
3871 timing reifyNode:node_modules/clean-css/node_modules/source-map Completed in 4140ms
3872 timing reifyNode:node_modules/enhanced-resolve Completed in 4149ms
3873 http fetch GET 200 https://registry.npmjs.org/react-router-dom/-/react-router-dom-6.29.0.tgz 3713ms (cache miss)
3874 timing reifyNode:node_modules/@emotion/cache Completed in 4146ms
3875 timing reifyNode:node_modules/react-router-dom Completed in 4141ms
3876 http fetch GET 200 https://registry.npmjs.org/@mui/styled-engine/-/styled-engine-5.16.14.tgz 3816ms (cache miss)
3877 timing reifyNode:node_modules/@mui/styled-engine Completed in 4165ms
3878 http fetch GET 200 https://registry.npmjs.org/@babel/parser/-/parser-7.26.9.tgz 3749ms (cache miss)
3879 timing reifyNode:node_modules/@babel/parser Completed in 4170ms
3880 http fetch GET 200 https://registry.npmjs.org/webpack-dev-server/-/webpack-dev-server-5.2.0.tgz 3759ms (cache miss)
3881 timing reifyNode:node_modules/webpack-dev-server Completed in 4186ms
3882 http fetch GET 200 https://registry.npmjs.org/uuid/-/uuid-8.3.2.tgz 4042ms (cache miss)
3883 timing reifyNode:node_modules/uuid Completed in 4236ms
3884 http fetch GET 200 https://registry.npmjs.org/@mui/private-theming/-/private-theming-5.16.14.tgz 3898ms (cache miss)
3885 http fetch GET 200 https://registry.npmjs.org/@babel/preset-env/-/preset-env-7.26.9.tgz 3806ms (cache miss)
3886 timing reifyNode:node_modules/@mui/private-theming Completed in 4248ms
3887 timing reifyNode:node_modules/@babel/preset-env Completed in 4241ms
3888 http fetch GET 200 https://registry.npmjs.org/postcss/-/postcss-8.5.3.tgz 3941ms (cache miss)
3889 timing reifyNode:node_modules/postcss Completed in 4280ms
3890 http fetch GET 200 https://registry.npmjs.org/@babel/generator/-/generator-7.26.9.tgz 3894ms (cache miss)
3891 timing reifyNode:node_modules/@babel/generator Completed in 4317ms
3892 http fetch GET 200 https://registry.npmjs.org/@remix-run/router/-/router-1.22.0.tgz 4033ms (cache miss)
3893 timing reifyNode:node_modules/@remix-run/router Completed in 4345ms
3894 http fetch GET 200 https://registry.npmjs.org/semver/-/semver-7.7.1.tgz 3883ms (cache miss)
3895 timing reifyNode:node_modules/css-loader/node_modules/semver Completed in 4342ms
3896 http fetch GET 200 https://registry.npmjs.org/yaml/-/yaml-1.10.2.tgz 4027ms (cache miss)
3897 timing reifyNode:node_modules/yaml Completed in 4370ms
3898 http fetch GET 200 https://registry.npmjs.org/postcss/-/postcss-8.4.49.tgz 3920ms (cache miss)
3899 http fetch GET 200 https://registry.npmjs.org/renderkid/-/renderkid-3.0.0.tgz 4082ms (cache miss)
3900 timing reifyNode:node_modules/styled-components/node_modules/postcss Completed in 4381ms
3901 timing reifyNode:node_modules/renderkid Completed in 4394ms
3902 http fetch GET 200 https://registry.npmjs.org/node-forge/-/node-forge-1.3.1.tgz 4278ms (cache miss)
3903 timing reifyNode:node_modules/node-forge Completed in 4477ms
3904 http fetch GET 200 https://registry.npmjs.org/terser/-/terser-5.39.0.tgz 4155ms (cache miss)
3905 timing reifyNode:node_modules/terser Completed in 4477ms
3906 http fetch GET 200 https://registry.npmjs.org/@babel/traverse/-/traverse-7.26.9.tgz 4057ms (cache miss)
3907 timing reifyNode:node_modules/@babel/traverse Completed in 4477ms
3908 http fetch GET 200 https://registry.npmjs.org/serve-index/-/serve-index-1.9.1.tgz 4297ms (cache miss)
3909 timing reifyNode:node_modules/serve-index Completed in 4546ms
3910 http fetch GET 200 https://registry.npmjs.org/@emotion/styled/-/styled-11.14.0.tgz 4124ms (cache miss)
3911 timing reifyNode:node_modules/@emotion/styled Completed in 4554ms
3912 http fetch GET 200 https://registry.npmjs.org/@types/node/-/node-22.13.5.tgz 4354ms (cache miss)
3913 timing reifyNode:node_modules/@types/node Completed in 4624ms
3914 http fetch GET 200 https://registry.npmjs.org/react-dom/-/react-dom-18.3.1.tgz 4269ms (cache miss)
3915 timing reifyNode:node_modules/react-dom Completed in 4695ms
3916 http fetch GET 200 https://registry.npmjs.org/neo-async/-/neo-async-2.6.2.tgz 4447ms (cache miss)
3917 timing reifyNode:node_modules/neo-async Completed in 4726ms
3918 http fetch GET 200 https://registry.npmjs.org/resolve/-/resolve-1.22.10.tgz 4385ms (cache miss)
3919 timing reifyNode:node_modules/resolve Completed in 4730ms
3920 http fetch GET 200 https://registry.npmjs.org/clean-css/-/clean-css-5.3.3.tgz 4516ms (cache miss)
3921 timing reifyNode:node_modules/clean-css Completed in 4845ms
3922 http fetch GET 200 https://registry.npmjs.org/@babel/core/-/core-7.26.9.tgz 4463ms (cache miss)
3923 timing reifyNode:node_modules/@babel/core Completed in 4891ms
3924 http fetch GET 200 https://registry.npmjs.org/thingies/-/thingies-1.21.0.tgz 4788ms (cache miss)
3925 timing reifyNode:node_modules/thingies Completed in 4968ms
3926 http fetch GET 200 https://registry.npmjs.org/ajv-keywords/-/ajv-keywords-5.1.0.tgz 4660ms (cache miss)
3927 timing reifyNode:node_modules/ajv-keywords Completed in 4955ms
3928 http fetch GET 200 https://registry.npmjs.org/@emotion/react/-/react-11.14.0.tgz 4583ms (cache miss)
3929 timing reifyNode:node_modules/@emotion/react Completed in 5012ms
3930 http fetch GET 200 https://registry.npmjs.org/styled-components/-/styled-components-6.1.15.tgz 4649ms (cache miss)
3931 timing reifyNode:node_modules/styled-components Completed in 5072ms
3932 http fetch GET 200 https://registry.npmjs.org/@jsonjoy.com/json-pack/-/json-pack-1.1.1.tgz 5050ms (cache miss)
3933 timing reifyNode:node_modules/@jsonjoy.com/json-pack Completed in 5230ms
3934 http fetch GET 200 https://registry.npmjs.org/@babel/runtime/-/runtime-7.26.9.tgz 4901ms (cache miss)
3935 timing reifyNode:node_modules/@babel/runtime Completed in 5262ms
3936 http fetch GET 200 https://registry.npmjs.org/@babel/types/-/types-7.26.9.tgz 4864ms (cache miss)
3937 timing reifyNode:node_modules/@babel/types Completed in 5278ms
3938 http fetch GET 200 https://registry.npmjs.org/@babel/helpers/-/helpers-7.26.9.tgz 4897ms (cache miss)
3939 timing reifyNode:node_modules/@babel/helpers Completed in 5321ms
3940 http fetch GET 200 https://registry.npmjs.org/memfs/-/memfs-4.17.0.tgz 5192ms (cache miss)
3941 timing reifyNode:node_modules/memfs Completed in 5371ms
3942 http fetch GET 200 https://registry.npmjs.org/dom-helpers/-/dom-helpers-5.2.1.tgz 5125ms (cache miss)
3943 timing reifyNode:node_modules/dom-helpers Completed in 5432ms
3944 http fetch GET 200 https://registry.npmjs.org/@jsonjoy.com/util/-/util-1.5.0.tgz 5277ms (cache miss)
3945 timing reifyNode:node_modules/@jsonjoy.com/util Completed in 5456ms
3946 http fetch GET 200 https://registry.npmjs.org/@popperjs/core/-/core-2.11.8.tgz 5121ms (cache miss)
3947 timing reifyNode:node_modules/@popperjs/core Completed in 5468ms
3948 http fetch GET 200 https://registry.npmjs.org/@mui/system/-/system-5.16.14.tgz 5471ms (cache miss)
3949 timing reifyNode:node_modules/@mui/system Completed in 5821ms
3950 http fetch GET 200 https://registry.npmjs.org/regenerate-unicode-properties/-/regenerate-unicode-properties-10.2.0.tgz 5536ms (cache miss)
3951 timing reifyNode:node_modules/regenerate-unicode-properties Completed in 5838ms
3952 http fetch GET 200 https://registry.npmjs.org/ajv/-/ajv-8.17.1.tgz 5632ms (cache miss)
3953 timing reifyNode:node_modules/ajv Completed in 5926ms
3954 http fetch GET 200 https://registry.npmjs.org/@mui/utils/-/utils-5.16.14.tgz 5786ms (cache miss)
3955 timing reifyNode:node_modules/@mui/utils Completed in 6135ms
3956 http fetch GET 200 https://registry.npmjs.org/webpack/-/webpack-5.98.0.tgz 5964ms (cache miss)
3957 timing reifyNode:node_modules/webpack Completed in 6389ms
3958 http fetch GET 200 https://registry.npmjs.org/caniuse-lite/-/caniuse-lite-1.0.30001701.tgz 6160ms (cache miss)
3959 timing reifyNode:node_modules/caniuse-lite Completed in 6501ms
3960 http fetch GET 200 https://registry.npmjs.org/lodash/-/lodash-4.17.21.tgz 6323ms (cache miss)
3961 timing reifyNode:node_modules/lodash Completed in 6651ms
3962 http fetch GET 200 https://registry.npmjs.org/@mui/material/-/material-5.16.14.tgz 9594ms (cache miss)
3963 timing reifyNode:node_modules/@mui/material Completed in 10018ms
3964 timing reify:unpack Completed in 10054ms
3965 timing reify:unretire Completed in 0ms
3966 timing build:queue Completed in 13ms
3967 timing build:link:node_modules/@babel/parser Completed in 65ms
3968 timing build:link:node_modules/cssesc Completed in 64ms
3969 timing build:link:node_modules/acorn Completed in 65ms
3970 timing build:link:node_modules/ansi-html-community Completed in 65ms
3971 timing build:link:node_modules/envinfo Completed in 64ms
3972 timing build:link:node_modules/is-docker Completed in 64ms
3973 timing build:link:node_modules/browserslist Completed in 65ms
3974 timing build:link:node_modules/flat Completed in 64ms
3975 timing build:link:node_modules/import-local Completed in 64ms
3976 timing build:link:node_modules/is-inside-container Completed in 64ms
3977 timing build:link:node_modules/regjsparser/node_modules/jsesc Completed in 62ms
3978 timing build:link:node_modules/json5 Completed in 64ms
3979 timing build:link:node_modules/he Completed in 64ms
3980 timing build:link:node_modules/loose-envify Completed in 63ms
3981 timing build:link:node_modules/mime Completed in 63ms
3982 timing build:link:node_modules/css-loader/node_modules/semver Completed in 62ms
3983 timing build:link:node_modules/multicast-dns Completed in 63ms
3984 timing build:link:node_modules/jsesc Completed in 65ms
3985 timing build:link:node_modules/html-minifier-terser Completed in 65ms
3986 timing build:link:node_modules/regjsparser Completed in 64ms
3987 timing build:link:node_modules/semver Completed in 64ms
3988 timing build:link:node_modules/resolve Completed in 64ms
3989 timing build:link:node_modules/nanoid Completed in 64ms
3990 timing build:link:node_modules/update-browserslist-db Completed in 64ms
3991 timing build:link:node_modules/uuid Completed in 64ms
3992 timing build:link:node_modules/webpack-cli Completed in 64ms
3993 timing build:link:node_modules/terser Completed in 64ms
3994 timing build:link:node_modules/webpack-dev-server Completed in 64ms
3995 timing build:link:node_modules/webpack Completed in 64ms
3996 timing build:link:node_modules/which Completed in 64ms
3997 timing build:link Completed in 66ms
3998 timing build:deps Completed in 80ms
3999 timing build Completed in 81ms
4000 timing reify:build Completed in 82ms
4001 timing reify:trash Completed in 0ms
4002 timing reify:save Completed in 169ms
4003 timing reify Completed in 21585ms
4004 silly ADD node_modules/p-try
4005 silly ADD node_modules/process-nextick-args
4006 silly ADD node_modules/isarray
4007 silly ADD node_modules/core-util-is
4008 silly ADD node_modules/isexe
4009 silly ADD node_modules/websocket-extensions
4010 silly ADD node_modules/http-parser-js
4011 silly ADD node_modules/isobject
4012 silly ADD node_modules/shallow-clone
4013 silly ADD node_modules/kind-of
4014 silly ADD node_modules/is-plain-object
4015 silly ADD node_modules/wildcard
4016 silly ADD node_modules/flat
4017 silly ADD node_modules/clone-deep
4018 silly ADD node_modules/thingies
4019 silly ADD node_modules/hyperdyperid
4020 silly ADD node_modules/@jsonjoy.com/base64
4021 silly ADD node_modules/tree-dump
4022 silly ADD node_modules/@jsonjoy.com/util
4023 silly ADD node_modules/@jsonjoy.com/json-pack
4024 silly ADD node_modules/memfs
4025 silly ADD node_modules/minimalistic-assert
4026 silly ADD node_modules/media-typer
4027 silly ADD node_modules/is-number
4028 silly ADD node_modules/string_decoder
4029 silly ADD node_modules/wbuf
4030 silly ADD node_modules/readable-stream
4031 silly ADD node_modules/obuf
4032 silly ADD node_modules/hpack.js
4033 silly ADD node_modules/hpack.js/node_modules/string_decoder
4034 silly ADD node_modules/hpack.js/node_modules/safe-buffer
4035 silly ADD node_modules/hpack.js/node_modules/readable-stream
4036 silly ADD node_modules/detect-node
4037 silly ADD node_modules/spdy-transport
4038 silly ADD node_modules/select-hose
4039 silly ADD node_modules/http-deceiver
4040 silly ADD node_modules/handle-thing
4041 silly ADD node_modules/websocket-driver
4042 silly ADD node_modules/uuid
4043 silly ADD node_modules/faye-websocket
4044 silly ADD node_modules/dunder-proto
4045 silly ADD node_modules/math-intrinsics
4046 silly ADD node_modules/has-symbols
4047 silly ADD node_modules/gopd
4048 silly ADD node_modules/get-proto
4049 silly ADD node_modules/es-object-atoms
4050 silly ADD node_modules/es-define-property
4051 silly ADD node_modules/call-bind-apply-helpers
4052 silly ADD node_modules/get-intrinsic
4053 silly ADD node_modules/call-bound
4054 silly ADD node_modules/side-channel-weakmap
4055 silly ADD node_modules/side-channel-map
4056 silly ADD node_modules/side-channel-list
4057 silly ADD node_modules/object-inspect
4058 silly ADD node_modules/es-errors
4059 silly ADD node_modules/batch
4060 silly ADD node_modules/mime
4061 silly ADD node_modules/node-forge
4062 silly ADD node_modules/@types/node-forge
4063 silly ADD node_modules/side-channel
4064 silly ADD node_modules/forwarded
4065 silly ADD node_modules/retry
4066 silly ADD node_modules/is-network-error
4067 silly ADD node_modules/@types/retry
4068 silly ADD node_modules/is-docker
4069 silly ADD node_modules/run-applescript
4070 silly ADD node_modules/default-browser-id
4071 silly ADD node_modules/bundle-name
4072 silly ADD node_modules/is-wsl
4073 silly ADD node_modules/is-inside-container
4074 silly ADD node_modules/define-lazy-prop
4075 silly ADD node_modules/default-browser
4076 silly ADD node_modules/ee-first
4077 silly ADD node_modules/@leichtgewicht/ip-codec
4078 silly ADD node_modules/thunky
4079 silly ADD node_modules/dns-packet
4080 silly ADD node_modules/shell-quote
4081 silly ADD node_modules/is-extglob
4082 silly ADD node_modules/binary-extensions
4083 silly ADD node_modules/safer-buffer
4084 silly ADD node_modules/requires-port
4085 silly ADD node_modules/follow-redirects
4086 silly ADD node_modules/eventemitter3
4087 silly ADD node_modules/micromatch
4088 silly ADD node_modules/is-plain-obj
4089 silly ADD node_modules/http-proxy
4090 silly ADD node_modules/@types/http-proxy
4091 silly ADD node_modules/toidentifier
4092 silly ADD node_modules/inherits
4093 silly ADD node_modules/to-regex-range
4094 silly ADD node_modules/unpipe
4095 silly ADD node_modules/raw-body
4096 silly ADD node_modules/iconv-lite
4097 silly ADD node_modules/destroy
4098 silly ADD node_modules/utils-merge
4099 silly ADD node_modules/type-is
4100 silly ADD node_modules/statuses
4101 silly ADD node_modules/setprototypeof
4102 silly ADD node_modules/serve-static
4103 silly ADD node_modules/send
4104 silly ADD node_modules/send/node_modules/encodeurl
4105 silly ADD node_modules/send/node_modules/debug
4106 silly ADD node_modules/send/node_modules/debug/node_modules/ms
4107 silly ADD node_modules/range-parser
4108 silly ADD node_modules/qs
4109 silly ADD node_modules/proxy-addr
4110 silly ADD node_modules/proxy-addr/node_modules/ipaddr.js
4111 silly ADD node_modules/path-to-regexp
4112 silly ADD node_modules/parseurl
4113 silly ADD node_modules/on-finished
4114 silly ADD node_modules/methods
4115 silly ADD node_modules/merge-descriptors
4116 silly ADD node_modules/http-errors
4117 silly ADD node_modules/fresh
4118 silly ADD node_modules/finalhandler
4119 silly ADD node_modules/finalhandler/node_modules/ms
4120 silly ADD node_modules/finalhandler/node_modules/debug
4121 silly ADD node_modules/etag
4122 silly ADD node_modules/escape-html
4123 silly ADD node_modules/encodeurl
4124 silly ADD node_modules/depd
4125 silly ADD node_modules/cookie-signature
4126 silly ADD node_modules/cookie
4127 silly ADD node_modules/content-type
4128 silly ADD node_modules/content-disposition
4129 silly ADD node_modules/body-parser
4130 silly ADD node_modules/body-parser/node_modules/ms
4131 silly ADD node_modules/body-parser/node_modules/debug
4132 silly ADD node_modules/array-flatten
4133 silly ADD node_modules/accepts
4134 silly ADD node_modules/accepts/node_modules/negotiator
4135 silly ADD node_modules/vary
4136 silly ADD node_modules/on-headers
4137 silly ADD node_modules/negotiator
4138 silly ADD node_modules/compressible
4139 silly ADD node_modules/bytes
4140 silly ADD node_modules/fill-range
4141 silly ADD node_modules/picomatch
4142 silly ADD node_modules/readdirp
4143 silly ADD node_modules/normalize-path
4144 silly ADD node_modules/is-glob
4145 silly ADD node_modules/is-binary-path
4146 silly ADD node_modules/glob-parent
4147 silly ADD
4148 silly ADD node_modules/braces
4149 silly ADD node_modules/anymatch
4150 silly ADD node_modules/multicast-dns
4151 silly ADD node_modules/@types/http-errors
4152 silly ADD node_modules/@types/mime
4153 silly ADD node_modules/@types/send
4154 silly ADD node_modules/@types/range-parser
4155 silly ADD node_modules/@types/connect
4156 silly ADD node_modules/@types/qs
4157 silly ADD node_modules/@types/body-parser
4158 silly ADD node_modules/@types/express-serve-static-core
4159 silly ADD node_modules/ws
4160 silly ADD node_modules/webpack-dev-middleware
4161 silly ADD node_modules/spdy
4162 silly ADD node_modules/sockjs
4163 silly ADD node_modules/serve-index
4164 silly ADD node_modules/serve-index/node_modules/statuses
4165 silly ADD node_modules/serve-index/node_modules/setprototypeof
4166 silly ADD node_modules/serve-index/node_modules/inherits
4167 silly ADD node_modules/serve-index/node_modules/depd
4168 silly ADD node_modules/serve-index/node_modules/ms
4169 silly ADD node_modules/serve-index/node_modules/http-errors
4170 silly ADD node_modules/serve-index/node_modules/debug
4171 silly ADD node_modules/selfsigned
4172 silly ADD node_modules/p-retry
4173 silly ADD node_modules/open
4174 silly ADD node_modules/launch-editor
4175 silly ADD node_modules/ipaddr.js
4176 silly ADD node_modules/http-proxy-middleware
4177 silly ADD node_modules/express
4178 silly ADD node_modules/express/node_modules/ms
4179 silly ADD node_modules/express/node_modules/debug
4180 silly ADD node_modules/connect-history-api-fallback
4181 silly ADD node_modules/compression
4182 silly ADD node_modules/compression/node_modules/ms
4183 silly ADD node_modules/compression/node_modules/debug
4184 silly ADD node_modules/chokidar
4185 silly ADD node_modules/bonjour-service
4186 silly ADD node_modules/ansi-html-community
4187 silly ADD node_modules/@types/ws
4188 silly ADD node_modules/@types/sockjs
4189 silly ADD node_modules/@types/serve-static
4190 silly ADD node_modules/@types/serve-index
4191 silly ADD node_modules/@types/express
4192 silly ADD node_modules/@types/express/node_modules/@types/express-serve-static-core
4193 silly ADD node_modules/@types/connect-history-api-fallback
4194 silly ADD node_modules/@types/bonjour
4195 silly ADD node_modules/shebang-regex
4196 silly ADD node_modules/resolve-cwd
4197 silly ADD node_modules/resolve-cwd/node_modules/resolve-from
4198 silly ADD node_modules/which
4199 silly ADD node_modules/shebang-command
4200 silly ADD node_modules/path-key
4201 silly ADD node_modules/webpack-merge
4202 silly ADD node_modules/rechoir
4203 silly ADD node_modules/interpret
4204 silly ADD node_modules/import-local
4205 silly ADD node_modules/import-local/node_modules/p-limit
4206 silly ADD node_modules/import-local/node_modules/p-locate
4207 silly ADD node_modules/import-local/node_modules/path-exists
4208 silly ADD node_modules/import-local/node_modules/locate-path
4209 silly ADD node_modules/import-local/node_modules/find-up
4210 silly ADD node_modules/import-local/node_modules/pkg-dir
4211 silly ADD node_modules/fastest-levenshtein
4212 silly ADD node_modules/envinfo
4213 silly ADD node_modules/cross-spawn
4214 silly ADD node_modules/colorette
4215 silly ADD node_modules/@webpack-cli/serve
4216 silly ADD node_modules/@webpack-cli/info
4217 silly ADD node_modules/@webpack-cli/configtest
4218 silly ADD node_modules/@discoveryjs/json-ext
4219 silly ADD node_modules/has-flag
4220 silly ADD node_modules/safe-buffer
4221 silly ADD node_modules/randombytes
4222 silly ADD node_modules/undici-types
4223 silly ADD node_modules/supports-color
4224 silly ADD node_modules/merge-stream
4225 silly ADD node_modules/@types/node
4226 silly ADD node_modules/serialize-javascript
4227 silly ADD node_modules/jest-worker
4228 silly ADD node_modules/mime-db
4229 silly ADD node_modules/estraverse
4230 silly ADD node_modules/esrecurse
4231 silly ADD node_modules/esrecurse/node_modules/estraverse
4232 silly ADD node_modules/@xtuc/ieee754
4233 silly ADD node_modules/@webassemblyjs/utf8
4234 silly ADD node_modules/@webassemblyjs/leb128
4235 silly ADD node_modules/@webassemblyjs/ieee754
4236 silly ADD node_modules/@webassemblyjs/wast-printer
4237 silly ADD node_modules/@webassemblyjs/wasm-opt
4238 silly ADD node_modules/@webassemblyjs/wasm-gen
4239 silly ADD node_modules/@webassemblyjs/helper-wasm-section
4240 silly ADD node_modules/@webassemblyjs/helper-buffer
4241 silly ADD node_modules/@xtuc/long
4242 silly ADD node_modules/@webassemblyjs/helper-api-error
4243 silly ADD node_modules/@webassemblyjs/floating-point-hex-parser
4244 silly ADD node_modules/@webassemblyjs/helper-wasm-bytecode
4245 silly ADD node_modules/@webassemblyjs/helper-numbers
4246 silly ADD node_modules/@types/eslint
4247 silly ADD node_modules/webpack-sources
4248 silly ADD node_modules/watchpack
4249 silly ADD node_modules/terser-webpack-plugin
4250 silly ADD node_modules/neo-async
4251 silly ADD node_modules/mime-types
4252 silly ADD node_modules/loader-runner
4253 silly ADD node_modules/graceful-fs
4254 silly ADD node_modules/glob-to-regexp
4255 silly ADD node_modules/events
4256 silly ADD node_modules/eslint-scope
4257 silly ADD node_modules/es-module-lexer
4258 silly ADD node_modules/enhanced-resolve
4259 silly ADD node_modules/chrome-trace-event
4260 silly ADD node_modules/@webassemblyjs/wasm-parser
4261 silly ADD node_modules/@webassemblyjs/wasm-edit
4262 silly ADD node_modules/@webassemblyjs/ast
4263 silly ADD node_modules/@types/estree
4264 silly ADD node_modules/@types/eslint-scope
4265 silly ADD node_modules/escalade
4266 silly ADD node_modules/unicode-property-aliases-ecmascript
4267 silly ADD node_modules/unicode-canonical-property-names-ecmascript
4268 silly ADD node_modules/buffer-from
4269 silly ADD node_modules/source-map-support
4270 silly ADD node_modules/source-map-support/node_modules/source-map
4271 silly ADD node_modules/acorn
4272 silly ADD node_modules/@jridgewell/source-map
4273 silly ADD node_modules/css-color-keywords
4274 silly ADD node_modules/camelize
4275 silly ADD node_modules/shallowequal
4276 silly ADD node_modules/css-to-react-native
4277 silly ADD node_modules/@types/stylis
4278 silly ADD node_modules/ansi-regex
4279 silly ADD node_modules/require-from-string
4280 silly ADD node_modules/json-schema-traverse
4281 silly ADD node_modules/fast-uri
4282 silly ADD node_modules/fast-deep-equal
4283 silly ADD node_modules/ajv-keywords
4284 silly ADD node_modules/ajv-formats
4285 silly ADD node_modules/ajv
4286 silly ADD node_modules/@types/json-schema
4287 silly ADD node_modules/function-bind
4288 silly ADD node_modules/hasown
4289 silly ADD node_modules/supports-preserve-symlinks-flag
4290 silly ADD node_modules/path-parse
4291 silly ADD node_modules/is-core-module
4292 silly ADD node_modules/entities
4293 silly ADD node_modules/dom-serializer
4294 silly ADD node_modules/domelementtype
4295 silly ADD node_modules/utila
4296 silly ADD node_modules/nth-check
4297 silly ADD node_modules/domutils
4298 silly ADD node_modules/domhandler
4299 silly ADD node_modules/css-what
4300 silly ADD node_modules/boolbase
4301 silly ADD node_modules/strip-ansi
4302 silly ADD node_modules/htmlparser2
4303 silly ADD node_modules/dom-converter
4304 silly ADD node_modules/css-select
4305 silly ADD node_modules/unicode-match-property-value-ecmascript
4306 silly ADD node_modules/unicode-match-property-ecmascript
4307 silly ADD node_modules/regjsparser
4308 silly ADD node_modules/regjsparser/node_modules/jsesc
4309 silly ADD node_modules/regjsgen
4310 silly ADD node_modules/regenerate-unicode-properties
4311 silly ADD node_modules/regenerate
4312 silly ADD node_modules/dom-helpers
4313 silly ADD node_modules/react-router
4314 silly ADD node_modules/@remix-run/router
4315 silly ADD node_modules/scheduler
4316 silly ADD node_modules/object-assign
4317 silly ADD node_modules/loose-envify
4318 silly ADD node_modules/renderkid
4319 silly ADD node_modules/util-deprecate
4320 silly ADD node_modules/cssesc
4321 silly ADD node_modules/postcss-selector-parser
4322 silly ADD node_modules/source-map-js
4323 silly ADD node_modules/nanoid
4324 silly ADD node_modules/yocto-queue
4325 silly ADD node_modules/p-limit
4326 silly ADD node_modules/p-locate
4327 silly ADD node_modules/path-exists
4328 silly ADD node_modules/locate-path
4329 silly ADD node_modules/find-up
4330 silly ADD node_modules/is-arrayish
4331 silly ADD node_modules/lines-and-columns
4332 silly ADD node_modules/json-parse-even-better-errors
4333 silly ADD node_modules/error-ex
4334 silly ADD node_modules/callsites
4335 silly ADD node_modules/lower-case
4336 silly ADD node_modules/no-case
4337 silly ADD node_modules/dot-case
4338 silly ADD node_modules/yallist
4339 silly ADD node_modules/resolve-from
4340 silly ADD node_modules/parent-module
4341 silly ADD node_modules/tslib
4342 silly ADD node_modules/pascal-case
4343 silly ADD node_modules/terser
4344 silly ADD node_modules/terser/node_modules/commander
4345 silly ADD node_modules/relateurl
4346 silly ADD node_modules/param-case
4347 silly ADD node_modules/he
4348 silly ADD node_modules/commander
4349 silly ADD node_modules/clean-css
4350 silly ADD node_modules/clean-css/node_modules/source-map
4351 silly ADD node_modules/camel-case
4352 silly ADD node_modules/tapable
4353 silly ADD node_modules/pretty-error
4354 silly ADD node_modules/lodash
4355 silly ADD node_modules/html-minifier-terser
4356 silly ADD node_modules/@types/html-minifier-terser
4357 silly ADD node_modules/pkg-dir
4358 silly ADD node_modules/common-path-prefix
4359 silly ADD node_modules/ms
4360 silly ADD node_modules/postcss-value-parser
4361 silly ADD node_modules/postcss-modules-values
4362 silly ADD node_modules/postcss-modules-scope
4363 silly ADD node_modules/postcss-modules-local-by-default
4364 silly ADD node_modules/postcss-modules-extract-imports
4365 silly ADD node_modules/postcss
4366 silly ADD node_modules/icss-utils
4367 silly ADD node_modules/yaml
4368 silly ADD node_modules/path-type
4369 silly ADD node_modules/parse-json
4370 silly ADD node_modules/import-fresh
4371 silly ADD node_modules/@types/parse-json
4372 silly ADD node_modules/update-browserslist-db
4373 silly ADD node_modules/node-releases
4374 silly ADD node_modules/electron-to-chromium
4375 silly ADD node_modules/caniuse-lite
4376 silly ADD node_modules/lodash.debounce
4377 silly ADD node_modules/@babel/helper-define-polyfill-provider
4378 silly ADD node_modules/resolve
4379 silly ADD node_modules/cosmiconfig
4380 silly ADD node_modules/schema-utils
4381 silly ADD node_modules/find-cache-dir
4382 silly ADD node_modules/@types/prop-types
4383 silly ADD node_modules/@mui/styled-engine
4384 silly ADD node_modules/@mui/private-theming
4385 silly ADD node_modules/react-transition-group
4386 silly ADD node_modules/react-is
4387 silly ADD node_modules/prop-types
4388 silly ADD node_modules/prop-types/node_modules/react-is
4389 silly ADD node_modules/clsx
4390 silly ADD node_modules/@types/react
4391 silly ADD node_modules/@types/react-transition-group
4392 silly ADD node_modules/@popperjs/core
4393 silly ADD node_modules/@mui/utils
4394 silly ADD node_modules/@mui/types
4395 silly ADD node_modules/@mui/system
4396 silly ADD node_modules/@mui/core-downloads-tracker
4397 silly ADD node_modules/@jridgewell/resolve-uri
4398 silly ADD node_modules/@jridgewell/sourcemap-codec
4399 silly ADD node_modules/@jridgewell/set-array
4400 silly ADD node_modules/@emotion/is-prop-valid
4401 silly ADD node_modules/csstype
4402 silly ADD node_modules/@emotion/unitless
4403 silly ADD node_modules/@emotion/sheet
4404 silly ADD node_modules/stylis
4405 silly ADD node_modules/source-map
4406 silly ADD node_modules/find-root
4407 silly ADD node_modules/escape-string-regexp
4408 silly ADD node_modules/babel-plugin-macros
4409 silly ADD node_modules/@emotion/memoize
4410 silly ADD node_modules/@emotion/hash
4411 silly ADD node_modules/regenerator-runtime
4412 silly ADD node_modules/hoist-non-react-statics
4413 silly ADD node_modules/hoist-non-react-statics/node_modules/react-is
4414 silly ADD node_modules/@emotion/weak-memoize
4415 silly ADD node_modules/@emotion/utils
4416 silly ADD node_modules/@emotion/use-insertion-effect-with-fallbacks
4417 silly ADD node_modules/@emotion/serialize
4418 silly ADD node_modules/@emotion/cache
4419 silly ADD node_modules/@emotion/babel-plugin
4420 silly ADD node_modules/@emotion/babel-plugin/node_modules/convert-source-map
4421 silly ADD node_modules/@babel/runtime
4422 silly ADD node_modules/@babel/helper-string-parser
4423 silly ADD node_modules/@babel/plugin-syntax-jsx
4424 silly ADD node_modules/@babel/plugin-transform-react-pure-annotations
4425 silly ADD node_modules/@babel/plugin-transform-react-jsx-development
4426 silly ADD node_modules/@babel/plugin-transform-react-jsx
4427 silly ADD node_modules/@babel/plugin-transform-react-display-name
4428 silly ADD node_modules/esutils
4429 silly ADD node_modules/regenerator-transform
4430 silly ADD node_modules/globals
4431 silly ADD node_modules/@babel/helper-replace-supers
4432 silly ADD node_modules/@babel/helper-optimise-call-expression
4433 silly ADD node_modules/@babel/helper-member-expression-to-functions
4434 silly ADD node_modules/@babel/helper-create-class-features-plugin
4435 silly ADD node_modules/@babel/helper-wrap-function
4436 silly ADD node_modules/@babel/helper-remap-async-to-generator
4437 silly ADD node_modules/regexpu-core
4438 silly ADD node_modules/@babel/helper-annotate-as-pure
4439 silly ADD node_modules/@babel/helper-create-regexp-features-plugin
4440 silly ADD node_modules/@babel/helper-skip-transparent-expression-wrappers
4441 silly ADD node_modules/core-js-compat
4442 silly ADD node_modules/babel-plugin-polyfill-regenerator
4443 silly ADD node_modules/babel-plugin-polyfill-corejs3
4444 silly ADD node_modules/babel-plugin-polyfill-corejs2
4445 silly ADD node_modules/@babel/preset-modules
4446 silly ADD node_modules/@babel/plugin-transform-unicode-sets-regex
4447 silly ADD node_modules/@babel/plugin-transform-unicode-regex
4448 silly ADD node_modules/@babel/plugin-transform-unicode-property-regex
4449 silly ADD node_modules/@babel/plugin-transform-unicode-escapes
4450 silly ADD node_modules/@babel/plugin-transform-typeof-symbol
4451 silly ADD node_modules/@babel/plugin-transform-template-literals
4452 silly ADD node_modules/@babel/plugin-transform-sticky-regex
4453 silly ADD node_modules/@babel/plugin-transform-spread
4454 silly ADD node_modules/@babel/plugin-transform-shorthand-properties
4455 silly ADD node_modules/@babel/plugin-transform-reserved-words
4456 silly ADD node_modules/@babel/plugin-transform-regexp-modifiers
4457 silly ADD node_modules/@babel/plugin-transform-regenerator
4458 silly ADD node_modules/@babel/plugin-transform-property-literals
4459 silly ADD node_modules/@babel/plugin-transform-private-property-in-object
4460 silly ADD node_modules/@babel/plugin-transform-private-methods
4461 silly ADD node_modules/@babel/plugin-transform-parameters
4462 silly ADD node_modules/@babel/plugin-transform-optional-chaining
4463 silly ADD node_modules/@babel/plugin-transform-optional-catch-binding
4464 silly ADD node_modules/@babel/plugin-transform-object-super
4465 silly ADD node_modules/@babel/plugin-transform-object-rest-spread
4466 silly ADD node_modules/@babel/plugin-transform-numeric-separator
4467 silly ADD node_modules/@babel/plugin-transform-nullish-coalescing-operator
4468 silly ADD node_modules/@babel/plugin-transform-new-target
4469 silly ADD node_modules/@babel/plugin-transform-named-capturing-groups-regex
4470 silly ADD node_modules/@babel/plugin-transform-modules-umd
4471 silly ADD node_modules/@babel/plugin-transform-modules-systemjs
4472 silly ADD node_modules/@babel/plugin-transform-modules-commonjs
4473 silly ADD node_modules/@babel/plugin-transform-modules-amd
4474 silly ADD node_modules/@babel/plugin-transform-member-expression-literals
4475 silly ADD node_modules/@babel/plugin-transform-logical-assignment-operators
4476 silly ADD node_modules/@babel/plugin-transform-literals
4477 silly ADD node_modules/@babel/plugin-transform-json-strings
4478 silly ADD node_modules/@babel/plugin-transform-function-name
4479 silly ADD node_modules/@babel/plugin-transform-for-of
4480 silly ADD node_modules/@babel/plugin-transform-export-namespace-from
4481 silly ADD node_modules/@babel/plugin-transform-exponentiation-operator
4482 silly ADD node_modules/@babel/plugin-transform-dynamic-import
4483 silly ADD node_modules/@babel/plugin-transform-duplicate-named-capturing-groups-regex
4484 silly ADD node_modules/@babel/plugin-transform-duplicate-keys
4485 silly ADD node_modules/@babel/plugin-transform-dotall-regex
4486 silly ADD node_modules/@babel/plugin-transform-destructuring
4487 silly ADD node_modules/@babel/plugin-transform-computed-properties
4488 silly ADD node_modules/@babel/plugin-transform-classes
4489 silly ADD node_modules/@babel/plugin-transform-class-static-block
4490 silly ADD node_modules/@babel/plugin-transform-class-properties
4491 silly ADD node_modules/@babel/plugin-transform-block-scoping
4492 silly ADD node_modules/@babel/plugin-transform-block-scoped-functions
4493 silly ADD node_modules/@babel/plugin-transform-async-to-generator
4494 silly ADD node_modules/@babel/plugin-transform-async-generator-functions
4495 silly ADD node_modules/@babel/plugin-transform-arrow-functions
4496 silly ADD node_modules/@babel/plugin-syntax-unicode-sets-regex
4497 silly ADD node_modules/@babel/plugin-syntax-import-attributes
4498 silly ADD node_modules/@babel/plugin-syntax-import-assertions
4499 silly ADD node_modules/@babel/plugin-proposal-private-property-in-object
4500 silly ADD node_modules/@babel/plugin-bugfix-v8-static-class-fields-redefine-readonly
4501 silly ADD node_modules/@babel/plugin-bugfix-v8-spread-parameters-in-optional-chaining
4502 silly ADD node_modules/@babel/plugin-bugfix-safari-id-destructuring-collision-in-function-expression
4503 silly ADD node_modules/@babel/plugin-bugfix-safari-class-field-initializer-scope
4504 silly ADD node_modules/@babel/plugin-bugfix-firefox-class-in-computed-class-key
4505 silly ADD node_modules/@babel/helper-plugin-utils
4506 silly ADD node_modules/@babel/helper-module-imports
4507 silly ADD node_modules/lru-cache
4508 silly ADD node_modules/browserslist
4509 silly ADD node_modules/@babel/helper-validator-option
4510 silly ADD node_modules/@babel/compat-data
4511 silly ADD node_modules/jsesc
4512 silly ADD node_modules/picocolors
4513 silly ADD node_modules/js-tokens
4514 silly ADD node_modules/@babel/helper-validator-identifier
4515 silly ADD node_modules/@jridgewell/trace-mapping
4516 silly ADD node_modules/@jridgewell/gen-mapping
4517 silly ADD node_modules/semver
4518 silly ADD node_modules/json5
4519 silly ADD node_modules/gensync
4520 silly ADD node_modules/debug
4521 silly ADD node_modules/convert-source-map
4522 silly ADD node_modules/@babel/types
4523 silly ADD node_modules/@babel/traverse
4524 silly ADD node_modules/@babel/template
4525 silly ADD node_modules/@babel/parser
4526 silly ADD node_modules/@babel/helpers
4527 silly ADD node_modules/@babel/helper-module-transforms
4528 silly ADD node_modules/@babel/helper-compilation-targets
4529 silly ADD node_modules/@babel/generator
4530 silly ADD node_modules/@babel/code-frame
4531 silly ADD node_modules/@ampproject/remapping
4532 silly ADD node_modules/webpack-dev-server
4533 silly ADD node_modules/webpack-cli
4534 silly ADD node_modules/webpack-cli/node_modules/commander
4535 silly ADD node_modules/styled-components
4536 silly ADD node_modules/styled-components/node_modules/@emotion/memoize
4537 silly ADD node_modules/styled-components/node_modules/tslib
4538 silly ADD node_modules/styled-components/node_modules/stylis
4539 silly ADD node_modules/styled-components/node_modules/postcss
4540 silly ADD node_modules/styled-components/node_modules/@emotion/unitless
4541 silly ADD node_modules/styled-components/node_modules/@emotion/is-prop-valid
4542 silly ADD node_modules/style-loader
4543 silly ADD node_modules/react-router-dom
4544 silly ADD node_modules/html-webpack-plugin
4545 silly ADD node_modules/css-loader
4546 silly ADD node_modules/css-loader/node_modules/semver
4547 silly ADD node_modules/webpack
4548 silly ADD node_modules/babel-loader
4549 silly ADD node_modules/react-dom
4550 silly ADD node_modules/@mui/material
4551 silly ADD node_modules/@emotion/styled
4552 silly ADD node_modules/react
4553 silly ADD node_modules/@emotion/react
4554 silly ADD node_modules/@babel/preset-react
4555 silly ADD node_modules/@babel/preset-env
4556 silly ADD node_modules/@babel/core
4557 timing command:install Completed in 21606ms
4558 notice
4558 notice New [31mmajor[39m version of npm available! [31m10.2.5[39m -> [32m11.1.0[39m
4558 notice Changelog: [36mhttps://github.com/npm/cli/releases/tag/v11.1.0[39m
4558 notice Run [32mnpm install -g npm@11.1.0[39m to update!
4558 notice
4559 verbose exit 0
4560 timing npm Completed in 22197ms
4561 info ok
